{"content":[{"id":"36ffad8","settings":{"structure":"20","flex_gap":{"size":0,"column":"0","row":"0","unit":"px","isLinked":true},"padding":{"unit":"px","top":"15","right":"30","bottom":"15","left":"30","isLinked":false},"padding_tablet":{"unit":"px","top":"15","right":"30","bottom":"15","left":"30","isLinked":false},"padding_mobile":{"unit":"px","top":"15","right":"15","bottom":"15","left":"15","isLinked":true},"upk_mc_item_list":[],"section_parallax_elements":[],"ep_display_conditions":[],"ep_parallax_effects_transition_for":"all","ep_parallax_effects_transition_duration":"100","ep_parallax_effects_transition_easing":"linear","flex_direction":"row","flex_align_items":"stretch","_title":"Add"},"elements":[{"id":"7a970533","settings":{"image":{"id":"42382","url":"http:\/\/sohan-test-website-vxfgpk.flywp.xyz\/wp-content\/uploads\/2025\/09\/todaynews-01-01-01.svg"},"image_size":"full","align":"left","link_to":"custom","link":{"url":"#","is_external":"","nofollow":"","custom_attributes":""},"width":{"unit":"%","size":60,"sizes":[]},"ep_display_conditions":[],"ep_parallax_effects_transition_for":"all","ep_parallax_effects_transition_duration":"100","ep_parallax_effects_transition_easing":"linear","width_mobile":{"unit":"%","size":40,"sizes":[]}},"elements":[],"isInner":false,"widgetType":"image","elType":"widget"},{"id":"41089a99","settings":{"image":{"id":"42383","url":"http:\/\/sohan-test-website-vxfgpk.flywp.xyz\/wp-content\/uploads\/2025\/09\/1000.150-01-1.jpg"},"image_size":"full","align":"right","link_to":"custom","link":{"url":"#","is_external":"","nofollow":"","custom_attributes":""},"width":{"unit":"%","size":80,"sizes":[]},"_padding_mobile":{"unit":"px","top":"20","right":"0","bottom":"0","left":"0","isLinked":false},"ep_display_conditions":[],"ep_parallax_effects_transition_for":"all","ep_parallax_effects_transition_duration":"100","ep_parallax_effects_transition_easing":"linear","hide_mobile":"hidden-mobile"},"elements":[],"isInner":false,"widgetType":"image","elType":"widget"}],"isInner":false,"elType":"container"},{"id":"57ee5d97","settings":{"padding":{"unit":"px","top":"0","right":"30","bottom":"0","left":"30","isLinked":false},"padding_tablet":{"unit":"px","top":"0","right":"30","bottom":"0","left":"30","isLinked":false},"padding_mobile":{"unit":"px","top":"0","right":"15","bottom":"15","left":"15","isLinked":false},"upk_mc_item_list":[],"section_parallax_elements":[],"ep_display_conditions":[],"ep_parallax_effects_transition_for":"all","ep_parallax_effects_transition_duration":"100","ep_parallax_effects_transition_easing":"linear","flex_direction":"row","flex_align_items":"stretch","flex_gap":{"size":10,"column":"10","row":"10","unit":"px","isLinked":true},"background_background":"classic","hide_mobile":"hidden-mobile","_title":"Nav"},"elements":[{"id":"1119c44b","settings":{"_column_size":100,"width":{"size":null,"unit":"%"},"background_background":"classic","background_color":"#1B2228","padding":{"unit":"px","top":"10","right":"10","bottom":"10","left":"10","isLinked":true},"flex_justify_content":"space-between","ep_parallax_effects_transition_for":"all","ep_parallax_effects_transition_duration":"100","ep_parallax_effects_transition_easing":"linear","content_width":"full","flex_direction":"row","flex_align_items":"center","upk_mc_item_list":[],"section_parallax_elements":[],"ep_display_conditions":[]},"elements":[{"id":"d34ac3a","settings":{"editor":"<p><span style=\"color: #ffffff;\"><a style=\"color: #ffffff;\" href=\"#\">Home<\/a>\u00a0 \u00a0 \u00a0 <a style=\"color: #ffffff;\" href=\"#\">About<\/a> \u00a0 \u00a0 \u00a0<a style=\"color: #ffffff;\" href=\"#\">World<\/a> \u00a0 \u00a0 <a style=\"color: #ffffff;\" href=\"#\">Lifestyle<\/a> \u00a0 \u00a0 \u00a0<a style=\"color: #ffffff;\" href=\"#\">Business<\/a> \u00a0 \u00a0 <a style=\"color: #ffffff;\" href=\"#\">\u00a0Entertainment<\/a> \u00a0 \u00a0 \u00a0<a style=\"color: #ffffff;\" href=\"#\">Sports<\/a><\/span><\/p>","text_color":"#FFFFFF","typography_typography":"custom","typography_font_family":"Poppins","typography_font_weight":"400","_padding":{"unit":"px","top":"0","right":"0","bottom":"0","left":"0","isLinked":false},"ep_display_conditions":[],"ep_parallax_effects_transition_for":"all","ep_parallax_effects_transition_duration":"100","ep_parallax_effects_transition_easing":"linear","paragraph_spacing":{"unit":"px","size":0,"sizes":[]},"typography_font_size":{"unit":"px","size":16,"sizes":[]}},"elements":[],"isInner":false,"widgetType":"text-editor","elType":"widget"},{"id":"532c7437","settings":{"wp":{"title":"","style":"secondary"},"ep_display_conditions":[],"ep_parallax_effects_transition_for":"all","ep_parallax_effects_transition_duration":"100","ep_parallax_effects_transition_easing":"linear"},"elements":[],"isInner":false,"widgetType":"wp-widget-search","elType":"widget"}],"isInner":true,"elType":"container"}],"isInner":false,"elType":"container"},{"id":"121ad258","settings":{"padding":{"unit":"px","top":"30","right":"30","bottom":"50","left":"30","isLinked":false},"padding_tablet":{"unit":"px","top":"30","right":"30","bottom":"30","left":"30","isLinked":false},"padding_mobile":{"unit":"px","top":"15","right":"15","bottom":"50","left":"15","isLinked":false},"upk_mc_item_list":[],"section_parallax_elements":[],"ep_display_conditions":[],"ep_parallax_effects_transition_for":"all","ep_parallax_effects_transition_duration":"100","ep_parallax_effects_transition_easing":"linear","flex_direction":"column","flex_align_items":"stretch","flex_gap":{"size":10,"column":"10","row":"10","unit":"px","isLinked":true},"_title":"Hero"},"elements":[{"id":"57c640a5","settings":{"news_label":"LATEST NEWS","show_date":"yes","show_time":"yes","slider_animations":"scroll","ep_display_conditions":[],"ep_parallax_effects_transition_for":"all","ep_parallax_effects_transition_duration":"100","ep_parallax_effects_transition_easing":"linear"},"elements":[],"isInner":false,"widgetType":"upk-news-ticker","elType":"widget"},{"id":"1350dd0b","settings":{"grid_style":"3","column_gap":{"unit":"px","size":2,"sizes":[]},"primary_thumbnail_size":"full","posts_category_ids":["12","18","19","20"],"orderby":"rand","order":"asc","title_typography_typography":"custom","title_typography_font_family":"Poppins","title_typography_font_size":{"unit":"px","size":24,"sizes":[]},"secondary_title_typography_typography":"custom","secondary_title_typography_font_family":"Poppins","secondary_title_typography_font_size":{"unit":"px","size":18,"sizes":[]},"category_color":"#FFFFFF","category_background_background":"classic","category_background_color":"#FF495C","category_hover_background_background":"classic","category_hover_background_color":"#E0172C","title_typography_font_weight":"500","secondary_item_height_mobile":{"unit":"px","size":250,"sizes":[]},"title_typography_font_size_mobile":{"unit":"px","size":18,"sizes":[]},"posts_include_by":["terms"],"posts_include_term_ids":["11","19","12"],"upk_in_animation_transform_origin":"center top","meta_separator":"-","ep_display_conditions":[],"ep_parallax_effects_transition_for":"all","ep_parallax_effects_transition_duration":"100","ep_parallax_effects_transition_easing":"linear"},"elements":[],"isInner":false,"widgetType":"upk-hazel-grid","elType":"widget"}],"isInner":false,"elType":"container"},{"id":"69cef203","settings":{"structure":"20","padding":{"unit":"px","top":"0","right":"30","bottom":"60","left":"30","isLinked":false},"padding_tablet":{"unit":"px","top":"0","right":"30","bottom":"50","left":"30","isLinked":false},"padding_mobile":{"unit":"px","top":"0","right":"15","bottom":"50","left":"15","isLinked":false},"upk_mc_item_list":[],"section_parallax_elements":[],"ep_display_conditions":[],"ep_parallax_effects_transition_for":"all","ep_parallax_effects_transition_duration":"100","ep_parallax_effects_transition_easing":"linear","flex_direction":"row","flex_align_items":"stretch","flex_gap":{"size":10,"column":"10","row":"10","unit":"px","isLinked":true},"flex_direction_tablet":"column","_title":"Featured Post"},"elements":[{"id":"423537b3","settings":{"_column_size":50,"width":{"size":65,"unit":"%"},"padding":{"unit":"px","top":"0","right":"10","bottom":"0","left":"0","isLinked":false},"width_tablet":{"size":100,"unit":"%"},"width_mobile":{"size":100,"unit":"%"},"ep_parallax_effects_transition_for":"all","ep_parallax_effects_transition_duration":"100","ep_parallax_effects_transition_easing":"linear","content_width":"full","upk_mc_item_list":[],"section_parallax_elements":[],"ep_display_conditions":[]},"elements":[{"id":"176ddc22","settings":{"title":"Featured Stories","title_color":"#FF495C","typography_typography":"custom","typography_font_family":"Poppins","typography_font_size":{"unit":"px","size":20,"sizes":[]},"typography_font_weight":"500","_padding":{"unit":"px","top":"0","right":"0","bottom":"10","left":"0","isLinked":false},"_border_border":"solid","_border_width":{"unit":"px","top":"0","right":"0","bottom":"1","left":"0","isLinked":false},"_border_color":"#C9C9C9","ep_display_conditions":[],"ep_parallax_effects_transition_for":"all","ep_parallax_effects_transition_duration":"100","ep_parallax_effects_transition_easing":"linear"},"elements":[],"isInner":false,"widgetType":"heading","elType":"widget"},{"id":"6ef8607c","settings":{"grid_style":"2","column_gap":{"unit":"px","size":30,"sizes":[]},"primary_thumbnail_size":"full","posts_category_ids":["18"],"item_border_radius":{"unit":"px","top":"0","right":"0","bottom":"0","left":"0","isLinked":false},"item_image_border_radius":{"unit":"px","top":"0","right":"0","bottom":"0","left":"0","isLinked":false},"title_typography_typography":"custom","title_typography_font_family":"Poppins","title_typography_font_size":{"unit":"px","size":18,"sizes":[]},"secondary_title_typography_typography":"custom","secondary_title_typography_font_family":"Poppins","secondary_title_typography_font_size":{"unit":"px","size":14,"sizes":[]},"text_typography_typography":"custom","text_typography_font_family":"Open Sans","text_typography_font_size":{"unit":"px","size":14,"sizes":[]},"_padding":{"unit":"px","top":"0","right":"0","bottom":"20","left":"0","isLinked":false},"title_typography_font_weight":"500","secondary_title_typography_font_weight":"500","meta_color":"#E62A3F","meta_hover_color":"#000000","meta_typography_typography":"custom","meta_typography_font_family":"Poppins","meta_typography_font_size":{"unit":"px","size":13,"sizes":[]},"meta_typography_font_weight":"500","secondary_image_width_mobile":{"unit":"px","size":100,"sizes":[]},"meta_typography_font_size_mobile":{"unit":"px","size":12,"sizes":[]},"meta_typography_font_size_tablet":{"unit":"px","size":13,"sizes":[]},"item_limit_2":{"unit":"px","size":4,"sizes":[]},"posts_include_by":["terms"],"posts_include_term_ids":["11","19"],"upk_in_animation_transform_origin":"center top","meta_separator":"-","ep_display_conditions":[],"ep_parallax_effects_transition_for":"all","ep_parallax_effects_transition_duration":"100","ep_parallax_effects_transition_easing":"linear"},"elements":[],"isInner":false,"widgetType":"upk-maple-grid","elType":"widget"},{"id":"68506f14","settings":{"upk_mc_item_list":[],"section_parallax_elements":[],"ep_display_conditions":[],"ep_parallax_effects_transition_for":"all","ep_parallax_effects_transition_duration":"100","ep_parallax_effects_transition_easing":"linear","flex_direction":"row","flex_align_items":"stretch","flex_gap":{"size":10,"column":"10","row":"10","unit":"px","isLinked":true},"content_width":"full"},"elements":[{"id":"25e5d9c3","settings":{"_column_size":100,"width":{"size":null,"unit":"%"},"border_border":"solid","border_width":{"unit":"px","top":"1","right":"1","bottom":"1","left":"1","isLinked":true},"border_color":"#A7A7A72E","padding":{"unit":"px","top":"20","right":"15","bottom":"20","left":"15","isLinked":false},"padding_tablet":{"unit":"px","top":"30","right":"30","bottom":"30","left":"30","isLinked":true},"padding_mobile":{"unit":"px","top":"15","right":"15","bottom":"15","left":"15","isLinked":true},"ep_parallax_effects_transition_for":"all","ep_parallax_effects_transition_duration":"100","ep_parallax_effects_transition_easing":"linear","content_width":"full","upk_mc_item_list":[],"section_parallax_elements":[],"ep_display_conditions":[]},"elements":[{"id":"4e33756f","settings":{"title":"Trending Stories","title_color":"#0ACF83","typography_typography":"custom","typography_font_family":"Poppins","typography_font_size":{"unit":"px","size":20,"sizes":[]},"typography_font_weight":"500","_padding":{"unit":"px","top":"0","right":"0","bottom":"10","left":"0","isLinked":false},"_border_border":"solid","_border_width":{"unit":"px","top":"0","right":"0","bottom":"1","left":"0","isLinked":false},"_border_color":"#C9C9C999","ep_display_conditions":[],"ep_parallax_effects_transition_for":"all","ep_parallax_effects_transition_duration":"100","ep_parallax_effects_transition_easing":"linear"},"elements":[],"isInner":false,"widgetType":"heading","elType":"widget"},{"id":"4c5bb9a9","settings":{"primary_thumbnail_size":"full","posts_category_ids":["20"],"show_excerpt":"","show_author_avatar":"","show_author_name":"","arrows_position":"top-right","nav_arrows_icon":"7","item_image_border_radius":{"unit":"px","top":"0","right":"0","bottom":"0","left":"0","isLinked":false},"item_shadow_padding":{"unit":"px","size":0,"sizes":[]},"title_typography_typography":"custom","title_typography_font_family":"Poppins","title_typography_font_size":{"unit":"px","size":18,"sizes":[]},"nav_arrows_border_border":"solid","nav_arrows_border_width":{"unit":"px","top":"1","right":"1","bottom":"1","left":"1","isLinked":true},"arrows_padding":{"unit":"px","top":"6","right":"10","bottom":"6","left":"10","isLinked":false},"arrows_size":{"unit":"px","size":18,"sizes":[]},"arrows_space":{"unit":"px","size":5,"sizes":[]},"show_post_format":"","title_typography_font_weight":"500","meta_typography_typography":"custom","meta_typography_font_family":"Poppins","meta_typography_font_size":{"unit":"px","size":11,"sizes":[]},"meta_typography_font_weight":"500","arrows_color":"#3DDC97","nav_arrows_border_color":"#3DDC97","arrows_hover_color":"#FFFFFF","arrows_hover_background":"#3DDC97","nav_arrows_hover_border_color":"#3DDC97","arrows_ncy_position":{"unit":"px","size":-65,"sizes":[]},"_padding_mobile":{"unit":"px","top":"0","right":"0","bottom":"0","left":"0","isLinked":false},"hide_arrow_on_mobile":"","arrows_padding_mobile":{"unit":"px","top":"4","right":"4","bottom":"4","left":"4","isLinked":true},"arrows_ncy_position_tablet":{"unit":"px","size":"","sizes":[]},"arrows_ncy_position_mobile":{"unit":"px","size":-50,"sizes":[]},"meta_color":"#6A6A6A","meta_typography_font_size_tablet":{"unit":"px","size":13,"sizes":[]},"posts_include_by":["terms"],"posts_include_term_ids":["19"],"meta_hover_color":"#3DDC97","meta_typography_text_transform":"uppercase","category_background_background":"classic","category_background_color":"#0DC877","category_border_radius":{"unit":"px","top":"0","right":"0","bottom":"0","left":"0","isLinked":false},"category_hover_background_background":"classic","category_hover_background_color":"#009856","meta_separator":"-","ep_display_conditions":[],"ep_parallax_effects_transition_for":"all","ep_parallax_effects_transition_duration":"100","ep_parallax_effects_transition_easing":"linear"},"elements":[],"isInner":false,"widgetType":"upk-maple-carousel","elType":"widget"}],"isInner":true,"elType":"container"}],"isInner":true,"elType":"container"},{"id":"313430d8","settings":{"title":"Featured Stories","title_color":"#A259FF","typography_typography":"custom","typography_font_family":"Montserrat","typography_font_size":{"unit":"px","size":20,"sizes":[]},"typography_font_weight":"600","_padding":{"unit":"px","top":"50","right":"0","bottom":"10","left":"0","isLinked":false},"_border_border":"solid","_border_width":{"unit":"px","top":"0","right":"0","bottom":"1","left":"0","isLinked":false},"_border_color":"#C9C9C9","_padding_tablet":{"unit":"px","top":"30","right":"0","bottom":"10","left":"0","isLinked":false},"_padding_mobile":{"unit":"px","top":"20","right":"0","bottom":"10","left":"0","isLinked":false},"ep_display_conditions":[],"ep_parallax_effects_transition_for":"all","ep_parallax_effects_transition_duration":"100","ep_parallax_effects_transition_easing":"linear"},"elements":[],"isInner":false,"widgetType":"heading","elType":"widget"},{"id":"6e9df27b","settings":{"column_gap":{"unit":"px","size":30,"sizes":[]},"primary_thumbnail_size":"full","posts_category_ids":["20"],"item_border_radius":{"unit":"px","top":"0","right":"0","bottom":"0","left":"0","isLinked":false},"item_image_border_radius":{"unit":"px","top":"0","right":"0","bottom":"0","left":"0","isLinked":false},"title_hover_color":"#FF495C","title_typography_typography":"custom","title_typography_font_family":"Poppins","title_typography_font_size":{"unit":"px","size":20,"sizes":[]},"secondary_title_typography_typography":"custom","secondary_title_typography_font_family":"Poppins","secondary_title_typography_font_size":{"unit":"px","size":15,"sizes":[]},"text_typography_typography":"custom","text_typography_font_family":"Open Sans","text_typography_font_size":{"unit":"px","size":15,"sizes":[]},"meta_color":"#FF495C","category_background_background":"classic","category_background_color":"#FF495C","post_format_background_background":"classic","post_format_background_color":"#FF495C","_padding":{"unit":"px","top":"0","right":"0","bottom":"0","left":"0","isLinked":false},"secondary_image_width_mobile":{"unit":"px","size":100,"sizes":[]},"item_image_border_radius_mobile":{"unit":"px","top":"0","right":"0","bottom":"0","left":"0","isLinked":false},"meta_typography_typography":"custom","meta_typography_font_family":"Poppins","meta_typography_font_size_mobile":{"unit":"px","size":12,"sizes":[]},"meta_typography_font_size_tablet":{"unit":"px","size":13,"sizes":[]},"meta_typography_font_size":{"unit":"px","size":11,"sizes":[]},"item_limit":{"unit":"px","size":8,"sizes":[]},"posts_include_by":["terms"],"posts_include_term_ids":["11","19","17"],"upk_in_animation_transform_origin":"center top","meta_separator":"-","ep_display_conditions":[],"ep_parallax_effects_transition_for":"all","ep_parallax_effects_transition_duration":"100","ep_parallax_effects_transition_easing":"linear"},"elements":[],"isInner":false,"widgetType":"upk-maple-grid","elType":"widget"}],"isInner":true,"elType":"container"},{"id":"1746bc15","settings":{"_column_size":50,"width":{"size":35,"unit":"%"},"padding":{"unit":"px","top":"0","right":"0","bottom":"0","left":"30","isLinked":false},"width_tablet":{"size":100,"unit":"%"},"padding_tablet":{"unit":"px","top":"50","right":"0","bottom":"0","left":"0","isLinked":false},"padding_mobile":{"unit":"px","top":"30","right":"0","bottom":"0","left":"0","isLinked":false},"ep_parallax_effects_transition_for":"all","ep_parallax_effects_transition_duration":"100","ep_parallax_effects_transition_easing":"linear","content_width":"full","upk_mc_item_list":[],"section_parallax_elements":[],"ep_display_conditions":[]},"elements":[{"id":"7d9528ec","settings":{"title":"Follow Us","title_color":"#4E4E4E","typography_typography":"custom","typography_font_family":"Poppins","typography_font_size":{"unit":"px","size":20,"sizes":[]},"typography_font_weight":"500","_padding":{"unit":"px","top":"0","right":"0","bottom":"10","left":"0","isLinked":false},"_border_border":"solid","_border_width":{"unit":"px","top":"0","right":"0","bottom":"1","left":"0","isLinked":false},"_border_color":"#C9C9C9","ep_display_conditions":[],"ep_parallax_effects_transition_for":"all","ep_parallax_effects_transition_duration":"100","ep_parallax_effects_transition_easing":"linear"},"elements":[],"isInner":false,"widgetType":"heading","elType":"widget"},{"id":"77e6e103","settings":{"share_buttons":[{"_id":"7e9ef3f"},{"button":"linkedin","_id":"ed89ac3"},{"button":"twitter","_id":"f11494c"},{"button":"pinterest","_id":"c5b055b"}],"columns":"2","column_gap":{"unit":"px","size":0,"sizes":[]},"inline_column_gap":{"unit":"px","size":0,"sizes":[]},"row_gap":{"unit":"px","size":0,"sizes":[]},"ss_horizontal_offset":{"unit":"px","size":"","sizes":[]},"ss_vertical_offset":{"unit":"px","size":"","sizes":[]},"style":"gradient","layout_style":"grid","button_size":{"unit":"px","size":1.6,"sizes":[]},"icon_size":{"unit":"em","size":1,"sizes":[]},"typography_typography":"custom","typography_font_size":{"unit":"px","size":15,"sizes":[]},"ep_display_conditions":[],"ep_parallax_effects_transition_for":"all","ep_parallax_effects_transition_duration":"100","ep_parallax_effects_transition_easing":"linear"},"elements":[],"isInner":false,"widgetType":"upk-social-share","elType":"widget"},{"id":"2b5aa104","settings":{"image":{"id":"42384","url":"http:\/\/sohan-test-website-vxfgpk.flywp.xyz\/wp-content\/uploads\/2025\/09\/athlete-rowing-kayak-.jpg"},"image_size":"full","align":"center","link_to":"custom","link":{"url":"#","is_external":"","nofollow":"","custom_attributes":""},"_padding":{"unit":"px","top":"30","right":"0","bottom":"0","left":"0","isLinked":false},"ep_display_conditions":[],"ep_parallax_effects_transition_for":"all","ep_parallax_effects_transition_duration":"100","ep_parallax_effects_transition_easing":"linear"},"elements":[],"isInner":false,"widgetType":"image","elType":"widget"},{"id":"173a21c3","settings":{"columns":"1","primary_thumbnail_size":"full","item_limit":{"unit":"px","size":16,"sizes":[]},"posts_category_ids":["19"],"show_author":"","show_category":"","content_padding":{"unit":"px","top":"0","right":"20","bottom":"0","left":"20","isLinked":false},"item_border_radius":{"unit":"px","top":"0","right":"0","bottom":"0","left":"0","isLinked":false},"item_padding":{"unit":"px","top":"0","right":"0","bottom":"0","left":"0","isLinked":false},"item_image_border_radius":{"unit":"px","top":"0","right":"0","bottom":"0","left":"0","isLinked":false},"title_typography_typography":"custom","title_typography_font_family":"Poppins","title_typography_font_size":{"unit":"px","size":14,"sizes":[]},"meta_typography_typography":"custom","meta_typography_font_family":"Poppins","meta_typography_font_size":{"unit":"px","size":10,"sizes":[]},"meta_color":"#FF0000D6","meta_typography_font_size_tablet":{"unit":"px","size":13,"sizes":[]},"meta_spacing":{"unit":"px","size":0,"sizes":[]},"posts_include_by":["terms"],"posts_include_term_ids":["19","17","11","18"],"upk_in_animation_transform_origin":"center top","meta_separator":".","ep_display_conditions":[],"ep_parallax_effects_transition_for":"all","ep_parallax_effects_transition_duration":"100","ep_parallax_effects_transition_easing":"linear"},"elements":[],"isInner":false,"widgetType":"upk-harold-list","elType":"widget"}],"isInner":true,"elType":"container"}],"isInner":false,"elType":"container"},{"id":"4d02f97d","settings":{"background_background":"classic","background_color":"#232A30","padding":{"unit":"px","top":"30","right":"30","bottom":"30","left":"30","isLinked":true},"padding_tablet":{"unit":"px","top":"50","right":"30","bottom":"50","left":"30","isLinked":false},"padding_mobile":{"unit":"px","top":"50","right":"15","bottom":"50","left":"15","isLinked":false},"upk_mc_item_list":[],"section_parallax_elements":[],"ep_display_conditions":[],"ep_parallax_effects_transition_for":"all","ep_parallax_effects_transition_duration":"100","ep_parallax_effects_transition_easing":"linear","flex_align_items":"stretch","flex_gap":{"size":10,"column":"10","row":"10","unit":"px","isLinked":true},"_title":"Premium content"},"elements":[{"id":"68116659","settings":{"title":"Premium Content","title_color":"#FFFFFF","typography_typography":"custom","typography_font_family":"Poppins","typography_font_size":{"unit":"px","size":20,"sizes":[]},"typography_font_weight":"500","_padding":{"unit":"px","top":"0","right":"0","bottom":"10","left":"0","isLinked":false},"_border_border":"solid","_border_width":{"unit":"px","top":"0","right":"0","bottom":"1","left":"0","isLinked":false},"_border_color":"#DDDDDD36","ep_display_conditions":[],"ep_parallax_effects_transition_for":"all","ep_parallax_effects_transition_duration":"100","ep_parallax_effects_transition_easing":"linear"},"elements":[],"isInner":false,"widgetType":"heading","elType":"widget"},{"id":"73b35f78","settings":{"columns":"4","primary_thumbnail_size":"full","posts_category_ids":["19"],"show_excerpt":"","show_author_avatar":"","show_author_name":"","nav_arrows_icon":"7","item_image_border_radius":{"unit":"px","top":"0","right":"0","bottom":"0","left":"0","isLinked":false},"title_color":"#FFFFFF","title_hover_color":"#FF495C","title_typography_typography":"custom","title_typography_font_family":"Poppins","title_typography_font_size":{"unit":"px","size":18,"sizes":[]},"title_typography_font_weight":"500","meta_color":"#EFEFEF","meta_hover_color":"#FFFFFF","category_background_background":"classic","category_background_color":"#FF495C","post_format_background_background":"classic","post_format_background_color":"#3DDC97","arrows_color":"#FFFFFF","show_post_format":"","title_typography_font_size_tablet":{"unit":"px","size":20,"sizes":[]},"meta_typography_typography":"custom","meta_typography_font_family":"Poppins","meta_typography_font_size_tablet":{"unit":"px","size":13,"sizes":[]},"posts_include_by":["terms"],"posts_include_term_ids":["92"],"meta_separator":"-","ep_display_conditions":[],"ep_parallax_effects_transition_for":"all","ep_parallax_effects_transition_duration":"100","ep_parallax_effects_transition_easing":"linear"},"elements":[],"isInner":false,"widgetType":"upk-maple-carousel","elType":"widget"}],"isInner":false,"elType":"container"},{"id":"487ea9cb","settings":{"structure":"20","padding":{"unit":"px","top":"50","right":"30","bottom":"50","left":"30","isLinked":false},"padding_tablet":{"unit":"px","top":"50","right":"30","bottom":"50","left":"30","isLinked":false},"padding_mobile":{"unit":"px","top":"50","right":"15","bottom":"50","left":"15","isLinked":false},"upk_mc_item_list":[],"section_parallax_elements":[],"ep_display_conditions":[],"ep_parallax_effects_transition_for":"all","ep_parallax_effects_transition_duration":"100","ep_parallax_effects_transition_easing":"linear","flex_direction":"row","flex_align_items":"stretch","flex_gap":{"size":10,"column":"10","row":"10","unit":"px","isLinked":true},"flex_direction_tablet":"column","_title":"Latest Post"},"elements":[{"id":"7ef82660","settings":{"_column_size":50,"width":{"size":65,"unit":"%"},"padding":{"unit":"px","top":"0","right":"10","bottom":"0","left":"0","isLinked":false},"padding_tablet":{"unit":"px","top":"0","right":"0","bottom":"0","left":"0","isLinked":false},"width_tablet":{"size":100,"unit":"%"},"ep_parallax_effects_transition_for":"all","ep_parallax_effects_transition_duration":"100","ep_parallax_effects_transition_easing":"linear","content_width":"full","upk_mc_item_list":[],"section_parallax_elements":[],"ep_display_conditions":[]},"elements":[{"id":"35d43a1e","settings":{"title":"Latest Post","title_color":"#FF495C","typography_typography":"custom","typography_font_family":"Poppins","typography_font_size":{"unit":"px","size":20,"sizes":[]},"typography_font_weight":"500","_padding":{"unit":"px","top":"0","right":"0","bottom":"10","left":"0","isLinked":false},"_border_border":"solid","_border_width":{"unit":"px","top":"0","right":"0","bottom":"1","left":"0","isLinked":false},"_border_color":"#C9C9C9","ep_display_conditions":[],"ep_parallax_effects_transition_for":"all","ep_parallax_effects_transition_duration":"100","ep_parallax_effects_transition_easing":"linear"},"elements":[],"isInner":false,"widgetType":"heading","elType":"widget"},{"id":"22586958","settings":{"grid_style":"5","column_gap":{"unit":"px","size":30,"sizes":[]},"primary_thumbnail_size":"full","posts_category_ids":["19"],"item_border_radius":{"unit":"px","top":"0","right":"0","bottom":"0","left":"0","isLinked":false},"item_image_border_radius":{"unit":"px","top":"0","right":"0","bottom":"0","left":"0","isLinked":false},"title_typography_typography":"custom","title_typography_font_family":"Poppins","title_typography_font_size":{"unit":"px","size":18,"sizes":[]},"secondary_title_typography_typography":"custom","secondary_title_typography_font_family":"Poppins","secondary_title_typography_font_size":{"unit":"px","size":14,"sizes":[]},"text_typography_typography":"custom","text_typography_font_family":"Open Sans","text_typography_font_size":{"unit":"px","size":14,"sizes":[]},"_padding":{"unit":"px","top":"0","right":"0","bottom":"0","left":"0","isLinked":false},"title_typography_font_size_tablet":{"unit":"px","size":15,"sizes":[]},"title_typography_font_weight":"500","secondary_title_typography_font_size_tablet":{"unit":"px","size":12,"sizes":[]},"secondary_title_typography_font_weight":"500","text_typography_font_size_tablet":{"unit":"px","size":10,"sizes":[]},"meta_color":"#E62A3F","meta_hover_color":"#000000","meta_typography_typography":"custom","meta_typography_font_family":"Poppins","meta_typography_font_size":{"unit":"px","size":11,"sizes":[]},"meta_typography_font_size_tablet":{"unit":"px","size":13,"sizes":[]},"meta_typography_font_weight":"500","posts_include_by":["terms"],"posts_include_term_ids":["17"],"upk_in_animation_transform_origin":"center top","meta_separator":"-","ep_display_conditions":[],"ep_parallax_effects_transition_for":"all","ep_parallax_effects_transition_duration":"100","ep_parallax_effects_transition_easing":"linear"},"elements":[],"isInner":false,"widgetType":"upk-maple-grid","elType":"widget"},{"id":"54cf1468","settings":{"share_buttons":[{"_id":"7e9ef3f"},{"button":"linkedin","_id":"ed89ac3"},{"button":"twitter","_id":"f11494c"},{"button":"pinterest","_id":"c5b055b"}],"columns":"5","column_gap":{"unit":"px","size":20,"sizes":[]},"inline_column_gap":{"unit":"px","size":0,"sizes":[]},"row_gap":{"unit":"px","size":0,"sizes":[]},"layout_position":"center-left","ss_horizontal_offset":{"unit":"px","size":"","sizes":[]},"ss_vertical_offset":{"unit":"px","size":"","sizes":[]},"style":"gradient","ep_display_conditions":[],"ep_parallax_effects_transition_for":"all","ep_parallax_effects_transition_duration":"100","ep_parallax_effects_transition_easing":"linear"},"elements":[],"isInner":false,"widgetType":"upk-social-share","elType":"widget"}],"isInner":true,"elType":"container"},{"id":"1e1f23bf","settings":{"_column_size":50,"width":{"size":35,"unit":"%"},"padding":{"unit":"px","top":"0","right":"0","bottom":"0","left":"30","isLinked":false},"padding_tablet":{"unit":"px","top":"30","right":"0","bottom":"0","left":"0","isLinked":false},"width_tablet":{"size":60,"unit":"%"},"padding_mobile":{"unit":"px","top":"30","right":"0","bottom":"0","left":"0","isLinked":false},"ep_parallax_effects_transition_for":"all","ep_parallax_effects_transition_duration":"100","ep_parallax_effects_transition_easing":"linear","content_width":"full","upk_mc_item_list":[],"section_parallax_elements":[],"ep_display_conditions":[]},"elements":[{"id":"4648d070","settings":{"title":"Popular Post","title_color":"#4E4E4E","typography_typography":"custom","typography_font_family":"Poppins","typography_font_size":{"unit":"px","size":20,"sizes":[]},"typography_font_weight":"500","_padding":{"unit":"px","top":"0","right":"0","bottom":"10","left":"0","isLinked":false},"_border_border":"solid","_border_width":{"unit":"px","top":"0","right":"0","bottom":"1","left":"0","isLinked":false},"_border_color":"#C9C9C9","ep_display_conditions":[],"ep_parallax_effects_transition_for":"all","ep_parallax_effects_transition_duration":"100","ep_parallax_effects_transition_easing":"linear"},"elements":[],"isInner":false,"widgetType":"heading","elType":"widget"},{"id":"1d68c444","settings":{"image":{"id":"42385","url":"http:\/\/sohan-test-website-vxfgpk.flywp.xyz\/wp-content\/uploads\/2025\/09\/asian-noodles-with-cheese-tofu-.jpg"},"image_size":"full","align":"center","link_to":"custom","link":{"url":"#","is_external":"","nofollow":"","custom_attributes":""},"ep_display_conditions":[],"ep_parallax_effects_transition_for":"all","ep_parallax_effects_transition_duration":"100","ep_parallax_effects_transition_easing":"linear"},"elements":[],"isInner":false,"widgetType":"image","elType":"widget"},{"id":"5927ae9a","settings":{"columns":"1","primary_thumbnail_size":"full","item_limit":{"unit":"px","size":4,"sizes":[]},"posts_category_ids":["20"],"show_author":"","show_category":"","content_padding":{"unit":"px","top":"0","right":"20","bottom":"0","left":"20","isLinked":false},"item_border_radius":{"unit":"px","top":"0","right":"0","bottom":"0","left":"0","isLinked":false},"item_padding":{"unit":"px","top":"0","right":"0","bottom":"0","left":"0","isLinked":false},"item_image_border_radius":{"unit":"px","top":"0","right":"0","bottom":"0","left":"0","isLinked":false},"title_typography_typography":"custom","title_typography_font_family":"Poppins","title_typography_font_size":{"unit":"px","size":14,"sizes":[]},"meta_typography_typography":"custom","meta_typography_font_family":"Poppins","meta_typography_font_size":{"unit":"px","size":11,"sizes":[]},"meta_typography_font_size_tablet":{"unit":"px","size":13,"sizes":[]},"meta_color":"#E62A3F","meta_spacing":{"unit":"px","size":0,"sizes":[]},"posts_include_by":["terms"],"posts_include_term_ids":["20"],"upk_in_animation_transform_origin":"center top","meta_separator":".","ep_display_conditions":[],"ep_parallax_effects_transition_for":"all","ep_parallax_effects_transition_duration":"100","ep_parallax_effects_transition_easing":"linear"},"elements":[],"isInner":false,"widgetType":"upk-harold-list","elType":"widget"}],"isInner":true,"elType":"container"}],"isInner":false,"elType":"container"},{"id":"2ff71e66","settings":{"structure":"40","background_background":"classic","background_color":"#0D1317","padding":{"unit":"px","top":"100","right":"30","bottom":"100","left":"30","isLinked":false},"padding_tablet":{"unit":"px","top":"50","right":"30","bottom":"50","left":"30","isLinked":false},"padding_mobile":{"unit":"px","top":"50","right":"15","bottom":"0","left":"15","isLinked":false},"upk_mc_item_list":[],"section_parallax_elements":[],"ep_display_conditions":[],"ep_parallax_effects_transition_for":"all","ep_parallax_effects_transition_duration":"100","ep_parallax_effects_transition_easing":"linear","flex_direction":"row","flex_align_items":"stretch","flex_gap":{"size":10,"column":"10","row":"10","unit":"px","isLinked":true},"flex_direction_tablet":"row","flex_wrap_tablet":"wrap","_title":"Footer"},"elements":[{"id":"749a8087","settings":{"_column_size":25,"width":{"size":null,"unit":"%"},"width_tablet":{"size":48,"unit":"%"},"ep_parallax_effects_transition_for":"all","ep_parallax_effects_transition_duration":"100","ep_parallax_effects_transition_easing":"linear","content_width":"full","upk_mc_item_list":[],"section_parallax_elements":[],"ep_display_conditions":[]},"elements":[{"id":"cbe4065","settings":{"image":{"id":"42386","url":"http:\/\/sohan-test-website-vxfgpk.flywp.xyz\/wp-content\/uploads\/2025\/09\/todaynews-01-01-01-1.svg"},"image_size":"full","align":"left","link_to":"custom","link":{"url":"#","is_external":"","nofollow":"","custom_attributes":""},"width":{"unit":"%","size":60,"sizes":[]},"ep_display_conditions":[],"ep_parallax_effects_transition_for":"all","ep_parallax_effects_transition_duration":"100","ep_parallax_effects_transition_easing":"linear","width_mobile":{"unit":"%","size":37,"sizes":[]}},"elements":[],"isInner":false,"widgetType":"image","elType":"widget"},{"id":"3ae25b00","settings":{"text_color":"#9B9B9B","typography_typography":"custom","typography_font_family":"Poppins","typography_font_size":{"unit":"px","size":14,"sizes":[]},"typography_font_weight":"400","ep_display_conditions":[],"ep_parallax_effects_transition_for":"all","ep_parallax_effects_transition_duration":"100","ep_parallax_effects_transition_easing":"linear","editor":"<p>Stay informed with Today News, your trusted source for breaking stories, trending topics, and in-depth coverage from around the world. We bring you the facts that matter, every day.<\/p>","typography_line_height":{"unit":"em","size":1.5,"sizes":[]}},"elements":[],"isInner":false,"widgetType":"text-editor","elType":"widget"}],"isInner":true,"elType":"container"},{"id":"3065aad","settings":{"_column_size":25,"width":{"size":null,"unit":"%"},"width_tablet":{"size":50,"unit":"%"},"ep_parallax_effects_transition_for":"all","ep_parallax_effects_transition_duration":"100","ep_parallax_effects_transition_easing":"linear","content_width":"full","upk_mc_item_list":[],"section_parallax_elements":[],"ep_display_conditions":[]},"elements":[{"id":"5ce24eed","settings":{"title":"Categories","title_color":"#FFFFFF","typography_typography":"custom","typography_font_family":"Poppins","typography_font_size":{"unit":"px","size":20,"sizes":[]},"typography_font_weight":"500","_padding":{"unit":"px","top":"0","right":"0","bottom":"10","left":"0","isLinked":false},"_border_width":{"unit":"px","top":"0","right":"0","bottom":"1","left":"0","isLinked":false},"_border_color":"#DDDDDD9C","ep_display_conditions":[],"ep_parallax_effects_transition_for":"all","ep_parallax_effects_transition_duration":"100","ep_parallax_effects_transition_easing":"linear"},"elements":[],"isInner":false,"widgetType":"heading","elType":"widget"},{"id":"57021f00","settings":{"columns":"1","item_height":{"unit":"px","size":0,"sizes":[]},"show_count":"","item_limit":{"unit":"px","size":4,"sizes":[]},"single_background":"yes","item_background_background":"classic","item_background_color":"#02010100","item_padding":{"unit":"px","top":"10","right":"0","bottom":"0","left":"0","isLinked":false},"category_name_color":"#A5A5A5","category_name_color_hover":"#FFFFFF","category_name_typography_typography":"custom","category_name_typography_font_family":"Poppins","category_name_typography_font_size":{"unit":"px","size":15,"sizes":[]},"category_name_typography_font_weight":"400","columns_tablet":"1","ep_display_conditions":[],"ep_parallax_effects_transition_for":"all","ep_parallax_effects_transition_duration":"100","ep_parallax_effects_transition_easing":"linear","column_gap":{"unit":"px","size":10,"sizes":[]}},"elements":[],"isInner":false,"widgetType":"upk-post-category","elType":"widget"}],"isInner":true,"elType":"container"},{"id":"69719774","settings":{"_column_size":25,"width":{"size":null,"unit":"%"},"width_tablet":{"size":47,"unit":"%"},"ep_parallax_effects_transition_for":"all","ep_parallax_effects_transition_duration":"100","ep_parallax_effects_transition_easing":"linear","content_width":"full","upk_mc_item_list":[],"section_parallax_elements":[],"ep_display_conditions":[]},"elements":[{"id":"6c60b80c","settings":{"title":"Browse By Tag","title_color":"#FFFFFF","typography_typography":"custom","typography_font_family":"Poppins","typography_font_size":{"unit":"px","size":20,"sizes":[]},"typography_font_weight":"500","_padding":{"unit":"px","top":"0","right":"0","bottom":"10","left":"0","isLinked":false},"_border_width":{"unit":"px","top":"0","right":"0","bottom":"1","left":"0","isLinked":false},"_border_color":"#DDDDDD9C","ep_display_conditions":[],"ep_parallax_effects_transition_for":"all","ep_parallax_effects_transition_duration":"100","ep_parallax_effects_transition_easing":"linear"},"elements":[],"isInner":false,"widgetType":"heading","elType":"widget"},{"id":"b00bfb9","settings":{"item_gap":{"unit":"px","size":6,"sizes":[]},"show_count":"","item_limit":{"unit":"px","size":9,"sizes":[]},"single_background":"yes","item_background_background":"classic","item_background_color":"#31363A","item_padding":{"unit":"px","top":"6","right":"10","bottom":"6","left":"10","isLinked":false},"itam_background_hover_background":"classic","itam_background_hover_color":"#FF495C","category_name_typography_typography":"custom","category_name_typography_font_size":{"unit":"px","size":12,"sizes":[]},"ep_display_conditions":[],"ep_parallax_effects_transition_for":"all","ep_parallax_effects_transition_duration":"100","ep_parallax_effects_transition_easing":"linear"},"elements":[],"isInner":false,"widgetType":"upk-tag-cloud","elType":"widget"}],"isInner":true,"elType":"container"},{"id":"8b0c787","settings":{"_column_size":25,"width":{"size":null,"unit":"%"},"width_tablet":{"size":50,"unit":"%"},"ep_parallax_effects_transition_for":"all","ep_parallax_effects_transition_duration":"100","ep_parallax_effects_transition_easing":"linear","content_width":"full","upk_mc_item_list":[],"section_parallax_elements":[],"ep_display_conditions":[]},"elements":[{"id":"3bcbb669","settings":{"title":"About","title_color":"#FFFFFF","typography_typography":"custom","typography_font_family":"Poppins","typography_font_size":{"unit":"px","size":20,"sizes":[]},"typography_font_weight":"500","_padding":{"unit":"px","top":"0","right":"0","bottom":"10","left":"0","isLinked":false},"_border_width":{"unit":"px","top":"0","right":"0","bottom":"1","left":"0","isLinked":false},"_border_color":"#DDDDDD9C","ep_display_conditions":[],"ep_parallax_effects_transition_for":"all","ep_parallax_effects_transition_duration":"100","ep_parallax_effects_transition_easing":"linear"},"elements":[],"isInner":false,"widgetType":"heading","elType":"widget"},{"id":"73284df2","settings":{"editor":"<p data-start=\"471\" data-end=\"670\">Today News is dedicated to delivering accurate, timely, and engaging news. From politics and business to sports, technology, and lifestyle, we keep you connected to what\u2019s happening around you.<\/p><p>\u00a0<\/p>","text_color":"#9B9B9B","typography_typography":"custom","typography_font_family":"Poppins","typography_font_size":{"unit":"px","size":14,"sizes":[]},"typography_font_weight":"400","ep_display_conditions":[],"ep_parallax_effects_transition_for":"all","ep_parallax_effects_transition_duration":"100","ep_parallax_effects_transition_easing":"linear","typography_line_height":{"unit":"em","size":1.5,"sizes":[]}},"elements":[],"isInner":false,"widgetType":"text-editor","elType":"widget"}],"isInner":true,"elType":"container"}],"isInner":false,"elType":"container"}],"settings":{"template":"elementor_canvas"},"metadata":[]}