{"content":[{"id":"56227b45","settings":{"boxed_width":{"unit":"px","size":1300,"sizes":[]},"padding":{"unit":"px","top":"20","right":"30","bottom":"100","left":"30","isLinked":false},"padding_tablet":{"unit":"px","top":"20","right":"30","bottom":"80","left":"30","isLinked":false},"padding_mobile":{"unit":"px","top":"20","right":"15","bottom":"50","left":"15","isLinked":false},"background_background":"classic","background_color":"#F5F6F7","upk_mc_item_list":[],"section_parallax_elements":[],"ep_display_conditions":[],"ep_parallax_effects_transition_for":"all","ep_parallax_effects_transition_duration":"100","ep_parallax_effects_transition_easing":"linear","flex_align_items":"stretch","flex_gap":{"size":30,"column":"30","row":"30","unit":"px","isLinked":true},"_title":"Hero Section"},"elements":[{"id":"2c6e8d8d","settings":{"content_width":"full","flex_direction":"row","flex_justify_content":"space-between","flex_align_items":"center","background_background":"classic","background_color":"#EA3314","upk_mc_item_list":[],"border_radius":{"unit":"px","top":"3","right":"3","bottom":"3","left":"3","isLinked":true},"padding":{"unit":"px","top":"15","right":"15","bottom":"15","left":"15","isLinked":true},"section_parallax_elements":[],"ep_display_conditions":[]},"elements":[{"id":"230337f7","settings":{"image":{"id":42683,"url":"http:\/\/sohan-test-website-vxfgpk.flywp.xyz\/wp-content\/uploads\/2025\/09\/FlipPage-\u2013-Fresh-Perspectives-Every-Day-.png"},"align":"left","width":{"unit":"%","size":75,"sizes":[]},"width_mobile":{"unit":"%","size":60,"sizes":[]},"ep_display_conditions":[],"ep_parallax_effects_transition_for":"all","ep_parallax_effects_transition_duration":"100","ep_parallax_effects_transition_easing":"linear"},"elements":[],"isInner":false,"widgetType":"image","elType":"widget"},{"id":"747dde0f","settings":{"view":"inline","icon_list":[{"text":"Home","selected_icon":{"value":"","library":""},"_id":"219cb13"},{"text":"Features","selected_icon":{"value":"","library":""},"_id":"395199c"},{"text":"Categories","selected_icon":{"value":"","library":""},"_id":"53260c2"},{"text":"Menu","selected_icon":{"value":"","library":""},"_id":"98c787e"},{"text":"Contact","selected_icon":{"value":"","library":""},"_id":"3ea0e7e"}],"space_between":{"unit":"px","size":40,"sizes":[]},"space_between_tablet":{"unit":"px","size":20,"sizes":[]},"icon_typography_typography":"custom","icon_typography_font_family":"Red Hat Display","icon_typography_font_size":{"unit":"px","size":16,"sizes":[]},"icon_typography_font_weight":"600","icon_typography_line_height":{"unit":"em","size":1,"sizes":[]},"text_color":"#FFFFFF","ep_display_conditions":[],"ep_parallax_effects_transition_for":"all","ep_parallax_effects_transition_duration":"100","ep_parallax_effects_transition_easing":"linear","hide_mobile":"hidden-mobile"},"elements":[],"isInner":false,"widgetType":"icon-list","elType":"widget"},{"id":"728cdd3c","settings":{"view":"inline","icon_list":[{"text":"","selected_icon":{"value":"fas fa-search","library":"fa-solid"},"_id":"3ea0e7e"},{"text":"","selected_icon":{"value":"fas fa-user-tie","library":"fa-solid"},"_id":"e3d6675"},{"text":"","selected_icon":{"value":"fas fa-shopping-basket","library":"fa-solid"},"_id":"e62f300"}],"space_between":{"unit":"px","size":15,"sizes":[]},"icon_color":"#FFFFFF","icon_size":{"unit":"px","size":20,"sizes":[]},"ep_display_conditions":[],"ep_parallax_effects_transition_for":"all","ep_parallax_effects_transition_duration":"100","ep_parallax_effects_transition_easing":"linear","hide_tablet":"hidden-tablet","hide_mobile":"hidden-mobile"},"elements":[],"isInner":false,"widgetType":"icon-list","elType":"widget"},{"id":"2d76dfcb","settings":{"selected_icon":{"value":"fas fa-bars","library":"fa-solid"},"primary_color":"#FFFFFF","size":{"unit":"px","size":24,"sizes":[]},"ep_display_conditions":[],"ep_parallax_effects_transition_for":"all","ep_parallax_effects_transition_duration":"100","ep_parallax_effects_transition_easing":"linear","hide_desktop":"hidden-desktop","hide_tablet":"hidden-tablet"},"elements":[],"isInner":false,"widgetType":"icon","elType":"widget"}],"isInner":true,"elType":"container"},{"id":"14fe6841","settings":{"news_label":"Trending","show_date":"yes","show_time":"yes","news_ticker_height":{"unit":"px","size":20,"sizes":[]},"slider_animations":"slide-left","speed":2000,"label_color":"#E93314","label_background":"#FFFFFF00","label_typography_typography":"custom","label_typography_font_family":"Nunito","label_typography_font_size":{"unit":"px","size":16,"sizes":[]},"label_typography_font_weight":"700","label_typography_text_transform":"uppercase","content_color":"#302B2B","content_background":"#02010100","content_typography_typography":"custom","content_typography_font_family":"Nunito","content_typography_font_size":{"unit":"px","size":15,"sizes":[]},"content_typography_font_weight":"600","content_typography_text_transform":"uppercase","navigation_color":"#000000","hover_color":"#E93314","_padding":{"unit":"px","top":"15","right":"15","bottom":"15","left":"15","isLinked":true},"_background_background":"classic","_background_color":"#FFFFFF","_border_radius":{"unit":"px","top":"0","right":"0","bottom":"0","left":"0","isLinked":false},"_box_shadow_box_shadow_type":"yes","_box_shadow_box_shadow":{"horizontal":0,"vertical":0,"blur":30,"spread":0,"color":"rgba(0, 0, 0, 0.09)"},"ep_display_conditions":[],"ep_parallax_effects_transition_for":"all","ep_parallax_effects_transition_duration":"100","ep_parallax_effects_transition_easing":"linear"},"elements":[],"isInner":false,"widgetType":"upk-news-ticker","elType":"widget"},{"id":"5698860d","settings":{"columns":"5","columns_tablet":"1","column_gap":{"unit":"px","size":20,"sizes":[]},"default_item_height":{"unit":"px","size":715,"sizes":[]},"default_item_height_tablet":{"unit":"px","size":680,"sizes":[]},"default_item_height_mobile":{"unit":"px","size":450,"sizes":[]},"secondary_item_height":{"unit":"px","size":374,"sizes":[]},"primary_thumbnail_size":"full","item_limit":{"unit":"px","size":8,"sizes":[]},"content_padding":{"unit":"px","top":"50","right":"50","bottom":"50","left":"50","isLinked":false},"content_padding_tablet":{"unit":"px","top":"20","right":"25","bottom":"50","left":"25","isLinked":false},"content_padding_mobile":{"unit":"px","top":"0","right":"10","bottom":"50","left":"10","isLinked":false},"title_hover_color":"#FFFFFF","title_typography_typography":"custom","title_typography_font_family":"Nunito","title_typography_font_size":{"unit":"px","size":30,"sizes":[]},"title_typography_font_size_tablet":{"unit":"px","size":24,"sizes":[]},"title_typography_font_size_mobile":{"unit":"px","size":24,"sizes":[]},"title_typography_font_weight":"700","date_spacing_mobile":{"unit":"px","size":10,"sizes":[]},"author_typography_typography":"custom","author_typography_font_family":"Nunito","author_typography_font_size":{"unit":"px","size":16,"sizes":[]},"author_typography_font_size_tablet":{"unit":"px","size":15,"sizes":[]},"author_typography_font_size_mobile":{"unit":"px","size":12,"sizes":[]},"author_typography_font_weight":"500","category_bottom_spacing":{"unit":"px","size":10,"sizes":[]},"category_color":"#E93314","category_background_background":"classic","category_background_color":"#FFFFFF","category_border_radius":{"unit":"px","top":"0","right":"0","bottom":"0","left":"0","isLinked":false},"category_padding":{"unit":"px","top":"6","right":"12","bottom":"6","left":"12","isLinked":false},"category_spacing":{"unit":"px","size":10,"sizes":[]},"category_typography_typography":"custom","category_typography_font_family":"Nunito","category_typography_font_size":{"unit":"px","size":12,"sizes":[]},"category_typography_font_weight":"700","category_hover_color":"#FFFFFF","category_hover_background_background":"classic","category_hover_background_color":"#E93314","grid_style":"2","primary_item_height_tablet":{"unit":"px","size":450,"sizes":[]},"primary_item_height_mobile":{"unit":"px","size":350,"sizes":[]},"secondary_item_height_tablet":{"unit":"px","size":250,"sizes":[]},"secondary_item_height_mobile":{"unit":"px","size":250,"sizes":[]},"item_border_border":"solid","item_border_width":{"unit":"px","top":"1","right":"1","bottom":"1","left":"1","isLinked":true},"item_border_color":"#FFFFFF","secondary_title_typography_typography":"custom","secondary_title_typography_font_family":"Nunito","secondary_title_typography_font_size":{"unit":"px","size":24,"sizes":[]},"secondary_title_typography_font_size_tablet":{"unit":"px","size":20,"sizes":[]},"secondary_title_typography_font_weight":"700","category_padding_mobile":{"unit":"px","top":"5","right":"10","bottom":"5","left":"10","isLinked":false},"category_typography_font_size_mobile":{"unit":"px","size":10,"sizes":[]},"_border_border":"solid","_border_width":{"unit":"px","top":"20","right":"20","bottom":"20","left":"20","isLinked":true},"_border_width_tablet":{"unit":"px","top":"15","right":"15","bottom":"15","left":"15","isLinked":true},"_border_width_mobile":{"unit":"px","top":"10","right":"10","bottom":"10","left":"10","isLinked":true},"_border_color":"#FFFFFF","posts_post_type":"post","meta_separator":".","upk_in_animation_transform_origin":"center top","ep_display_conditions":[],"ep_parallax_effects_transition_for":"all","ep_parallax_effects_transition_duration":"100","ep_parallax_effects_transition_easing":"linear","row_gap":{"unit":"px","size":20,"sizes":[]}},"elements":[],"isInner":false,"widgetType":"upk-alice-grid","elType":"widget"}],"isInner":false,"elType":"container"},{"id":"464fd9e9","settings":{"boxed_width":{"unit":"px","size":1300,"sizes":[]},"padding":{"unit":"px","top":"20","right":"30","bottom":"100","left":"30","isLinked":false},"padding_tablet":{"unit":"px","top":"20","right":"30","bottom":"80","left":"30","isLinked":false},"padding_mobile":{"unit":"px","top":"20","right":"15","bottom":"50","left":"15","isLinked":false},"structure":"20","background_background":"classic","background_color":"#F5F6F7","upk_mc_item_list":[],"section_parallax_elements":[],"ep_display_conditions":[],"ep_parallax_effects_transition_for":"all","ep_parallax_effects_transition_duration":"100","ep_parallax_effects_transition_easing":"linear","flex_direction":"row","flex_align_items":"stretch","flex_gap":{"size":30,"column":"30","row":"30","unit":"px","isLinked":true},"flex_direction_tablet":"column","_title":"World News"},"elements":[{"id":"411d1d31","settings":{"_column_size":50,"width":{"size":70,"unit":"%"},"padding":{"unit":"px","top":"0","right":"0","bottom":"0","left":"0","isLinked":true},"width_tablet":{"size":100,"unit":"%"},"margin":{"unit":"px","top":"0","right":"0","bottom":"0","left":"0","isLinked":false},"margin_mobile":{"unit":"px","top":"0","right":"0","bottom":"0","left":"0","isLinked":false},"padding_mobile":{"unit":"px","top":"0","right":"0","bottom":"0","left":"0","isLinked":false},"ep_parallax_effects_transition_for":"all","ep_parallax_effects_transition_duration":"100","ep_parallax_effects_transition_easing":"linear","content_width":"full","upk_mc_item_list":[],"section_parallax_elements":[],"ep_display_conditions":[]},"elements":[{"id":"17511dcb","settings":{"structure":"30","background_background":"classic","background_color":"#FFFFFF","padding":{"unit":"px","top":"25","right":"25","bottom":"25","left":"25","isLinked":true},"upk_mc_item_list":[],"section_parallax_elements":[],"ep_display_conditions":[],"ep_parallax_effects_transition_for":"all","ep_parallax_effects_transition_duration":"100","ep_parallax_effects_transition_easing":"linear","flex_direction":"row","flex_align_items":"center","flex_gap":{"size":10,"column":"10","row":"10","unit":"px","isLinked":true},"content_width":"full","_title":"Header"},"elements":[{"id":"2fffe4de","settings":{"title":"World News","align":"left","title_color":"#2B2B2B","typography_typography":"custom","typography_font_family":"Nunito","typography_font_size":{"unit":"px","size":20,"sizes":[]},"typography_font_size_tablet":{"unit":"px","size":18,"sizes":[]},"typography_font_size_mobile":{"unit":"px","size":20,"sizes":[]},"typography_font_weight":"700","typography_text_transform":"uppercase","typography_letter_spacing":{"unit":"px","size":2,"sizes":[]},"_margin":{"unit":"px","top":"0","right":"0","bottom":"0","left":"0","isLinked":false},"_margin_tablet":{"unit":"px","top":"0","right":"0","bottom":"0","left":"0","isLinked":true},"_margin_mobile":{"unit":"px","top":"0","right":"0","bottom":"10","left":"0","isLinked":false},"ep_display_conditions":[],"ep_parallax_effects_transition_for":"all","ep_parallax_effects_transition_duration":"100","ep_parallax_effects_transition_easing":"linear"},"elements":[],"isInner":false,"widgetType":"heading","elType":"widget"},{"id":"3daee69a","settings":{"style":"dashed","align":"center","text":"Divider","color":"#E93314","weight":{"unit":"px","size":1.5,"sizes":[]},"gap":{"unit":"px","size":0,"sizes":[]},"_margin":{"unit":"px","top":"0","right":"0","bottom":"0","left":"0","isLinked":false},"_padding":{"unit":"px","top":"0","right":"0","bottom":"0","left":"0","isLinked":false},"ep_display_conditions":[],"ep_parallax_effects_transition_for":"all","ep_parallax_effects_transition_duration":"100","ep_parallax_effects_transition_easing":"linear"},"elements":[],"isInner":false,"widgetType":"divider","elType":"widget"},{"id":"23af4bde","settings":{"text":"More Posts","align":"right","typography_typography":"custom","typography_font_family":"Nunito","typography_font_size":{"unit":"px","size":16,"sizes":[]},"typography_font_weight":"700","typography_text_transform":"uppercase","button_text_color":"#635D5D","background_color":"#23B74D00","button_background_hover_color":"#FFFFFF00","text_padding":{"unit":"px","top":"0","right":"0","bottom":"0","left":"0","isLinked":false},"_padding":{"unit":"px","top":"0","right":"0","bottom":"0","left":"0","isLinked":false},"hover_color":"#E93314","hide_mobile":"hidden-mobile","typography_font_size_tablet":{"unit":"px","size":15,"sizes":[]},"ep_display_conditions":[],"ep_parallax_effects_transition_for":"all","ep_parallax_effects_transition_duration":"100","ep_parallax_effects_transition_easing":"linear"},"elements":[],"isInner":false,"widgetType":"button","elType":"widget"}],"isInner":true,"elType":"container"},{"id":"6483f439","settings":{"content_width":"full","structure":"20","background_background":"classic","background_color":"#FFFFFF","padding":{"unit":"px","top":"20","right":"20","bottom":"20","left":"20","isLinked":true},"upk_mc_item_list":[],"section_parallax_elements":[],"ep_display_conditions":[],"ep_parallax_effects_transition_for":"all","ep_parallax_effects_transition_duration":"100","ep_parallax_effects_transition_easing":"linear","flex_direction":"row","flex_align_items":"stretch","flex_gap":{"size":20,"column":"20","row":"20","unit":"px","isLinked":true},"_title":"Grid"},"elements":[{"id":"1c5da3bc","settings":{"columns":"1","columns_tablet":"1","column_gap":{"unit":"px","size":0,"sizes":[]},"default_item_height":{"unit":"px","size":500,"sizes":[]},"default_item_height_tablet":{"unit":"px","size":500,"sizes":[]},"default_item_height_mobile":{"unit":"px","size":450,"sizes":[]},"secondary_item_height":{"unit":"px","size":800,"sizes":[]},"primary_thumbnail_size":"full","item_limit":{"unit":"px","size":1,"sizes":[]},"content_padding":{"unit":"px","top":"50","right":"50","bottom":"50","left":"50","isLinked":false},"content_padding_tablet":{"unit":"px","top":"20","right":"25","bottom":"50","left":"25","isLinked":false},"content_padding_mobile":{"unit":"px","top":"0","right":"10","bottom":"50","left":"10","isLinked":false},"title_hover_color":"#FFFFFF","title_typography_typography":"custom","title_typography_font_family":"Nunito","title_typography_font_size":{"unit":"px","size":24,"sizes":[]},"title_typography_font_size_tablet":{"unit":"px","size":24,"sizes":[]},"title_typography_font_size_mobile":{"unit":"px","size":24,"sizes":[]},"title_typography_font_weight":"700","date_spacing_mobile":{"unit":"px","size":10,"sizes":[]},"author_typography_typography":"custom","author_typography_font_family":"Nunito","author_typography_font_size":{"unit":"px","size":16,"sizes":[]},"author_typography_font_size_tablet":{"unit":"px","size":15,"sizes":[]},"author_typography_font_size_mobile":{"unit":"px","size":12,"sizes":[]},"author_typography_font_weight":"500","category_bottom_spacing":{"unit":"px","size":10,"sizes":[]},"category_color":"#E93314","category_background_background":"classic","category_background_color":"#FFFFFF","category_border_radius":{"unit":"px","top":"0","right":"0","bottom":"0","left":"0","isLinked":false},"category_padding":{"unit":"px","top":"6","right":"12","bottom":"6","left":"12","isLinked":false},"category_spacing":{"unit":"px","size":10,"sizes":[]},"category_typography_typography":"custom","category_typography_font_family":"Nunito","category_typography_font_size":{"unit":"px","size":12,"sizes":[]},"category_typography_font_weight":"700","category_hover_color":"#FFFFFF","category_hover_background_background":"classic","category_hover_background_color":"#E93314","posts_post_type":"post","meta_separator":".","upk_in_animation_transform_origin":"center top","ep_display_conditions":[],"ep_parallax_effects_transition_for":"all","ep_parallax_effects_transition_duration":"100","ep_parallax_effects_transition_easing":"linear","_margin":{"unit":"px","top":"0","right":"0","bottom":"0","left":"0","isLinked":false},"_padding":{"unit":"px","top":"0","right":"0","bottom":"0","left":"0","isLinked":false}},"elements":[],"isInner":false,"widgetType":"upk-alice-grid","elType":"widget"},{"id":"31499077","settings":{"columns":"1","column_gap":{"unit":"px","size":"","sizes":[]},"primary_thumbnail_size":"full","item_limit":{"unit":"px","size":3,"sizes":[]},"show_author":"","content_padding":{"unit":"px","top":"10","right":"0","bottom":"10","left":"30","isLinked":false},"content_padding_mobile":{"unit":"px","top":"10","right":"0","bottom":"0","left":"10","isLinked":false},"item_border_border":"solid","item_border_width":{"unit":"px","top":"0","right":"0","bottom":"1","left":"0","isLinked":false},"item_border_color":"#E6E6E6","item_border_radius":{"unit":"px","top":"0","right":"0","bottom":"0","left":"0","isLinked":false},"item_padding":{"unit":"px","top":"0","right":"0","bottom":"20","left":"0","isLinked":false},"item_hover_border_color":"#E93314","item_image_border_radius":{"unit":"px","top":"0","right":"0","bottom":"0","left":"0","isLinked":false},"item_image_size":{"unit":"px","size":150,"sizes":[]},"title_hover_color":"#E93314","title_typography_typography":"custom","title_typography_font_family":"Nunito","title_typography_font_size":{"unit":"px","size":18,"sizes":[]},"title_typography_font_size_tablet":{"unit":"px","size":16,"sizes":[]},"title_typography_font_weight":"700","meta_hover_color":"#E93314","meta_typography_typography":"custom","meta_typography_font_family":"Nunito","meta_typography_font_size":{"unit":"px","size":12,"sizes":[]},"meta_typography_font_size_tablet":{"unit":"px","size":10,"sizes":[]},"meta_typography_font_weight":"500","category_bottom_spacing":{"unit":"px","size":10,"sizes":[]},"category_bottom_spacing_tablet":{"unit":"px","size":5,"sizes":[]},"category_color":"#E93314","category_border_border":"","category_border_radius":{"unit":"px","top":"0","right":"0","bottom":"0","left":"0","isLinked":false},"category_padding":{"unit":"px","top":"0","right":"0","bottom":"0","left":"0","isLinked":false},"category_spacing":{"unit":"px","size":10,"sizes":[]},"category_spacing_tablet":{"unit":"px","size":5,"sizes":[]},"category_typography_typography":"custom","category_typography_font_family":"Nunito","category_typography_font_size":{"unit":"px","size":12,"sizes":[]},"category_typography_font_size_tablet":{"unit":"px","size":11,"sizes":[]},"category_typography_font_weight":"700","category_hover_color":"#000000","posts_post_type":"post","item_padding_mobile":{"unit":"px","top":"15","right":"0","bottom":"15","left":"0","isLinked":false},"meta_separator":".","upk_in_animation_transform_origin":"center top","ep_display_conditions":[],"ep_parallax_effects_transition_for":"all","ep_parallax_effects_transition_duration":"100","ep_parallax_effects_transition_easing":"linear","row_gap":{"unit":"px","size":13,"sizes":[]},"_element_width":"initial","_element_custom_width":{"unit":"%","size":78,"sizes":[]}},"elements":[],"isInner":false,"widgetType":"upk-harold-list","elType":"widget"}],"isInner":true,"elType":"container"},{"id":"1eedd246","settings":{"structure":"30","background_background":"classic","background_color":"#FFFFFF","padding":{"unit":"px","top":"25","right":"25","bottom":"25","left":"25","isLinked":true},"upk_mc_item_list":[],"section_parallax_elements":[],"ep_display_conditions":[],"ep_parallax_effects_transition_for":"all","ep_parallax_effects_transition_duration":"100","ep_parallax_effects_transition_easing":"linear","flex_direction":"row","flex_align_items":"center","flex_gap":{"size":10,"column":"10","row":"10","unit":"px","isLinked":true},"content_width":"full","margin":{"unit":"px","top":"30","right":"0","bottom":"0","left":"0","isLinked":false},"_title":"Header"},"elements":[{"id":"35138ee1","settings":{"title":"World News","align":"left","title_color":"#2B2B2B","typography_typography":"custom","typography_font_family":"Nunito","typography_font_size":{"unit":"px","size":20,"sizes":[]},"typography_font_size_tablet":{"unit":"px","size":18,"sizes":[]},"typography_font_size_mobile":{"unit":"px","size":20,"sizes":[]},"typography_font_weight":"700","typography_text_transform":"uppercase","typography_letter_spacing":{"unit":"px","size":2,"sizes":[]},"_margin":{"unit":"px","top":"0","right":"0","bottom":"0","left":"0","isLinked":false},"_margin_tablet":{"unit":"px","top":"0","right":"0","bottom":"0","left":"0","isLinked":true},"_margin_mobile":{"unit":"px","top":"0","right":"0","bottom":"10","left":"0","isLinked":false},"ep_display_conditions":[],"ep_parallax_effects_transition_for":"all","ep_parallax_effects_transition_duration":"100","ep_parallax_effects_transition_easing":"linear"},"elements":[],"isInner":false,"widgetType":"heading","elType":"widget"},{"id":"282eed41","settings":{"style":"dashed","align":"center","text":"Divider","color":"#E93314","weight":{"unit":"px","size":1.5,"sizes":[]},"gap":{"unit":"px","size":0,"sizes":[]},"_margin":{"unit":"px","top":"0","right":"0","bottom":"0","left":"0","isLinked":false},"_padding":{"unit":"px","top":"0","right":"0","bottom":"0","left":"0","isLinked":false},"ep_display_conditions":[],"ep_parallax_effects_transition_for":"all","ep_parallax_effects_transition_duration":"100","ep_parallax_effects_transition_easing":"linear"},"elements":[],"isInner":false,"widgetType":"divider","elType":"widget"},{"id":"55a90fbd","settings":{"text":"More Posts","align":"right","typography_typography":"custom","typography_font_family":"Nunito","typography_font_size":{"unit":"px","size":16,"sizes":[]},"typography_font_weight":"700","typography_text_transform":"uppercase","button_text_color":"#635D5D","background_color":"#23B74D00","button_background_hover_color":"#FFFFFF00","text_padding":{"unit":"px","top":"0","right":"0","bottom":"0","left":"0","isLinked":false},"_padding":{"unit":"px","top":"0","right":"0","bottom":"0","left":"0","isLinked":false},"hover_color":"#E93314","hide_mobile":"hidden-mobile","typography_font_size_tablet":{"unit":"px","size":15,"sizes":[]},"ep_display_conditions":[],"ep_parallax_effects_transition_for":"all","ep_parallax_effects_transition_duration":"100","ep_parallax_effects_transition_easing":"linear"},"elements":[],"isInner":false,"widgetType":"button","elType":"widget"}],"isInner":true,"elType":"container"},{"id":"29df9f7b","settings":{"column_gap":{"unit":"px","size":30,"sizes":[]},"secondary_image_width_mobile":{"unit":"px","size":100,"sizes":[]},"primary_thumbnail_size":"full","item_border_radius":{"unit":"px","top":"0","right":"0","bottom":"0","left":"0","isLinked":false},"item_image_border_radius":{"unit":"px","top":"0","right":"0","bottom":"0","left":"0","isLinked":false},"title_hover_color":"#E93314","title_typography_typography":"custom","title_typography_font_family":"Nunito","title_typography_font_size":{"unit":"px","size":18,"sizes":[]},"title_typography_font_size_tablet":{"unit":"px","size":20,"sizes":[]},"title_typography_font_size_mobile":{"unit":"px","size":20,"sizes":[]},"title_typography_font_weight":"700","secondary_title_typography_typography":"custom","secondary_title_typography_font_family":"Nunito","secondary_title_typography_font_size":{"unit":"px","size":18,"sizes":[]},"secondary_title_typography_font_size_tablet":{"unit":"px","size":15,"sizes":[]},"secondary_title_typography_font_size_mobile":{"unit":"px","size":15,"sizes":[]},"secondary_title_typography_font_weight":"600","text_typography_typography":"custom","text_typography_font_family":"Nunito","text_typography_font_size":{"unit":"px","size":16,"sizes":[]},"text_typography_font_size_tablet":{"unit":"px","size":13,"sizes":[]},"text_typography_font_size_mobile":{"unit":"px","size":14,"sizes":[]},"text_typography_font_weight":"500","meta_color":"#473F3F","meta_hover_color":"#E93314","meta_divider_color":"#E93314","meta_typography_typography":"custom","meta_typography_font_family":"Nunito","meta_typography_font_size":{"unit":"px","size":14,"sizes":[]},"meta_typography_font_size_tablet":{"unit":"px","size":12,"sizes":[]},"meta_typography_font_size_mobile":{"unit":"px","size":12,"sizes":[]},"meta_typography_font_weight":"500","category_background_background":"classic","category_background_color":"#E93314","category_border_radius":{"unit":"px","top":"0","right":"0","bottom":"0","left":"0","isLinked":false},"category_padding":{"unit":"px","top":"6","right":"12","bottom":"6","left":"12","isLinked":false},"category_spacing":{"unit":"px","size":10,"sizes":[]},"category_typography_typography":"custom","category_typography_font_family":"Nunito","category_typography_font_size":{"unit":"px","size":10,"sizes":[]},"category_typography_font_weight":"700","category_typography_text_transform":"uppercase","category_hover_color":"#E93314","category_hover_background_background":"classic","category_hover_background_color":"#FFFFFF","post_format_background_background":"classic","post_format_background_color":"#5DB75D","post_format_border_radius":{"unit":"px","top":"0","right":"0","bottom":"0","left":"0","isLinked":false},"post_format_hover_color":"#FFFFFF","post_format_hover_background_background":"classic","post_format_hover_background_color":"#000000","_padding":{"unit":"px","top":"0","right":"0","bottom":"0","left":"0","isLinked":false},"_padding_tablet":{"unit":"px","top":"50","right":"0","bottom":"0","left":"0","isLinked":false},"_padding_mobile":{"unit":"px","top":"40","right":"0","bottom":"0","left":"0","isLinked":false},"show_author_avatar":"","text_color":"#4D4646BA","posts_include_by":["terms"],"posts_include_term_ids":[],"grid_style":"4","secondary_image_width":{"unit":"px","size":367,"sizes":[]},"show_post_format":"","columns":"3","show_excerpt":"","show_author_name":"","posts_post_type":"post","meta_separator":"-","upk_in_animation_transform_origin":"center top","ep_display_conditions":[],"ep_parallax_effects_transition_for":"all","ep_parallax_effects_transition_duration":"100","ep_parallax_effects_transition_easing":"linear"},"elements":[],"isInner":false,"widgetType":"upk-maple-grid","elType":"widget"},{"id":"12936210","settings":{"content_width":"full","structure":"20","background_color":"#FFFFFF","margin":{"unit":"px","top":"30","right":0,"bottom":"0","left":0,"isLinked":false},"padding":{"unit":"px","top":"0","right":"0","bottom":"0","left":"0","isLinked":false},"upk_mc_item_list":[],"section_parallax_elements":[],"ep_display_conditions":[],"ep_parallax_effects_transition_for":"all","ep_parallax_effects_transition_duration":"100","ep_parallax_effects_transition_easing":"linear","flex_direction":"row","flex_align_items":"stretch","flex_gap":{"size":20,"column":"20","row":"20","unit":"px","isLinked":true}},"elements":[{"id":"13e71a50","settings":{"primary_thumbnail_size":"full","meta_separator":"\/\/","item_padding_tablet":{"unit":"px","size":15,"sizes":[]},"item_padding_mobile":{"unit":"px","size":25,"sizes":[],"left":"15","top":"20","right":"0","bottom":"20"},"item_image_border_width":{"unit":"px","top":"4","right":"4","bottom":"4","left":"4","isLinked":true},"item_image_border_color":"#FF845E","title_typography_typography":"custom","title_typography_font_size":{"unit":"px","size":20,"sizes":[]},"title_typography_font_size_tablet":{"unit":"px","size":16,"sizes":[]},"title_typography_font_size_mobile":{"unit":"px","size":15,"sizes":[]},"meta_typography_typography":"custom","meta_typography_font_size":{"unit":"px","size":13,"sizes":[]},"meta_typography_font_size_tablet":{"unit":"px","size":11,"sizes":[]},"category_typography_typography":"custom","category_typography_font_size_tablet":{"unit":"px","size":11,"sizes":[]},"counter_number_color":"#000000","counter_number_background_background":"classic","counter_number_background_color":"#FFFFFF00","counter_number_size":{"unit":"px","size":30,"sizes":[]},"counter_number_size_tablet":{"unit":"px","size":25,"sizes":[]},"counter_number_typography_typography":"custom","counter_number_typography_font_size":{"unit":"px","size":32,"sizes":[]},"counter_number_typography_font_size_tablet":{"unit":"px","size":24,"sizes":[]},"_box_shadow_box_shadow":{"horizontal":0,"vertical":10,"blur":50,"spread":0,"color":"rgba(0, 0, 0, 0.05)"},"title_hover_color":"#E93314","title_featured_hover_color":"#E93314","category_style_color":"#E93314","counter_number_border_width":{"unit":"px","top":"2","right":"2","bottom":"2","left":"2","isLinked":true},"counter_number_border_color":"#E00A0A","counter_number_border_radius":{"unit":"px","top":"4","right":"4","bottom":"4","left":"4","isLinked":true},"is_replaced_deprecated_query":"yes","posts_include_by":["terms"],"posts_include_term_ids":["17"],"item_padding":{"unit":"px","top":"20","right":"50","bottom":"20","left":"0","isLinked":false},"title_style":"middle-overline","title_typography_font_family":"Nunito","title_typography_font_weight":"600","meta_color":"#0A0A0ABD","meta_featured_color":"#BCBCBC","meta_typography_font_family":"Red Hat Display","meta_typography_font_weight":"400","meta_typography_text_transform":"uppercase","category_featured_color":"#FFFFFFD4","category_hover_color":"#E93314","category_featured_color_hover":"#FFFFFF","counter_number_typography_font_family":"Nunito","_padding":{"unit":"px","top":"20","right":"20","bottom":"20","left":"20","isLinked":true},"item_image_border_radius":{"unit":"px","top":"0","right":"0","bottom":"0","left":"0","isLinked":false},"title_typography_line_height":{"unit":"em","size":1.4,"sizes":[]},"category_padding":{"unit":"px","top":"0","right":"0","bottom":"0","left":"0","isLinked":false},"category_spacing":{"unit":"px","size":20,"sizes":[]},"category_typography_font_family":"Red Hat Display","category_typography_font_size":{"unit":"px","size":13,"sizes":[]},"category_typography_font_weight":"500","category_typography_text_transform":"uppercase","counter_number_typography_font_weight":"500","_margin_tablet":{"unit":"px","top":"0","right":"0","bottom":"0","left":"0","isLinked":false},"_padding_tablet":{"unit":"px","top":"0","right":"0","bottom":"0","left":"0","isLinked":false},"posts_post_type":"post","upk_in_animation_transform_origin":"center top","ep_display_conditions":[],"ep_parallax_effects_transition_for":"all","ep_parallax_effects_transition_duration":"100","ep_parallax_effects_transition_easing":"linear","_background_background":"classic","_background_color":"#FFFFFF"},"elements":[],"isInner":false,"widgetType":"upk-featured-list","elType":"widget"},{"id":"1af17bb2","settings":{"primary_thumbnail_size":"full","meta_separator":"\/\/","item_padding_tablet":{"unit":"px","size":15,"sizes":[]},"item_padding_mobile":{"unit":"px","size":25,"sizes":[],"left":"15","top":"20","right":"0","bottom":"20"},"item_image_border_width":{"unit":"px","top":"4","right":"4","bottom":"4","left":"4","isLinked":true},"item_image_border_color":"#FF845E","title_typography_typography":"custom","title_typography_font_size":{"unit":"px","size":20,"sizes":[]},"title_typography_font_size_tablet":{"unit":"px","size":16,"sizes":[]},"title_typography_font_size_mobile":{"unit":"px","size":15,"sizes":[]},"meta_typography_typography":"custom","meta_typography_font_size":{"unit":"px","size":13,"sizes":[]},"meta_typography_font_size_tablet":{"unit":"px","size":11,"sizes":[]},"category_typography_typography":"custom","category_typography_font_size_tablet":{"unit":"px","size":11,"sizes":[]},"counter_number_color":"#000000","counter_number_background_background":"classic","counter_number_background_color":"#FFFFFF00","counter_number_size":{"unit":"px","size":30,"sizes":[]},"counter_number_size_tablet":{"unit":"px","size":25,"sizes":[]},"counter_number_typography_typography":"custom","counter_number_typography_font_size":{"unit":"px","size":32,"sizes":[]},"counter_number_typography_font_size_tablet":{"unit":"px","size":24,"sizes":[]},"_box_shadow_box_shadow":{"horizontal":0,"vertical":10,"blur":50,"spread":0,"color":"rgba(0, 0, 0, 0.05)"},"title_hover_color":"#E93314","title_featured_hover_color":"#E93314","category_style_color":"#E93314","counter_number_border_width":{"unit":"px","top":"2","right":"2","bottom":"2","left":"2","isLinked":true},"counter_number_border_color":"#E00A0A","counter_number_border_radius":{"unit":"px","top":"4","right":"4","bottom":"4","left":"4","isLinked":true},"is_replaced_deprecated_query":"yes","posts_include_by":["terms"],"posts_include_term_ids":["12"],"item_padding":{"unit":"px","top":"20","right":"50","bottom":"20","left":"0","isLinked":false},"title_style":"middle-overline","title_typography_font_family":"Nunito","title_typography_font_weight":"600","meta_color":"#0A0A0ABD","meta_featured_color":"#BCBCBC","meta_typography_font_family":"Red Hat Display","meta_typography_font_weight":"400","meta_typography_text_transform":"uppercase","category_featured_color":"#FFFFFFD4","category_hover_color":"#E93314","category_featured_color_hover":"#FFFFFF","counter_number_typography_font_family":"Nunito","_padding":{"unit":"px","top":"20","right":"20","bottom":"20","left":"20","isLinked":true},"item_image_border_radius":{"unit":"px","top":"0","right":"0","bottom":"0","left":"0","isLinked":false},"title_typography_line_height":{"unit":"em","size":1.4,"sizes":[]},"category_padding":{"unit":"px","top":"0","right":"0","bottom":"0","left":"0","isLinked":false},"category_spacing":{"unit":"px","size":20,"sizes":[]},"category_typography_font_family":"Red Hat Display","category_typography_font_size":{"unit":"px","size":13,"sizes":[]},"category_typography_font_weight":"500","category_typography_text_transform":"uppercase","counter_number_typography_font_weight":"500","_margin_tablet":{"unit":"px","top":"0","right":"0","bottom":"0","left":"0","isLinked":false},"_padding_tablet":{"unit":"px","top":"0","right":"0","bottom":"0","left":"0","isLinked":false},"posts_post_type":"post","upk_in_animation_transform_origin":"center top","ep_display_conditions":[],"ep_parallax_effects_transition_for":"all","ep_parallax_effects_transition_duration":"100","ep_parallax_effects_transition_easing":"linear","_background_background":"classic","_background_color":"#FFFFFF"},"elements":[],"isInner":false,"widgetType":"upk-featured-list","elType":"widget"}],"isInner":true,"elType":"container"},{"id":"481e5f26","settings":{"structure":"30","background_background":"classic","background_color":"#FFFFFF","padding":{"unit":"px","top":"25","right":"25","bottom":"25","left":"25","isLinked":true},"upk_mc_item_list":[],"section_parallax_elements":[],"ep_display_conditions":[],"ep_parallax_effects_transition_for":"all","ep_parallax_effects_transition_duration":"100","ep_parallax_effects_transition_easing":"linear","flex_direction":"row","flex_align_items":"center","flex_gap":{"size":10,"column":"10","row":"10","unit":"px","isLinked":true},"content_width":"full","margin":{"unit":"px","top":"30","right":"0","bottom":"0","left":"0","isLinked":false},"_title":"Header"},"elements":[{"id":"2a22a4ad","settings":{"title":"World News","align":"left","title_color":"#2B2B2B","typography_typography":"custom","typography_font_family":"Nunito","typography_font_size":{"unit":"px","size":20,"sizes":[]},"typography_font_size_tablet":{"unit":"px","size":18,"sizes":[]},"typography_font_size_mobile":{"unit":"px","size":20,"sizes":[]},"typography_font_weight":"700","typography_text_transform":"uppercase","typography_letter_spacing":{"unit":"px","size":2,"sizes":[]},"_margin":{"unit":"px","top":"0","right":"0","bottom":"0","left":"0","isLinked":false},"_margin_tablet":{"unit":"px","top":"0","right":"0","bottom":"0","left":"0","isLinked":true},"_margin_mobile":{"unit":"px","top":"0","right":"0","bottom":"10","left":"0","isLinked":false},"ep_display_conditions":[],"ep_parallax_effects_transition_for":"all","ep_parallax_effects_transition_duration":"100","ep_parallax_effects_transition_easing":"linear"},"elements":[],"isInner":false,"widgetType":"heading","elType":"widget"},{"id":"232e24f5","settings":{"style":"dashed","align":"center","text":"Divider","color":"#E93314","weight":{"unit":"px","size":1.5,"sizes":[]},"gap":{"unit":"px","size":0,"sizes":[]},"_margin":{"unit":"px","top":"0","right":"0","bottom":"0","left":"0","isLinked":false},"_padding":{"unit":"px","top":"0","right":"0","bottom":"0","left":"0","isLinked":false},"ep_display_conditions":[],"ep_parallax_effects_transition_for":"all","ep_parallax_effects_transition_duration":"100","ep_parallax_effects_transition_easing":"linear"},"elements":[],"isInner":false,"widgetType":"divider","elType":"widget"},{"id":"6c7f5ee8","settings":{"text":"More Posts","align":"right","typography_typography":"custom","typography_font_family":"Nunito","typography_font_size":{"unit":"px","size":16,"sizes":[]},"typography_font_weight":"700","typography_text_transform":"uppercase","button_text_color":"#635D5D","background_color":"#23B74D00","button_background_hover_color":"#FFFFFF00","text_padding":{"unit":"px","top":"0","right":"0","bottom":"0","left":"0","isLinked":false},"_padding":{"unit":"px","top":"0","right":"0","bottom":"0","left":"0","isLinked":false},"hover_color":"#E93314","hide_mobile":"hidden-mobile","typography_font_size_tablet":{"unit":"px","size":15,"sizes":[]},"ep_display_conditions":[],"ep_parallax_effects_transition_for":"all","ep_parallax_effects_transition_duration":"100","ep_parallax_effects_transition_easing":"linear"},"elements":[],"isInner":false,"widgetType":"button","elType":"widget"}],"isInner":true,"elType":"container"},{"id":"18bcdcfc","settings":{"content_width":"full","background_background":"classic","background_color":"#FFFFFF","padding":{"unit":"px","top":"30","right":"30","bottom":"30","left":"30","isLinked":true},"padding_mobile":{"unit":"px","top":"0","right":"0","bottom":"0","left":"0","isLinked":false},"upk_mc_item_list":[],"section_parallax_elements":[],"ep_display_conditions":[],"ep_parallax_effects_transition_for":"all","ep_parallax_effects_transition_duration":"100","ep_parallax_effects_transition_easing":"linear","flex_align_items":"stretch","flex_gap":{"size":30,"column":"30","row":"30","unit":"px","isLinked":true}},"elements":[{"id":"30774686","settings":{"columns":"1","primary_thumbnail_size":"full","item_limit":{"unit":"px","size":4,"sizes":[]},"show_readmore":"yes","show_author":"yes","show_comments":"yes","meta_separator":"\/\/","content_padding":{"unit":"px","top":"30","right":"0","bottom":"30","left":"40","isLinked":false},"title_hover_color":"#E93314","title_typography_typography":"custom","title_typography_font_family":"Nunito","title_typography_font_size":{"unit":"px","size":24,"sizes":[]},"title_typography_font_weight":"700","text_typography_typography":"custom","text_typography_font_family":"Nunito","text_typography_font_size":{"unit":"px","size":16,"sizes":[]},"text_typography_font_weight":"500","text_margin":{"unit":"px","top":"0","right":"50","bottom":"0","left":"0","isLinked":false},"date_border_radius":{"unit":"px","top":"0","right":"0","bottom":"0","left":"0","isLinked":false},"date_day_typography_typography":"custom","date_day_typography_font_family":"Nunito","date_day_typography_font_size":{"unit":"px","size":28,"sizes":[]},"date_day_typography_font_weight":"500","date_month_color":"#E93314","date_month_typography_typography":"custom","date_month_typography_font_family":"Nunito","date_month_typography_font_size":{"unit":"px","size":15,"sizes":[]},"date_month_typography_font_weight":"500","readmore_color":"#E93314","readmore_background_background":"classic","readmore_background_color":"#E9331400","readmore_size":{"unit":"px","size":28,"sizes":[]},"column_gap":{"unit":"px","size":30,"sizes":[]},"item_box_shadow_box_shadow_type":"yes","item_box_shadow_box_shadow":{"horizontal":0,"vertical":5,"blur":30,"spread":0,"color":"rgba(0, 0, 0, 0)"},"item_hover_box_shadow_box_shadow_type":"yes","item_hover_box_shadow_box_shadow":{"horizontal":0,"vertical":5,"blur":30,"spread":0,"color":"rgba(0, 0, 0, 0.07)"},"text_color":"#6E6868","date_day_color":"#383838","readmore_border_width":{"unit":"px","top":"1","right":"0","bottom":"0","left":"1","isLinked":false},"readmore_border_color":"#02010100","readmore_color_hover":"#FFFFFF","readmore_background_hover_background":"classic","readmore_background_hover_color":"#E93314","readmore_hover_border_color":"#E9331473","category_color":"#E93314","category_typography_typography":"custom","category_typography_font_family":"Nunito","category_typography_font_size":{"unit":"px","size":15,"sizes":[]},"category_typography_font_weight":"600","category_hover_color":"#000000","meta_color":"#9B8989","meta_hover_color":"#E93314","meta_typography_typography":"custom","meta_typography_font_family":"Nunito","meta_typography_font_size":{"unit":"px","size":13,"sizes":[]},"posts_post_type":"post","content_padding_mobile":{"unit":"px","top":"10","right":"10","bottom":"10","left":"10","isLinked":false},"title_typography_font_size_mobile":{"unit":"px","size":15,"sizes":[]},"date_day_typography_font_size_mobile":{"unit":"px","size":20,"sizes":[]},"category_typography_font_size_mobile":{"unit":"px","size":11,"sizes":[]},"meta_typography_font_size_mobile":{"unit":"px","size":9,"sizes":[]},"upk_in_animation_transform_origin":"center top","ep_display_conditions":[],"ep_parallax_effects_transition_for":"all","ep_parallax_effects_transition_duration":"100","ep_parallax_effects_transition_easing":"linear"},"elements":[],"isInner":false,"widgetType":"upk-fanel-list","elType":"widget"},{"id":"448e818a","settings":{"text":"See More","align":"center","typography_typography":"custom","typography_font_family":"Nunito","typography_font_size":{"unit":"px","size":16,"sizes":[]},"typography_font_weight":"700","typography_text_transform":"uppercase","button_text_color":"#635D5D","background_color":"#23B74D00","button_background_hover_color":"#FFFFFF00","text_padding":{"unit":"px","top":"20","right":"20","bottom":"20","left":"20","isLinked":true},"_padding":{"unit":"px","top":"0","right":"0","bottom":"0","left":"0","isLinked":false},"hover_color":"#E93314","_margin":{"unit":"px","top":"0","right":"0","bottom":"0","left":"0","isLinked":false},"_border_border":"solid","_border_width":{"unit":"px","top":"1","right":"1","bottom":"1","left":"1","isLinked":true},"_border_color":"#E6E6E6","_margin_mobile":{"unit":"px","top":"10","right":"0","bottom":"0","left":"0","isLinked":false},"ep_display_conditions":[],"ep_parallax_effects_transition_for":"all","ep_parallax_effects_transition_duration":"100","ep_parallax_effects_transition_easing":"linear"},"elements":[],"isInner":false,"widgetType":"button","elType":"widget"}],"isInner":true,"elType":"container"}],"isInner":true,"elType":"container"},{"id":"a3beb66","settings":{"_column_size":50,"width":{"size":30,"unit":"%"},"padding":{"unit":"px","top":"0","right":"0","bottom":"0","left":"10","isLinked":false},"padding_mobile":{"unit":"px","top":"0","right":"0","bottom":"0","left":"0","isLinked":false},"width_tablet":{"size":100,"unit":"%"},"ep_parallax_effects_transition_for":"all","ep_parallax_effects_transition_duration":"100","ep_parallax_effects_transition_easing":"linear","content_width":"full","upk_mc_item_list":[],"section_parallax_elements":[],"ep_display_conditions":[]},"elements":[{"id":"40584dd8","settings":{"structure":"20","background_background":"classic","background_color":"#FFFFFF","padding":{"unit":"px","top":"25","right":"25","bottom":"25","left":"25","isLinked":true},"upk_mc_item_list":[],"section_parallax_elements":[],"ep_display_conditions":[],"ep_parallax_effects_transition_for":"all","ep_parallax_effects_transition_duration":"100","ep_parallax_effects_transition_easing":"linear","flex_direction":"row","flex_align_items":"center","flex_gap":{"size":10,"column":"10","row":"10","unit":"px","isLinked":true},"content_width":"full","_title":"Follow Us"},"elements":[{"id":"68b1cf28","settings":{"title":"Follow Us","align":"left","title_color":"#2B2B2B","typography_typography":"custom","typography_font_family":"Nunito","typography_font_size":{"unit":"px","size":20,"sizes":[]},"typography_font_size_tablet":{"unit":"px","size":20,"sizes":[]},"typography_font_size_mobile":{"unit":"px","size":20,"sizes":[]},"typography_font_weight":"700","typography_text_transform":"uppercase","typography_letter_spacing":{"unit":"px","size":2,"sizes":[]},"_margin":{"unit":"px","top":"0","right":"0","bottom":"0","left":"0","isLinked":false},"_margin_tablet":{"unit":"px","top":"0","right":"0","bottom":"0","left":"0","isLinked":true},"_margin_mobile":{"unit":"px","top":"0","right":"0","bottom":"10","left":"0","isLinked":false},"ep_display_conditions":[],"ep_parallax_effects_transition_for":"all","ep_parallax_effects_transition_duration":"100","ep_parallax_effects_transition_easing":"linear"},"elements":[],"isInner":false,"widgetType":"heading","elType":"widget"},{"id":"3da79dd5","settings":{"style":"dashed","align":"center","text":"Divider","color":"#E93314","weight":{"unit":"px","size":1.5,"sizes":[]},"gap":{"unit":"px","size":0,"sizes":[]},"_margin":{"unit":"px","top":"0","right":"0","bottom":"0","left":"0","isLinked":false},"_padding":{"unit":"px","top":"0","right":"0","bottom":"0","left":"0","isLinked":false},"ep_display_conditions":[],"ep_parallax_effects_transition_for":"all","ep_parallax_effects_transition_duration":"100","ep_parallax_effects_transition_easing":"linear"},"elements":[],"isInner":false,"widgetType":"divider","elType":"widget"}],"isInner":true,"elType":"container"},{"id":"43f66f95","settings":{"share_buttons":[{"_id":"7e9ef3f"},{"button":"twitter","_id":"f11494c"},{"button":"linkedin","_id":"ed89ac3"},{"button":"reddit","_id":"c5b055b"}],"columns":"2","inline_column_gap":{"unit":"px","size":20,"sizes":[]},"row_gap":{"unit":"px","size":5,"sizes":[]},"ss_horizontal_offset":{"unit":"px","size":"","sizes":[]},"ss_vertical_offset":{"unit":"px","size":"","sizes":[]},"style":"gradient","border_radius":{"unit":"px","top":"4","right":"4","bottom":"4","left":"4","isLinked":true},"layout_style":"grid","alignment":"center","_padding":{"unit":"px","top":"18","right":"18","bottom":"25","left":"18","isLinked":false},"_background_background":"classic","_background_color":"#FFFFFF","ep_display_conditions":[],"ep_parallax_effects_transition_for":"all","ep_parallax_effects_transition_duration":"100","ep_parallax_effects_transition_easing":"linear"},"elements":[],"isInner":false,"widgetType":"upk-social-share","elType":"widget"},{"id":"45836a81","settings":{"structure":"20","background_background":"classic","background_color":"#FFFFFF","margin":{"unit":"px","top":"30","right":0,"bottom":"0","left":0,"isLinked":false},"padding":{"unit":"px","top":"30","right":"25","bottom":"25","left":"25","isLinked":false},"upk_mc_item_list":[],"section_parallax_elements":[],"ep_display_conditions":[],"ep_parallax_effects_transition_for":"all","ep_parallax_effects_transition_duration":"100","ep_parallax_effects_transition_easing":"linear","flex_direction":"row","flex_align_items":"center","flex_gap":{"size":10,"column":"10","row":"10","unit":"px","isLinked":true},"content_width":"full","_title":"Latest Post"},"elements":[{"id":"223a7cd9","settings":{"title":"Latest Post","align":"left","title_color":"#2B2B2B","typography_typography":"custom","typography_font_family":"Nunito","typography_font_size":{"unit":"px","size":20,"sizes":[]},"typography_font_size_tablet":{"unit":"px","size":20,"sizes":[]},"typography_font_size_mobile":{"unit":"px","size":20,"sizes":[]},"typography_font_weight":"700","typography_text_transform":"uppercase","typography_letter_spacing":{"unit":"px","size":2,"sizes":[]},"_margin":{"unit":"px","top":"0","right":"0","bottom":"0","left":"0","isLinked":false},"_margin_tablet":{"unit":"px","top":"0","right":"0","bottom":"0","left":"0","isLinked":true},"_margin_mobile":{"unit":"px","top":"0","right":"0","bottom":"10","left":"0","isLinked":false},"ep_display_conditions":[],"ep_parallax_effects_transition_for":"all","ep_parallax_effects_transition_duration":"100","ep_parallax_effects_transition_easing":"linear"},"elements":[],"isInner":false,"widgetType":"heading","elType":"widget"},{"id":"3eb71e39","settings":{"style":"dashed","align":"center","text":"Divider","color":"#E93314","weight":{"unit":"px","size":1.5,"sizes":[]},"gap":{"unit":"px","size":0,"sizes":[]},"_margin":{"unit":"px","top":"0","right":"0","bottom":"0","left":"0","isLinked":false},"_padding":{"unit":"px","top":"0","right":"0","bottom":"0","left":"0","isLinked":false},"ep_display_conditions":[],"ep_parallax_effects_transition_for":"all","ep_parallax_effects_transition_duration":"100","ep_parallax_effects_transition_easing":"linear"},"elements":[],"isInner":false,"widgetType":"divider","elType":"widget"}],"isInner":true,"elType":"container"},{"id":"3d980be9","settings":{"content_width":"full","background_background":"classic","background_color":"#FFFFFF","padding":{"unit":"px","top":"20","right":"20","bottom":"20","left":"20","isLinked":true},"upk_mc_item_list":[],"section_parallax_elements":[],"ep_display_conditions":[],"ep_parallax_effects_transition_for":"all","ep_parallax_effects_transition_duration":"100","ep_parallax_effects_transition_easing":"linear","flex_align_items":"stretch","flex_gap":{"size":10,"column":"10","row":"10","unit":"px","isLinked":true}},"elements":[{"id":"619c8af4","settings":{"columns":"1","item_gap":{"unit":"px","size":30,"sizes":[]},"item_height":{"unit":"px","size":250,"sizes":[]},"item_height_tablet":{"unit":"px","size":450,"sizes":[]},"item_height_mobile":{"unit":"px","size":250,"sizes":[]},"primary_thumbnail_size":"full","item_limit":{"unit":"px","size":3,"sizes":[]},"posts_include_by":["terms"],"posts_include_term_ids":["18"],"navigation":"dots","content_padding":{"unit":"px","top":"0","right":"30","bottom":"50","left":"30","isLinked":false},"content_padding_tablet":{"unit":"px","top":"60","right":"20","bottom":"100","left":"20","isLinked":false},"content_padding_mobile":{"unit":"px","top":"25","right":"15","bottom":"80","left":"15","isLinked":false},"overlay_blur_effect":"yes","overlay_blur_level":{"unit":"px","size":0,"sizes":[]},"item_border_width":{"unit":"px","top":"2","right":"2","bottom":"2","left":"2","isLinked":true},"item_padding":{"unit":"px","top":"0","right":"0","bottom":"0","left":"0","isLinked":false},"overlay_blur_level_hover":{"unit":"px","size":10,"sizes":[]},"title_color":"#FFFFFF","title_spacing_tablet":{"unit":"px","size":18,"sizes":[]},"title_typography_typography":"custom","title_typography_font_family":"Red Hat Display","title_typography_font_size":{"unit":"px","size":20,"sizes":[]},"title_typography_font_size_tablet":{"unit":"px","size":24,"sizes":[]},"title_typography_font_size_mobile":{"unit":"px","size":20,"sizes":[]},"title_typography_font_weight":"600","author_hover_color":"#FFFFFF","date_spacing_tablet":{"unit":"px","size":10,"sizes":[]},"author_typography_typography":"custom","author_typography_font_family":"Red Hat Display","author_typography_font_size":{"unit":"px","size":12,"sizes":[]},"author_typography_font_size_tablet":{"unit":"px","size":11,"sizes":[]},"author_typography_font_size_mobile":{"unit":"px","size":10,"sizes":[]},"author_typography_text_transform":"uppercase","category_bottom_spacing":{"unit":"px","size":30,"sizes":[]},"category_bottom_spacing_mobile":{"unit":"px","size":4,"sizes":[]},"category_color":"#FFFFFF","category_background_background":"classic","category_background_color":"#FF9900","category_padding":{"unit":"px","top":"6","right":"12","bottom":"6","left":"12","isLinked":false},"category_spacing":{"unit":"px","size":10,"sizes":[]},"category_spacing_mobile":{"unit":"px","size":2,"sizes":[]},"category_typography_typography":"custom","category_typography_font_family":"Helvetica","category_typography_font_size":{"unit":"px","size":12,"sizes":[]},"category_typography_font_size_tablet":{"unit":"px","size":11,"sizes":[]},"category_typography_font_size_mobile":{"unit":"px","size":10,"sizes":[]},"category_typography_font_weight":"600","category_typography_text_transform":"uppercase","category_hover_background_background":"classic","category_hover_background_color":"#D17D00","arrows_color":"#FF9900","arrows_background":"#FFFFFF","border_radius":{"unit":"px","top":"4","right":"4","bottom":"4","left":"4","isLinked":true},"arrows_padding":{"unit":"px","top":"15","right":"15","bottom":"15","left":"15","isLinked":true},"arrows_size_mobile":{"unit":"px","size":10,"sizes":[]},"arrows_hover_color":"#FFFFFF","arrows_hover_background":"#FF9900","dots_color":"#FFFFFF","active_dot_color":"#FFFFFF","dots_border_radius":{"unit":"px","top":"0","right":"0","bottom":"0","left":"0","isLinked":false},"dots_width_size":{"unit":"px","size":20,"sizes":[]},"dots_width_size_mobile":{"unit":"px","size":30,"sizes":[]},"dots_height_size":{"unit":"px","size":5,"sizes":[]},"dots_height_size_mobile":{"unit":"px","size":5,"sizes":[]},"dots_nny_position":{"unit":"px","size":-28,"sizes":[]},"both_cx_position":{"unit":"px","size":50,"sizes":[]},"both_cy_position":{"unit":"px","size":-50,"sizes":[]},"_margin":{"unit":"px","top":"0","right":"0","bottom":"0","left":"0","isLinked":false},"_padding":{"unit":"px","top":"0","right":"0","bottom":"0","left":"0","isLinked":false},"posts_post_type":"post","columns_tablet":"1","meta_separator":".","ep_display_conditions":[],"ep_parallax_effects_transition_for":"all","ep_parallax_effects_transition_duration":"100","ep_parallax_effects_transition_easing":"linear"},"elements":[],"isInner":false,"widgetType":"upk-alice-carousel","elType":"widget"},{"id":"4a809aca","settings":{"columns":"1","column_gap":{"unit":"px","size":"","sizes":[]},"primary_thumbnail_size":"full","item_limit":{"unit":"px","size":3,"sizes":[]},"show_author":"","content_padding":{"unit":"px","top":"0","right":"0","bottom":"0","left":"10","isLinked":false},"content_padding_mobile":{"unit":"px","top":"0","right":"0","bottom":"0","left":"10","isLinked":false},"item_border_border":"solid","item_border_width":{"unit":"px","top":"0","right":"0","bottom":"1","left":"0","isLinked":false},"item_border_color":"#FFFFFF00","item_border_radius":{"unit":"px","top":"0","right":"0","bottom":"0","left":"0","isLinked":false},"item_padding":{"unit":"px","top":"0","right":"0","bottom":"10","left":"0","isLinked":false},"item_hover_border_color":"#FFFFFF00","item_image_border_radius":{"unit":"px","top":"0","right":"0","bottom":"0","left":"0","isLinked":false},"item_image_size":{"unit":"px","size":150,"sizes":[]},"title_hover_color":"#E93314","title_typography_typography":"custom","title_typography_font_family":"Nunito","title_typography_font_size":{"unit":"px","size":18,"sizes":[]},"title_typography_font_size_tablet":{"unit":"px","size":16,"sizes":[]},"title_typography_font_weight":"700","meta_hover_color":"#E93314","meta_typography_typography":"custom","meta_typography_font_family":"Nunito","meta_typography_font_size":{"unit":"px","size":12,"sizes":[]},"meta_typography_font_size_tablet":{"unit":"px","size":10,"sizes":[]},"meta_typography_font_weight":"500","category_bottom_spacing":{"unit":"px","size":10,"sizes":[]},"category_bottom_spacing_tablet":{"unit":"px","size":5,"sizes":[]},"category_color":"#E93314","category_border_border":"","category_border_radius":{"unit":"px","top":"0","right":"0","bottom":"0","left":"0","isLinked":false},"category_padding":{"unit":"px","top":"0","right":"0","bottom":"0","left":"0","isLinked":false},"category_spacing":{"unit":"px","size":10,"sizes":[]},"category_spacing_tablet":{"unit":"px","size":5,"sizes":[]},"category_typography_typography":"custom","category_typography_font_family":"Nunito","category_typography_font_size":{"unit":"px","size":12,"sizes":[]},"category_typography_font_size_tablet":{"unit":"px","size":11,"sizes":[]},"category_typography_font_weight":"700","category_hover_color":"#000000","show_image":"","posts_post_type":"post","meta_separator":".","upk_in_animation_transform_origin":"center top","ep_display_conditions":[],"ep_parallax_effects_transition_for":"all","ep_parallax_effects_transition_duration":"100","ep_parallax_effects_transition_easing":"linear"},"elements":[],"isInner":false,"widgetType":"upk-harold-list","elType":"widget"}],"isInner":true,"elType":"container"},{"id":"21464cc0","settings":{"structure":"20","background_background":"classic","background_color":"#FFFFFF","background_overlay_background":"classic","margin":{"unit":"px","top":"30","right":0,"bottom":"0","left":0,"isLinked":false},"padding":{"unit":"px","top":"30","right":"25","bottom":"25","left":"25","isLinked":false},"upk_mc_item_list":[],"section_parallax_elements":[],"ep_display_conditions":[],"ep_parallax_effects_transition_for":"all","ep_parallax_effects_transition_duration":"100","ep_parallax_effects_transition_easing":"linear","flex_direction":"row","flex_align_items":"stretch","flex_gap":{"size":10,"column":"10","row":"10","unit":"px","isLinked":true},"content_width":"full","_title":"Tour"},"elements":[{"id":"3918d6ae","settings":{"title":"Tour","align":"left","title_color":"#2B2B2B","typography_typography":"custom","typography_font_family":"Nunito","typography_font_size":{"unit":"px","size":20,"sizes":[]},"typography_font_size_tablet":{"unit":"px","size":20,"sizes":[]},"typography_font_size_mobile":{"unit":"px","size":20,"sizes":[]},"typography_font_weight":"700","typography_text_transform":"uppercase","typography_letter_spacing":{"unit":"px","size":2,"sizes":[]},"_margin":{"unit":"px","top":"0","right":"0","bottom":"0","left":"0","isLinked":false},"_margin_tablet":{"unit":"px","top":"0","right":"0","bottom":"0","left":"0","isLinked":true},"_margin_mobile":{"unit":"px","top":"0","right":"0","bottom":"10","left":"0","isLinked":false},"ep_display_conditions":[],"ep_parallax_effects_transition_for":"all","ep_parallax_effects_transition_duration":"100","ep_parallax_effects_transition_easing":"linear"},"elements":[],"isInner":false,"widgetType":"heading","elType":"widget"},{"id":"52a1b374","settings":{"style":"dashed","align":"center","text":"Divider","color":"#E93314","weight":{"unit":"px","size":1.5,"sizes":[]},"gap":{"unit":"px","size":0,"sizes":[]},"_margin":{"unit":"px","top":"0","right":"0","bottom":"0","left":"0","isLinked":false},"_padding":{"unit":"px","top":"0","right":"0","bottom":"0","left":"0","isLinked":false},"ep_display_conditions":[],"ep_parallax_effects_transition_for":"all","ep_parallax_effects_transition_duration":"100","ep_parallax_effects_transition_easing":"linear"},"elements":[],"isInner":false,"widgetType":"divider","elType":"widget"}],"isInner":true,"elType":"container"},{"id":"43535d36","settings":{"content_width":"full","background_background":"classic","background_color":"#FFFFFF","padding":{"unit":"px","top":"20","right":"20","bottom":"20","left":"20","isLinked":true},"upk_mc_item_list":[],"section_parallax_elements":[],"ep_display_conditions":[],"ep_parallax_effects_transition_for":"all","ep_parallax_effects_transition_duration":"100","ep_parallax_effects_transition_easing":"linear","flex_direction":"row","flex_align_items":"stretch","flex_gap":{"size":10,"column":"10","row":"10","unit":"px","isLinked":true}},"elements":[{"id":"8b550a5","settings":{"column_gap":{"unit":"px","size":20,"sizes":[]},"secondary_image_width_mobile":{"unit":"px","size":100,"sizes":[]},"primary_thumbnail_size":"full","item_border_radius":{"unit":"px","top":"0","right":"0","bottom":"0","left":"0","isLinked":false},"item_image_border_radius":{"unit":"px","top":"0","right":"0","bottom":"0","left":"0","isLinked":false},"title_hover_color":"#E93314","title_typography_typography":"custom","title_typography_font_family":"Nunito","title_typography_font_size":{"unit":"px","size":15,"sizes":[]},"title_typography_font_size_tablet":{"unit":"px","size":20,"sizes":[]},"title_typography_font_size_mobile":{"unit":"px","size":20,"sizes":[]},"title_typography_font_weight":"700","secondary_title_typography_typography":"custom","secondary_title_typography_font_family":"Nunito","secondary_title_typography_font_size":{"unit":"px","size":15,"sizes":[]},"secondary_title_typography_font_size_tablet":{"unit":"px","size":15,"sizes":[]},"secondary_title_typography_font_size_mobile":{"unit":"px","size":15,"sizes":[]},"secondary_title_typography_font_weight":"600","text_typography_typography":"custom","text_typography_font_family":"Nunito","text_typography_font_size":{"unit":"px","size":16,"sizes":[]},"text_typography_font_size_tablet":{"unit":"px","size":13,"sizes":[]},"text_typography_font_size_mobile":{"unit":"px","size":14,"sizes":[]},"text_typography_font_weight":"500","meta_color":"#473F3F","meta_hover_color":"#E93314","meta_divider_color":"#E93314","meta_typography_typography":"custom","meta_typography_font_family":"Nunito","meta_typography_font_size":{"unit":"px","size":13,"sizes":[]},"meta_typography_font_size_tablet":{"unit":"px","size":12,"sizes":[]},"meta_typography_font_size_mobile":{"unit":"px","size":12,"sizes":[]},"meta_typography_font_weight":"500","category_background_background":"classic","category_background_color":"#E93314","category_border_radius":{"unit":"px","top":"0","right":"0","bottom":"0","left":"0","isLinked":false},"category_padding":{"unit":"px","top":"6","right":"12","bottom":"6","left":"12","isLinked":false},"category_spacing":{"unit":"px","size":10,"sizes":[]},"category_typography_typography":"custom","category_typography_font_family":"Nunito","category_typography_font_size":{"unit":"px","size":10,"sizes":[]},"category_typography_font_weight":"700","category_typography_text_transform":"uppercase","category_hover_color":"#E93314","category_hover_background_background":"classic","category_hover_background_color":"#FFFFFF","post_format_background_background":"classic","post_format_background_color":"#5DB75D","post_format_border_radius":{"unit":"px","top":"0","right":"0","bottom":"0","left":"0","isLinked":false},"post_format_hover_color":"#FFFFFF","post_format_hover_background_background":"classic","post_format_hover_background_color":"#000000","_padding":{"unit":"px","top":"0","right":"0","bottom":"0","left":"0","isLinked":false},"_padding_tablet":{"unit":"px","top":"50","right":"0","bottom":"0","left":"0","isLinked":false},"_padding_mobile":{"unit":"px","top":"40","right":"0","bottom":"0","left":"0","isLinked":false},"show_author_avatar":"","text_color":"#4D4646BA","posts_include_by":["terms"],"posts_include_term_ids":[],"grid_style":"4","secondary_image_width":{"unit":"px","size":367,"sizes":[]},"show_post_format":"","show_excerpt":"","show_author_name":"","show_category":"","posts_post_type":"post","meta_separator":"-","upk_in_animation_transform_origin":"center top","ep_display_conditions":[],"ep_parallax_effects_transition_for":"all","ep_parallax_effects_transition_duration":"100","ep_parallax_effects_transition_easing":"linear"},"elements":[],"isInner":false,"widgetType":"upk-maple-grid","elType":"widget"}],"isInner":true,"elType":"container"},{"id":"79ea53e2","settings":{"_column_size":100,"width":{"size":null,"unit":"%"},"padding":{"unit":"px","top":"60","right":"40","bottom":"60","left":"40","isLinked":false},"border_width":{"unit":"px","top":"5","right":"0","bottom":"0","left":"0","isLinked":false},"border_color":"#E93314","box_shadow_box_shadow_type":"yes","box_shadow_box_shadow":{"horizontal":0,"vertical":0,"blur":30,"spread":0,"color":"rgba(0, 0, 0, 0.05)"},"background_background":"classic","background_color":"#FFFFFF","ep_parallax_effects_transition_for":"all","ep_parallax_effects_transition_duration":"100","ep_parallax_effects_transition_easing":"linear","content_width":"full","upk_mc_item_list":[],"margin":{"unit":"px","top":"30","right":"0","bottom":"0","left":"0","isLinked":false},"section_parallax_elements":[],"ep_display_conditions":[],"_title":"Subscribe Form"},"elements":[{"id":"6d451de2","settings":{"title":"Subscribe Form","align":"left","title_color":"#2B2B2B","typography_typography":"custom","typography_font_family":"Nunito","typography_font_size":{"unit":"px","size":22,"sizes":[]},"typography_font_size_tablet":{"unit":"px","size":28,"sizes":[]},"typography_font_size_mobile":{"unit":"px","size":18,"sizes":[]},"typography_font_weight":"700","_margin":{"unit":"px","top":"0","right":"0","bottom":"0","left":"0","isLinked":false},"_margin_tablet":{"unit":"px","top":"0","right":"0","bottom":"0","left":"0","isLinked":true},"_margin_mobile":{"unit":"px","top":"0","right":"0","bottom":"0","left":"0","isLinked":true},"typography_text_transform":"uppercase","typography_letter_spacing":{"unit":"px","size":3,"sizes":[]},"_padding":{"unit":"px","top":"0","right":"0","bottom":"0","left":"0","isLinked":false},"_border_width":{"unit":"px","top":"1","right":"1","bottom":"1","left":"1","isLinked":true},"_border_color":"#23B74DDB","_border_hover_width":{"unit":"px","top":"1","right":"1","bottom":"1","left":"1","isLinked":true},"_border_hover_color":"#23B74D","_z_index":11,"ep_display_conditions":[],"ep_parallax_effects_transition_for":"all","ep_parallax_effects_transition_duration":"100","ep_parallax_effects_transition_easing":"linear"},"elements":[],"isInner":false,"widgetType":"heading","elType":"widget"},{"id":"12f40316","settings":{"editor":"<p>Subscribe our mailing list to get\u00a0 the new updates.<\/p>","align":"left","typography_typography":"custom","typography_font_family":"Nunito","typography_font_size":{"unit":"px","size":17,"sizes":[]},"typography_font_weight":"400","_padding":{"unit":"px","top":"10","right":"0","bottom":"0","left":"0","isLinked":false},"ep_display_conditions":[],"ep_parallax_effects_transition_for":"all","ep_parallax_effects_transition_duration":"100","ep_parallax_effects_transition_easing":"linear"},"elements":[],"isInner":false,"widgetType":"text-editor","elType":"widget"},{"id":"21091c96","settings":{"email_field_placeholder":"Enter Your Email","button_text":"Subscribe","placeholder_typography_typography":"custom","placeholder_typography_font_family":"Nunito","placeholder_typography_font_size":{"unit":"px","size":16,"sizes":[]},"placeholder_typography_font_weight":"500","align":"center","fullwidth_input":"yes","fullwidth_button":"yes","before_icon_color":"#FFFFFF","before_icon_background_background":"classic","before_icon_background_color":"#FF7043","before_icon_border_width":{"unit":"px","top":"1","right":"0","bottom":"1","left":"1","isLinked":false},"before_icon_border_color":"#8DD438","before_icon_radius":{"unit":"px","top":"0","right":"0","bottom":"0","left":"0","isLinked":false},"before_icon_padding":{"unit":"px","top":"18","right":"15","bottom":"18","left":"15","isLinked":false},"before_icon_margin":{"unit":"px","top":"0","right":"0","bottom":"0","left":"0","isLinked":false},"before_icon_hover_color":"#FFFFFF","before_icon_hover_background_background":"classic","before_icon_hover_background_color":"#8DD438","before_icon_hover_border_color":"#8DD438","input_placeholder_color":"#E93314","input_color":"#000000","input_background_background":"classic","input_background_color":"#FBFBFB","input_border_width":{"unit":"px","top":"1","right":"1","bottom":"1","left":"1","isLinked":true},"input_border_color":"#FFFFFF","input_radius":{"unit":"px","top":"0","right":"0","bottom":"0","left":"0","isLinked":false},"input_padding":{"unit":"px","top":"26","right":"30","bottom":"26","left":"30","isLinked":false},"input_padding_mobile":{"unit":"px","top":"23","right":"15","bottom":"23","left":"15","isLinked":false},"input_margin":{"unit":"px","top":"0","right":"0","bottom":"20","left":"0","isLinked":false},"input_margin_mobile":{"unit":"px","top":"0","right":"0","bottom":"20","left":"0","isLinked":false},"input_shadow_box_shadow":{"horizontal":0,"vertical":5,"blur":20,"spread":0,"color":"rgba(0, 0, 0, 0.07)"},"placeholder_typography_font_size_mobile":{"unit":"px","size":13,"sizes":[]},"button_text_color":"#FFFFFF","button_background_color_background":"classic","button_background_color_color":"#E93314","button_border_width":{"unit":"px","top":"1","right":"1","bottom":"1","left":"1","isLinked":true},"button_border_color":"#8DD438","button_radius":{"unit":"px","top":"0","right":"0","bottom":"0","left":"0","isLinked":false},"button_text_padding":{"unit":"px","top":"6","right":"30","bottom":"6","left":"30","isLinked":false},"button_text_padding_mobile":{"unit":"px","top":"2","right":"20","bottom":"2","left":"20","isLinked":false},"button_typography_typography":"custom","button_typography_font_family":"Nunito","button_typography_font_size":{"unit":"px","size":16,"sizes":[]},"button_typography_font_size_mobile":{"unit":"px","size":12,"sizes":[]},"button_typography_font_weight":"700","hover_color":"#FFFFFF","button_background_hover_color_background":"classic","button_background_hover_color_color":"#CE1E00","button_hover_border_color":"#8DD438","before_text_color":"#FF7043","before_text_spacing":{"unit":"px","size":10,"sizes":[]},"before_text_typography_typography":"custom","before_text_typography_font_family":"Montserrat","before_text_typography_font_size":{"unit":"px","size":24,"sizes":[]},"before_text_typography_font_size_mobile":{"unit":"px","size":16,"sizes":[]},"before_text_typography_font_weight":"600","fname_field_placeholder":"Name ","input_border_border":"solid","input_focus_border_color":"#E93314","button_typography_text_transform":"uppercase","button_typography_letter_spacing":{"unit":"px","size":3,"sizes":[]},"_padding":{"unit":"px","top":"0","right":"0","bottom":"0","left":"0","isLinked":false},"ep_display_conditions":[],"ep_parallax_effects_transition_for":"all","ep_parallax_effects_transition_duration":"100","ep_parallax_effects_transition_easing":"linear"},"elements":[],"isInner":false,"widgetType":"upk-newsletter","elType":"widget"}],"isInner":true,"elType":"container"},{"id":"7549de13","settings":{"structure":"20","background_background":"classic","background_color":"#FFFFFF","background_overlay_background":"classic","margin":{"unit":"px","top":"30","right":0,"bottom":"0","left":0,"isLinked":false},"padding":{"unit":"px","top":"30","right":"25","bottom":"25","left":"25","isLinked":false},"upk_mc_item_list":[],"section_parallax_elements":[],"ep_display_conditions":[],"ep_parallax_effects_transition_for":"all","ep_parallax_effects_transition_duration":"100","ep_parallax_effects_transition_easing":"linear","flex_direction":"row","flex_align_items":"stretch","flex_gap":{"size":10,"column":"10","row":"10","unit":"px","isLinked":true},"content_width":"full","_title":"Categories"},"elements":[{"id":"62ae5cf3","settings":{"title":"Categories","align":"left","title_color":"#2B2B2B","typography_typography":"custom","typography_font_family":"Nunito","typography_font_size":{"unit":"px","size":20,"sizes":[]},"typography_font_size_tablet":{"unit":"px","size":20,"sizes":[]},"typography_font_size_mobile":{"unit":"px","size":20,"sizes":[]},"typography_font_weight":"700","typography_text_transform":"uppercase","typography_letter_spacing":{"unit":"px","size":2,"sizes":[]},"_margin":{"unit":"px","top":"0","right":"0","bottom":"0","left":"0","isLinked":false},"_margin_tablet":{"unit":"px","top":"0","right":"0","bottom":"0","left":"0","isLinked":true},"_margin_mobile":{"unit":"px","top":"0","right":"0","bottom":"10","left":"0","isLinked":false},"ep_display_conditions":[],"ep_parallax_effects_transition_for":"all","ep_parallax_effects_transition_duration":"100","ep_parallax_effects_transition_easing":"linear"},"elements":[],"isInner":false,"widgetType":"heading","elType":"widget"},{"id":"10c98589","settings":{"style":"dashed","align":"center","text":"Divider","color":"#E93314","weight":{"unit":"px","size":1.5,"sizes":[]},"gap":{"unit":"px","size":0,"sizes":[]},"_margin":{"unit":"px","top":"0","right":"0","bottom":"0","left":"0","isLinked":false},"_padding":{"unit":"px","top":"0","right":"0","bottom":"0","left":"0","isLinked":false},"ep_display_conditions":[],"ep_parallax_effects_transition_for":"all","ep_parallax_effects_transition_duration":"100","ep_parallax_effects_transition_easing":"linear"},"elements":[],"isInner":false,"widgetType":"divider","elType":"widget"}],"isInner":true,"elType":"container"},{"id":"510919af","settings":{"columns":"1","column_gap":{"unit":"px","size":15,"sizes":[]},"single_background":"yes","item_background_background":"classic","item_background_color":"#02010100","item_padding":{"unit":"px","top":"0","right":"0","bottom":"0","left":"0","isLinked":false},"category_name_color":"#2B2626","category_name_color_hover":"#E93314","category_name_typography_typography":"custom","category_name_typography_font_family":"Nunito","category_name_typography_font_size":{"unit":"px","size":16,"sizes":[]},"category_name_typography_font_weight":"600","count_color":"#181818","count_color_hover":"#E93314","count_background_color":"#E1E1E1","count_offset_toggle":"yes","count_horizontal_offset":{"unit":"px","size":0,"sizes":[]},"count_vertical_offset":{"unit":"px","size":0,"sizes":[]},"_padding":{"unit":"px","top":"30","right":"30","bottom":"30","left":"30","isLinked":false},"_background_background":"classic","_background_color":"#FFFFFF","posts_post_type":"post","ep_display_conditions":[],"ep_parallax_effects_transition_for":"all","ep_parallax_effects_transition_duration":"100","ep_parallax_effects_transition_easing":"linear"},"elements":[],"isInner":false,"widgetType":"upk-post-category","elType":"widget"},{"id":"458e8e05","settings":{"structure":"20","background_background":"classic","background_color":"#FFFFFF","background_overlay_background":"classic","margin":{"unit":"px","top":"10","right":0,"bottom":"0","left":0,"isLinked":false},"padding":{"unit":"px","top":"30","right":"25","bottom":"25","left":"25","isLinked":false},"upk_mc_item_list":[],"section_parallax_elements":[],"ep_display_conditions":[],"ep_parallax_effects_transition_for":"all","ep_parallax_effects_transition_duration":"100","ep_parallax_effects_transition_easing":"linear","flex_direction":"row","flex_align_items":"stretch","flex_gap":{"size":10,"column":"10","row":"10","unit":"px","isLinked":true},"content_width":"full","_title":"Comments"},"elements":[{"id":"51c14abd","settings":{"title":"Comments","align":"left","title_color":"#2B2B2B","typography_typography":"custom","typography_font_family":"Nunito","typography_font_size":{"unit":"px","size":20,"sizes":[]},"typography_font_size_tablet":{"unit":"px","size":20,"sizes":[]},"typography_font_size_mobile":{"unit":"px","size":20,"sizes":[]},"typography_font_weight":"700","typography_text_transform":"uppercase","typography_letter_spacing":{"unit":"px","size":2,"sizes":[]},"_margin":{"unit":"px","top":"0","right":"0","bottom":"0","left":"0","isLinked":false},"_margin_tablet":{"unit":"px","top":"0","right":"0","bottom":"0","left":"0","isLinked":true},"_margin_mobile":{"unit":"px","top":"0","right":"0","bottom":"10","left":"0","isLinked":false},"ep_display_conditions":[],"ep_parallax_effects_transition_for":"all","ep_parallax_effects_transition_duration":"100","ep_parallax_effects_transition_easing":"linear"},"elements":[],"isInner":false,"widgetType":"heading","elType":"widget"},{"id":"2b14c0a3","settings":{"style":"dashed","align":"center","text":"Divider","color":"#E93314","weight":{"unit":"px","size":1.5,"sizes":[]},"gap":{"unit":"px","size":0,"sizes":[]},"_margin":{"unit":"px","top":"0","right":"0","bottom":"0","left":"0","isLinked":false},"_padding":{"unit":"px","top":"0","right":"0","bottom":"0","left":"0","isLinked":false},"ep_display_conditions":[],"ep_parallax_effects_transition_for":"all","ep_parallax_effects_transition_duration":"100","ep_parallax_effects_transition_easing":"linear"},"elements":[],"isInner":false,"widgetType":"divider","elType":"widget"}],"isInner":true,"elType":"container"},{"id":"63bbcacb","settings":{"columns_tablet":"2","column_gap":{"unit":"px","size":15,"sizes":[]},"number":"4","show_title":"","excerpt_limit":10,"item_background_background":"classic","item_background_color":"#02010100","item_padding":{"unit":"px","top":"0","right":"0","bottom":"0","left":"0","isLinked":false},"text_color":"#625B5B","text_typography_typography":"custom","text_typography_font_family":"Nunito","text_typography_font_size":{"unit":"px","size":15,"sizes":[]},"text_typography_font_weight":"400","text_typography_line_height":{"unit":"em","size":1.8,"sizes":[]},"avatar_size":"64","author_name_hover_color":"#E93314","author_name_typography_typography":"custom","author_name_typography_font_family":"Nunito","author_name_typography_font_size":{"unit":"px","size":18,"sizes":[]},"author_name_typography_font_weight":"700","date_margin":{"unit":"px","top":"7","right":"0","bottom":"0","left":"0","isLinked":false},"date_typography_typography":"custom","date_typography_font_family":"Nunito","date_typography_font_size":{"unit":"px","size":13,"sizes":[]},"_padding":{"unit":"px","top":"30","right":"30","bottom":"30","left":"30","isLinked":false},"_background_background":"classic","_background_color":"#FFFFFF","author_middle_text":" @ ","upk_in_animation_transform_origin":"center top","ep_display_conditions":[],"ep_parallax_effects_transition_for":"all","ep_parallax_effects_transition_duration":"100","ep_parallax_effects_transition_easing":"linear"},"elements":[],"isInner":false,"widgetType":"upk-recent-comments","elType":"widget"},{"id":"40d512e","settings":{"structure":"20","background_background":"classic","background_color":"#FFFFFF","background_overlay_background":"classic","margin":{"unit":"px","top":"30","right":0,"bottom":"0","left":0,"isLinked":false},"padding":{"unit":"px","top":"30","right":"25","bottom":"25","left":"25","isLinked":false},"upk_mc_item_list":[],"section_parallax_elements":[],"ep_display_conditions":[],"ep_parallax_effects_transition_for":"all","ep_parallax_effects_transition_duration":"100","ep_parallax_effects_transition_easing":"linear","flex_direction":"row","flex_align_items":"stretch","flex_gap":{"size":10,"column":"10","row":"10","unit":"px","isLinked":true},"content_width":"full"},"elements":[{"id":"63831d72","settings":{"title":"Main Tags","align":"left","title_color":"#2B2B2B","typography_typography":"custom","typography_font_family":"Nunito","typography_font_size":{"unit":"px","size":20,"sizes":[]},"typography_font_size_tablet":{"unit":"px","size":20,"sizes":[]},"typography_font_size_mobile":{"unit":"px","size":20,"sizes":[]},"typography_font_weight":"700","typography_text_transform":"uppercase","typography_letter_spacing":{"unit":"px","size":2,"sizes":[]},"_margin":{"unit":"px","top":"0","right":"0","bottom":"0","left":"0","isLinked":false},"_margin_tablet":{"unit":"px","top":"0","right":"0","bottom":"0","left":"0","isLinked":true},"_margin_mobile":{"unit":"px","top":"0","right":"0","bottom":"10","left":"0","isLinked":false},"ep_display_conditions":[],"ep_parallax_effects_transition_for":"all","ep_parallax_effects_transition_duration":"100","ep_parallax_effects_transition_easing":"linear"},"elements":[],"isInner":false,"widgetType":"heading","elType":"widget"},{"id":"7a2edc4c","settings":{"style":"dashed","align":"center","text":"Divider","color":"#E93314","weight":{"unit":"px","size":1.5,"sizes":[]},"gap":{"unit":"px","size":0,"sizes":[]},"_margin":{"unit":"px","top":"0","right":"0","bottom":"0","left":"0","isLinked":false},"_padding":{"unit":"px","top":"0","right":"0","bottom":"0","left":"0","isLinked":false},"ep_display_conditions":[],"ep_parallax_effects_transition_for":"all","ep_parallax_effects_transition_duration":"100","ep_parallax_effects_transition_easing":"linear"},"elements":[],"isInner":false,"widgetType":"divider","elType":"widget"}],"isInner":true,"elType":"container"},{"id":"81b7a3a","settings":{"item_gap":{"unit":"px","size":10,"sizes":[]},"show_count":"","item_limit":{"unit":"px","size":9,"sizes":[]},"single_background":"yes","item_background_background":"classic","item_background_color":"#FFFFFF00","item_padding":{"unit":"px","top":"6","right":"10","bottom":"6","left":"10","isLinked":false},"itam_background_hover_background":"classic","itam_background_hover_color":"#E93314","category_name_typography_typography":"custom","category_name_typography_font_size":{"unit":"px","size":16,"sizes":[]},"category_name_typography_font_family":"Nunito","category_name_typography_font_weight":"400","item_border_border":"solid","item_border_width":{"unit":"px","top":"1","right":"1","bottom":"1","left":"1","isLinked":true},"item_border_color":"#D9D9D9","item_border_radius":{"unit":"px","top":"0","right":"0","bottom":"0","left":"0","isLinked":false},"item_border_color_hover":"#E93314","category_name_color":"#151515","category_name_color_hover":"#FFFFFF","category_name_typography_font_size_mobile":{"unit":"px","size":11,"sizes":[]},"posts_post_type":"post","ep_display_conditions":[],"ep_parallax_effects_transition_for":"all","ep_parallax_effects_transition_duration":"100","ep_parallax_effects_transition_easing":"linear","_padding":{"unit":"px","top":"30","right":"30","bottom":"30","left":"30","isLinked":true},"_background_background":"classic","_background_color":"#FFFFFF"},"elements":[],"isInner":false,"widgetType":"upk-tag-cloud","elType":"widget"}],"isInner":true,"elType":"container"}],"isInner":false,"elType":"container"},{"id":"37bea8af","settings":{"boxed_width":{"unit":"px","size":1300,"sizes":[]},"background_color":"#F5F6F7","padding":{"unit":"px","top":"100","right":"30","bottom":"100","left":"30","isLinked":false},"padding_tablet":{"unit":"px","top":"80","right":"30","bottom":"80","left":"30","isLinked":false},"padding_mobile":{"unit":"px","top":"20","right":"15","bottom":"50","left":"15","isLinked":false},"upk_mc_item_list":[],"section_parallax_elements":[],"ep_display_conditions":[],"ep_parallax_effects_transition_for":"all","ep_parallax_effects_transition_duration":"100","ep_parallax_effects_transition_easing":"linear","flex_direction":"row","flex_align_items":"stretch","flex_gap":{"size":10,"column":"10","row":"10","unit":"px","isLinked":true},"_title":"Carousel"},"elements":[{"id":"3119a445","settings":{"columns":"3","columns_tablet":"2","primary_thumbnail_size":"full","human_diff_time":"yes","human_diff_time_short":"yes","nav_arrows_icon":"7","content_padding":{"unit":"px","top":"10","right":"0","bottom":"10","left":"30","isLinked":false},"content_padding_tablet":{"unit":"px","top":"0","right":"0","bottom":"0","left":"20","isLinked":false},"content_padding_mobile":{"unit":"px","top":"0","right":"0","bottom":"0","left":"10","isLinked":false},"item_border_border":"solid","item_border_width":{"unit":"px","top":"0","right":"0","bottom":"0","left":"0","isLinked":true},"item_border_color":"#E6E6E6","item_border_radius":{"unit":"px","top":"0","right":"0","bottom":"0","left":"0","isLinked":false},"item_padding":{"unit":"px","top":"0","right":"0","bottom":"20","left":"0","isLinked":false},"item_hover_border_color":"#E93314","item_image_border_radius":{"unit":"px","top":"0","right":"0","bottom":"0","left":"0","isLinked":false},"item_image_size":{"unit":"px","size":150,"sizes":[]},"item_image_size_tablet":{"unit":"px","size":150,"sizes":[]},"item_image_size_mobile":{"unit":"px","size":100,"sizes":[]},"title_hover_color":"#E93314","title_typography_typography":"custom","title_typography_font_family":"Nunito","title_typography_font_size":{"unit":"px","size":18,"sizes":[]},"title_typography_font_size_tablet":{"unit":"px","size":16,"sizes":[]},"title_typography_font_weight":"700","meta_hover_color":"#E93314","meta_spacing":{"unit":"px","size":0,"sizes":[]},"meta_typography_typography":"custom","meta_typography_font_family":"Nunito","meta_typography_font_size":{"unit":"px","size":12,"sizes":[]},"meta_typography_font_size_tablet":{"unit":"px","size":8,"sizes":[]},"meta_typography_font_weight":"500","category_bottom_spacing":{"unit":"px","size":10,"sizes":[]},"category_bottom_spacing_tablet":{"unit":"px","size":5,"sizes":[]},"category_color":"#E93314","category_border_radius":{"unit":"px","top":"0","right":"0","bottom":"0","left":"0","isLinked":false},"category_padding":{"unit":"px","top":"0","right":"0","bottom":"0","left":"0","isLinked":false},"category_spacing":{"unit":"px","size":10,"sizes":[]},"category_spacing_tablet":{"unit":"px","size":5,"sizes":[]},"category_typography_typography":"custom","category_typography_font_family":"Nunito","category_typography_font_size":{"unit":"px","size":12,"sizes":[]},"category_typography_font_size_tablet":{"unit":"px","size":11,"sizes":[]},"category_typography_font_weight":"700","category_hover_color":"#000000","arrows_color":"#000000","arrows_hover_color":"#E93314","show_author":"","meta_color":"#4B4A4A","category_border_width":{"unit":"px","top":"0","right":"0","bottom":"0","left":"0","isLinked":true},"posts_post_type":"post","meta_separator":".","ep_display_conditions":[],"ep_parallax_effects_transition_for":"all","ep_parallax_effects_transition_duration":"100","ep_parallax_effects_transition_easing":"linear"},"elements":[],"isInner":false,"widgetType":"upk-harold-carousel","elType":"widget"}],"isInner":false,"elType":"container"},{"id":"205911cc","settings":{"structure":"40","background_background":"classic","background_color":"#F6F6F6","padding":{"unit":"px","top":"100","right":"30","bottom":"50","left":"30","isLinked":false},"padding_tablet":{"unit":"px","top":"50","right":"30","bottom":"50","left":"30","isLinked":false},"padding_mobile":{"unit":"px","top":"50","right":"15","bottom":"50","left":"15","isLinked":false},"boxed_width":{"unit":"px","size":1200,"sizes":[]},"upk_mc_item_list":[],"section_parallax_elements":[],"ep_display_conditions":[],"ep_parallax_effects_transition_for":"all","ep_parallax_effects_transition_duration":"100","ep_parallax_effects_transition_easing":"linear","flex_direction":"row","flex_align_items":"stretch","flex_gap":{"size":10,"column":"10","row":"10","unit":"px","isLinked":true},"_title":"Footer","background_image":{"id":42684,"url":"http:\/\/sohan-test-website-vxfgpk.flywp.xyz\/wp-content\/uploads\/2025\/09\/travel_06.jpg"},"background_position":"top center","background_repeat":"no-repeat","background_size":"cover","background_overlay_background":"classic","background_overlay_color":"#000000","background_overlay_opacity":{"unit":"px","size":0.85,"sizes":[]}},"elements":[{"id":"3925b313","settings":{"_column_size":25,"width":{"size":null,"unit":"%"},"width_tablet":{"size":50,"unit":"%"},"ep_parallax_effects_transition_for":"all","ep_parallax_effects_transition_duration":"100","ep_parallax_effects_transition_easing":"linear","content_width":"full","upk_mc_item_list":[],"section_parallax_elements":[],"ep_display_conditions":[]},"elements":[{"id":"4c1bae8f","settings":{"image":{"id":42683,"url":"http:\/\/sohan-test-website-vxfgpk.flywp.xyz\/wp-content\/uploads\/2025\/09\/FlipPage-\u2013-Fresh-Perspectives-Every-Day-.png"},"align":"left","ep_display_conditions":[],"ep_parallax_effects_transition_for":"all","ep_parallax_effects_transition_duration":"100","ep_parallax_effects_transition_easing":"linear"},"elements":[],"isInner":false,"widgetType":"image","elType":"widget"},{"id":"7550416d","settings":{"text_color":"#FFFFFFB3","typography_typography":"custom","typography_font_family":"Nunito","typography_font_size":{"unit":"px","size":16,"sizes":[]},"typography_font_weight":"400","ep_display_conditions":[],"ep_parallax_effects_transition_for":"all","ep_parallax_effects_transition_duration":"100","ep_parallax_effects_transition_easing":"linear","editor":"<p>FlipPage is a vibrant culinary blog that celebrates the art of cooking and the stories behind every dish. From unique recipes to heartfelt food journeys, it brings together flavor, passion, and inspiration for food lovers everywhere.<\/p>","typography_line_height":{"unit":"em","size":1.6,"sizes":[]}},"elements":[],"isInner":false,"widgetType":"text-editor","elType":"widget"}],"isInner":true,"elType":"container"},{"id":"47c718ad","settings":{"_column_size":25,"width":{"size":null,"unit":"%"},"width_tablet":{"size":50,"unit":"%"},"ep_parallax_effects_transition_for":"all","ep_parallax_effects_transition_duration":"100","ep_parallax_effects_transition_easing":"linear","content_width":"full","upk_mc_item_list":[],"section_parallax_elements":[],"ep_display_conditions":[]},"elements":[{"id":"301f4c03","settings":{"title":"Categories","title_color":"#FFFFFF","typography_typography":"custom","typography_font_family":"Nunito","typography_font_size":{"unit":"px","size":20,"sizes":[]},"typography_font_weight":"700","_padding":{"unit":"px","top":"0","right":"0","bottom":"10","left":"50","isLinked":false},"_border_width":{"unit":"px","top":"0","right":"0","bottom":"1","left":"0","isLinked":false},"_border_color":"#DDDDDD9C","ep_display_conditions":[],"ep_parallax_effects_transition_for":"all","ep_parallax_effects_transition_duration":"100","ep_parallax_effects_transition_easing":"linear","typography_font_size_tablet":{"unit":"px","size":19,"sizes":[]},"_padding_mobile":{"unit":"px","top":"0","right":"0","bottom":"0","left":"0","isLinked":true}},"elements":[],"isInner":false,"widgetType":"heading","elType":"widget"},{"id":"54105371","settings":{"columns":"1","item_height":{"unit":"px","size":0,"sizes":[]},"show_count":"","item_limit":{"unit":"px","size":5,"sizes":[]},"single_background":"yes","item_background_background":"classic","item_background_color":"#EBA4A400","item_padding":{"unit":"px","top":"10","right":"0","bottom":"0","left":"0","isLinked":false},"category_name_color":"#FFFFFFB3","category_name_color_hover":"#24B74D","category_name_typography_typography":"custom","category_name_typography_font_family":"Red Hat Display","category_name_typography_font_size":{"unit":"px","size":16,"sizes":[]},"category_name_typography_font_weight":"400","columns_tablet":"1","posts_post_type":"post","ep_display_conditions":[],"ep_parallax_effects_transition_for":"all","ep_parallax_effects_transition_duration":"100","ep_parallax_effects_transition_easing":"linear","column_gap":{"unit":"px","size":5,"sizes":[]},"_padding":{"unit":"px","top":"0","right":"0","bottom":"0","left":"50","isLinked":false},"_padding_mobile":{"unit":"px","top":"0","right":"0","bottom":"0","left":"0","isLinked":true}},"elements":[],"isInner":false,"widgetType":"upk-post-category","elType":"widget"}],"isInner":true,"elType":"container"},{"id":"5b15a9e5","settings":{"_column_size":25,"width":{"size":null,"unit":"%"},"width_tablet":{"size":50,"unit":"%"},"ep_parallax_effects_transition_for":"all","ep_parallax_effects_transition_duration":"100","ep_parallax_effects_transition_easing":"linear","content_width":"full","upk_mc_item_list":[],"section_parallax_elements":[],"ep_display_conditions":[],"hide_tablet":"hidden-tablet"},"elements":[{"id":"7239b60b","settings":{"title":"Browse By Tag","title_color":"#FFFFFF","typography_typography":"custom","typography_font_family":"Nunito","typography_font_size":{"unit":"px","size":20,"sizes":[]},"typography_font_weight":"700","_padding":{"unit":"px","top":"0","right":"0","bottom":"10","left":"0","isLinked":false},"_border_width":{"unit":"px","top":"0","right":"0","bottom":"1","left":"0","isLinked":false},"_border_color":"#DDDDDD9C","ep_display_conditions":[],"ep_parallax_effects_transition_for":"all","ep_parallax_effects_transition_duration":"100","ep_parallax_effects_transition_easing":"linear","typography_font_size_tablet":{"unit":"px","size":19,"sizes":[]}},"elements":[],"isInner":false,"widgetType":"heading","elType":"widget"},{"id":"48a8bb6d","settings":{"columns":"1","item_height":{"unit":"px","size":0,"sizes":[]},"show_count":"","item_limit":{"unit":"px","size":5,"sizes":[]},"single_background":"yes","item_background_background":"classic","item_background_color":"#EBA4A400","item_padding":{"unit":"px","top":"10","right":"0","bottom":"0","left":"0","isLinked":false},"category_name_color":"#FFFFFFB3","category_name_color_hover":"#24B74D","category_name_typography_typography":"custom","category_name_typography_font_family":"Red Hat Display","category_name_typography_font_size":{"unit":"px","size":16,"sizes":[]},"category_name_typography_font_weight":"400","columns_tablet":"1","posts_post_type":"post","ep_display_conditions":[],"ep_parallax_effects_transition_for":"all","ep_parallax_effects_transition_duration":"100","ep_parallax_effects_transition_easing":"linear","column_gap":{"unit":"px","size":5,"sizes":[]}},"elements":[],"isInner":false,"widgetType":"upk-post-category","elType":"widget"}],"isInner":true,"elType":"container"},{"id":"315808aa","settings":{"_column_size":25,"width":{"size":null,"unit":"%"},"width_tablet":{"size":50,"unit":"%"},"ep_parallax_effects_transition_for":"all","ep_parallax_effects_transition_duration":"100","ep_parallax_effects_transition_easing":"linear","content_width":"full","upk_mc_item_list":[],"section_parallax_elements":[],"ep_display_conditions":[]},"elements":[{"id":"500a8304","settings":{"title":"About","title_color":"#FFFFFF","typography_typography":"custom","typography_font_family":"Nunito","typography_font_size":{"unit":"px","size":20,"sizes":[]},"typography_font_weight":"700","_padding":{"unit":"px","top":"0","right":"0","bottom":"10","left":"0","isLinked":false},"_border_width":{"unit":"px","top":"0","right":"0","bottom":"1","left":"0","isLinked":false},"_border_color":"#DDDDDD9C","ep_display_conditions":[],"ep_parallax_effects_transition_for":"all","ep_parallax_effects_transition_duration":"100","ep_parallax_effects_transition_easing":"linear","typography_font_size_tablet":{"unit":"px","size":19,"sizes":[]}},"elements":[],"isInner":false,"widgetType":"heading","elType":"widget"},{"id":"25f307e0","settings":{"editor":"<p>FlipPage is a culinary journey where flavor meets passion.<\/p><p>From traditional family recipes to modern kitchen experiments, it brings you not just dishes but the heartfelt stories behind them.<\/p>","text_color":"#FFFFFFB3","typography_typography":"custom","typography_font_family":"Nunito","typography_font_size":{"unit":"px","size":16,"sizes":[]},"typography_font_weight":"400","ep_display_conditions":[],"ep_parallax_effects_transition_for":"all","ep_parallax_effects_transition_duration":"100","ep_parallax_effects_transition_easing":"linear","typography_line_height":{"unit":"em","size":1.6,"sizes":[]}},"elements":[],"isInner":false,"widgetType":"text-editor","elType":"widget"}],"isInner":true,"elType":"container"}],"isInner":false,"elType":"container"},{"id":"67e91a27","settings":{"flex_direction":"column","background_background":"classic","background_color":"#000000","upk_mc_item_list":[],"section_parallax_elements":[],"ep_display_conditions":[]},"elements":[{"id":"1dfe5958","settings":{"editor":"<p>Copyright \u00a9 2025<a href=\"http:\/\/www.bdthemes.com\"><span style=\"color: #24b74d;\"> BdThemes.<\/span><\/a> All Rights Reserved.<\/p>","align":"center","typography_typography":"custom","typography_font_family":"Nunito","typography_font_size":{"unit":"px","size":14,"sizes":[]},"typography_font_weight":"300","paragraph_spacing":{"unit":"px","size":0,"sizes":[]},"text_color":"#FFFFFF","_padding":{"unit":"px","top":"5","right":"5","bottom":"5","left":"5","isLinked":true},"ep_display_conditions":[],"ep_parallax_effects_transition_for":"all","ep_parallax_effects_transition_duration":"100","ep_parallax_effects_transition_easing":"linear"},"elements":[],"isInner":false,"widgetType":"text-editor","elType":"widget"}],"isInner":false,"elType":"container"}],"settings":{"template":"elementor_canvas"},"metadata":[]}