{"content":[{"id":"40713fd8","settings":{"boxed_width":{"unit":"px","size":1300,"sizes":[]},"padding":{"unit":"px","top":"20","right":"30","bottom":"100","left":"30","isLinked":false},"padding_tablet":{"unit":"px","top":"20","right":"30","bottom":"80","left":"30","isLinked":false},"padding_mobile":{"unit":"px","top":"20","right":"15","bottom":"50","left":"15","isLinked":false},"upk_mc_item_list":[],"section_parallax_elements":[],"ep_display_conditions":[],"ep_parallax_effects_transition_for":"all","ep_parallax_effects_transition_duration":"100","ep_parallax_effects_transition_easing":"linear","flex_direction":"column","flex_align_items":"stretch","flex_gap":{"size":10,"column":"10","row":"10","unit":"px","isLinked":true},"_title":"Hero Section"},"elements":[{"id":"4df6c875","settings":{"content_width":"full","flex_direction":"row","flex_justify_content":"space-between","flex_align_items":"center","background_background":"classic","background_color":"#EA3314","upk_mc_item_list":[],"border_radius":{"unit":"px","top":"3","right":"3","bottom":"3","left":"3","isLinked":true},"padding":{"unit":"px","top":"15","right":"15","bottom":"15","left":"15","isLinked":true},"section_parallax_elements":[],"ep_display_conditions":[]},"elements":[{"id":"21180890","settings":{"image":{"id":42691,"url":"http:\/\/sohan-test-website-vxfgpk.flywp.xyz\/wp-content\/uploads\/2025\/09\/FreshMag-\u2013-Your-Daily-Dose-of-Stories.png"},"align":"left","width":{"unit":"%","size":75,"sizes":[]},"width_mobile":{"unit":"%","size":60,"sizes":[]},"ep_display_conditions":[],"ep_parallax_effects_transition_for":"all","ep_parallax_effects_transition_duration":"100","ep_parallax_effects_transition_easing":"linear"},"elements":[],"isInner":false,"widgetType":"image","elType":"widget"},{"id":"6026b346","settings":{"view":"inline","icon_list":[{"text":"Home","selected_icon":{"value":"","library":""},"_id":"219cb13"},{"text":"Features","selected_icon":{"value":"","library":""},"_id":"395199c"},{"text":"Categories","selected_icon":{"value":"","library":""},"_id":"53260c2"},{"text":"Menu","selected_icon":{"value":"","library":""},"_id":"98c787e"},{"text":"Contact","selected_icon":{"value":"","library":""},"_id":"3ea0e7e"}],"space_between":{"unit":"px","size":40,"sizes":[]},"space_between_tablet":{"unit":"px","size":20,"sizes":[]},"icon_typography_typography":"custom","icon_typography_font_family":"Red Hat Display","icon_typography_font_size":{"unit":"px","size":16,"sizes":[]},"icon_typography_font_weight":"600","icon_typography_line_height":{"unit":"em","size":1,"sizes":[]},"text_color":"#FFFFFF","ep_display_conditions":[],"ep_parallax_effects_transition_for":"all","ep_parallax_effects_transition_duration":"100","ep_parallax_effects_transition_easing":"linear","hide_mobile":"hidden-mobile"},"elements":[],"isInner":false,"widgetType":"icon-list","elType":"widget"},{"id":"117161a3","settings":{"view":"inline","icon_list":[{"text":"","selected_icon":{"value":"fas fa-search","library":"fa-solid"},"_id":"3ea0e7e"},{"text":"","selected_icon":{"value":"fas fa-user-tie","library":"fa-solid"},"_id":"e3d6675"},{"text":"","selected_icon":{"value":"fas fa-shopping-basket","library":"fa-solid"},"_id":"e62f300"}],"space_between":{"unit":"px","size":15,"sizes":[]},"icon_color":"#FFFFFF","icon_size":{"unit":"px","size":20,"sizes":[]},"ep_display_conditions":[],"ep_parallax_effects_transition_for":"all","ep_parallax_effects_transition_duration":"100","ep_parallax_effects_transition_easing":"linear","hide_tablet":"hidden-tablet","hide_mobile":"hidden-mobile"},"elements":[],"isInner":false,"widgetType":"icon-list","elType":"widget"},{"id":"7ad739e7","settings":{"selected_icon":{"value":"fas fa-bars","library":"fa-solid"},"primary_color":"#FFFFFF","size":{"unit":"px","size":24,"sizes":[]},"ep_display_conditions":[],"ep_parallax_effects_transition_for":"all","ep_parallax_effects_transition_duration":"100","ep_parallax_effects_transition_easing":"linear","hide_desktop":"hidden-desktop","hide_tablet":"hidden-tablet"},"elements":[],"isInner":false,"widgetType":"icon","elType":"widget"}],"isInner":true,"elType":"container"},{"id":"66015132","settings":{"_column_size":100,"width":{"size":null,"unit":"%"},"padding":{"unit":"px","top":"0","right":"0","bottom":"0","left":"0","isLinked":false},"ep_parallax_effects_transition_for":"all","ep_parallax_effects_transition_duration":"100","ep_parallax_effects_transition_easing":"linear","content_width":"full","upk_mc_item_list":[],"section_parallax_elements":[],"ep_display_conditions":[]},"elements":[{"id":"7822796d","settings":{"news_label":"Trending","show_date":"yes","show_time":"yes","news_ticker_height":{"unit":"px","size":20,"sizes":[]},"slider_animations":"slide-left","speed":2000,"label_color":"#E93314","label_background":"#FFFFFF00","label_typography_typography":"custom","label_typography_font_family":"Nunito","label_typography_font_size":{"unit":"px","size":16,"sizes":[]},"label_typography_font_weight":"700","label_typography_text_transform":"uppercase","content_color":"#666666","content_background":"#02010100","content_typography_typography":"custom","content_typography_font_family":"Nunito","content_typography_font_size":{"unit":"px","size":15,"sizes":[]},"content_typography_font_weight":"600","content_typography_text_transform":"uppercase","navigation_color":"#000000","hover_color":"#E93314","ep_display_conditions":[],"ep_parallax_effects_transition_for":"all","ep_parallax_effects_transition_duration":"100","ep_parallax_effects_transition_easing":"linear"},"elements":[],"isInner":false,"widgetType":"upk-news-ticker","elType":"widget"},{"id":"3a87127a","settings":{"content_width":"full","structure":"30","upk_mc_item_list":[],"section_parallax_elements":[],"ep_display_conditions":[],"ep_parallax_effects_transition_for":"all","ep_parallax_effects_transition_duration":"100","ep_parallax_effects_transition_easing":"linear","flex_direction":"row","flex_align_items":"stretch","flex_gap":{"size":30,"column":"30","row":"30","unit":"px","isLinked":true},"flex_gap_tablet":{"column":"20","row":"20","isLinked":true,"unit":"px","size":20},"flex_wrap_tablet":"wrap","padding":{"unit":"px","top":"0","right":"0","bottom":"0","left":"0","isLinked":false}},"elements":[{"id":"5b9bcddc","settings":{"columns":"1","column_gap":{"unit":"px","size":"","sizes":[]},"primary_thumbnail_size":"full","item_limit":{"unit":"px","size":4,"sizes":[]},"show_author":"","content_padding":{"unit":"px","top":"16","right":"0","bottom":"16","left":"30","isLinked":false},"content_padding_mobile":{"unit":"px","top":"0","right":"0","bottom":"0","left":"10","isLinked":false},"item_border_border":"solid","item_border_width":{"unit":"px","top":"0","right":"0","bottom":"1","left":"0","isLinked":false},"item_border_color":"#E6E6E6","item_border_radius":{"unit":"px","top":"0","right":"0","bottom":"0","left":"0","isLinked":false},"item_padding":{"unit":"px","top":"0","right":"0","bottom":"20","left":"0","isLinked":false},"item_hover_border_color":"#E93314","item_image_border_radius":{"unit":"px","top":"0","right":"0","bottom":"0","left":"0","isLinked":false},"item_image_size":{"unit":"px","size":150,"sizes":[]},"title_hover_color":"#E93314","title_typography_typography":"custom","title_typography_font_family":"Nunito","title_typography_font_size":{"unit":"px","size":18,"sizes":[]},"title_typography_font_size_tablet":{"unit":"px","size":16,"sizes":[]},"title_typography_font_weight":"600","meta_hover_color":"#E93314","meta_typography_typography":"custom","meta_typography_font_family":"Nunito","meta_typography_font_size":{"unit":"px","size":12,"sizes":[]},"meta_typography_font_size_tablet":{"unit":"px","size":10,"sizes":[]},"meta_typography_font_weight":"500","category_bottom_spacing":{"unit":"px","size":10,"sizes":[]},"category_bottom_spacing_tablet":{"unit":"px","size":5,"sizes":[]},"category_color":"#E93314","category_border_radius":{"unit":"px","top":"0","right":"0","bottom":"0","left":"0","isLinked":false},"category_padding":{"unit":"px","top":"5","right":"5","bottom":"5","left":"5","isLinked":true},"category_spacing":{"unit":"px","size":10,"sizes":[]},"category_spacing_tablet":{"unit":"px","size":5,"sizes":[]},"category_typography_typography":"custom","category_typography_font_family":"Nunito","category_typography_font_size":{"unit":"px","size":12,"sizes":[]},"category_typography_font_size_tablet":{"unit":"px","size":11,"sizes":[]},"category_typography_font_weight":"700","category_hover_color":"#000000","posts_post_type":"post","meta_color":"#635858","posts_include_by":["terms"],"posts_include_term_ids":["17","92"],"meta_separator":".","upk_in_animation_transform_origin":"center top","ep_display_conditions":[],"ep_parallax_effects_transition_for":"all","ep_parallax_effects_transition_duration":"100","ep_parallax_effects_transition_easing":"linear","_element_width":"initial","_element_custom_width":{"unit":"%","size":68,"sizes":[]},"_element_custom_width_tablet":{"unit":"%","size":45,"sizes":[]},"_element_custom_width_mobile":{"unit":"%","size":100,"sizes":[]},"category_border_width":{"unit":"px","top":"1","right":"1","bottom":"1","left":"1","isLinked":true},"category_border_color":"#8D99AE00","category_hover_border_color":"#000000"},"elements":[],"isInner":false,"widgetType":"upk-harold-list","elType":"widget"},{"id":"1312f5c","settings":{"columns":"1","columns_tablet":"1","column_gap":{"unit":"px","size":0,"sizes":[]},"default_item_height":{"unit":"px","size":715,"sizes":[]},"default_item_height_tablet":{"unit":"px","size":680,"sizes":[]},"default_item_height_mobile":{"unit":"px","size":450,"sizes":[]},"secondary_item_height":{"unit":"px","size":800,"sizes":[]},"primary_thumbnail_size":"full","item_limit":{"unit":"px","size":1,"sizes":[]},"content_padding":{"unit":"px","top":"50","right":"50","bottom":"50","left":"50","isLinked":false},"content_padding_tablet":{"unit":"px","top":"20","right":"25","bottom":"50","left":"25","isLinked":false},"content_padding_mobile":{"unit":"px","top":"0","right":"10","bottom":"50","left":"10","isLinked":false},"title_hover_color":"#FFFFFF","title_typography_typography":"custom","title_typography_font_family":"Nunito","title_typography_font_size":{"unit":"px","size":36,"sizes":[]},"title_typography_font_size_tablet":{"unit":"px","size":36,"sizes":[]},"title_typography_font_size_mobile":{"unit":"px","size":24,"sizes":[]},"title_typography_font_weight":"700","date_spacing_mobile":{"unit":"px","size":10,"sizes":[]},"author_typography_typography":"custom","author_typography_font_family":"Nunito","author_typography_font_size":{"unit":"px","size":16,"sizes":[]},"author_typography_font_size_tablet":{"unit":"px","size":15,"sizes":[]},"author_typography_font_size_mobile":{"unit":"px","size":12,"sizes":[]},"author_typography_font_weight":"500","category_bottom_spacing":{"unit":"px","size":10,"sizes":[]},"category_color":"#E93314","category_background_background":"classic","category_background_color":"#FFFFFF","category_border_radius":{"unit":"px","top":"0","right":"0","bottom":"0","left":"0","isLinked":false},"category_padding":{"unit":"px","top":"6","right":"12","bottom":"6","left":"12","isLinked":false},"category_spacing":{"unit":"px","size":10,"sizes":[]},"category_typography_typography":"custom","category_typography_font_family":"Nunito","category_typography_font_size":{"unit":"px","size":12,"sizes":[]},"category_typography_font_weight":"700","category_hover_color":"#FFFFFF","category_hover_background_background":"classic","category_hover_background_color":"#E93314","posts_post_type":"post","posts_include_by":["terms"],"posts_include_term_ids":["92"],"meta_separator":".","upk_in_animation_transform_origin":"center top","ep_display_conditions":[],"ep_parallax_effects_transition_for":"all","ep_parallax_effects_transition_duration":"100","ep_parallax_effects_transition_easing":"linear","_element_width":"initial","_element_custom_width":{"unit":"%","size":100,"sizes":[]},"_element_custom_width_tablet":{"unit":"%","size":50,"sizes":[]},"_element_custom_width_mobile":{"unit":"%","size":100,"sizes":[]}},"elements":[],"isInner":false,"widgetType":"upk-alice-grid","elType":"widget"},{"id":"58944c93","settings":{"columns":"1","column_gap":{"unit":"px","size":24,"sizes":[]},"column_gap_tablet":{"unit":"px","size":30,"sizes":[]},"primary_thumbnail_size":"full","item_limit":{"unit":"px","size":2,"sizes":[]},"posts_include_by":["terms"],"posts_include_term_ids":["12"],"show_excerpt":"","human_diff_time":"yes","content_padding":{"unit":"px","top":"0","right":"0","bottom":"0","left":"0","isLinked":false},"title_hover_color":"#E93314","title_spacing":{"unit":"px","size":0,"sizes":[]},"title_typography_typography":"custom","title_typography_font_family":"Nunito","title_typography_font_size":{"unit":"px","size":18,"sizes":[]},"title_typography_font_size_tablet":{"unit":"px","size":16,"sizes":[]},"title_typography_font_weight":"700","meta_typography_typography":"custom","meta_typography_font_family":"Nunito","meta_typography_font_size":{"unit":"px","size":12,"sizes":[]},"meta_typography_font_size_tablet":{"unit":"px","size":10,"sizes":[]},"meta_typography_font_weight":"500","category_spacing":{"unit":"px","size":10,"sizes":[]},"category_color":"#E93314","category_background_background":"classic","category_margin":{"unit":"px","top":"20","right":"0","bottom":"10","left":"0","isLinked":false},"category_spacing_between":{"unit":"px","size":10,"sizes":[]},"category_typography_typography":"custom","category_typography_font_family":"Nunito","category_typography_font_size":{"unit":"px","size":12,"sizes":[]},"category_typography_font_size_tablet":{"unit":"px","size":11,"sizes":[]},"category_typography_font_weight":"700","posts_post_type":"post","meta_color":"#635858","meta_hover_color":"#E93314","date_divider_color":"#E93314","meta_separator":"|","readmore_text":"Read More","upk_in_animation_transform_origin":"center top","ep_display_conditions":[],"ep_parallax_effects_transition_for":"all","ep_parallax_effects_transition_duration":"100","ep_parallax_effects_transition_easing":"linear","_element_width":"initial","_element_custom_width":{"unit":"%","size":60,"sizes":[]},"_element_custom_width_tablet":{"unit":"%","size":100,"sizes":[]},"_element_custom_width_mobile":{"unit":"%","size":"","sizes":[]}},"elements":[],"isInner":false,"widgetType":"upk-alter-grid","elType":"widget"}],"isInner":true,"elType":"container"}],"isInner":true,"elType":"container"}],"isInner":false,"elType":"container"},{"id":"1a850f73","settings":{"boxed_width":{"unit":"px","size":1300,"sizes":[]},"background_background":"classic","background_color":"#F8F7F5","padding":{"unit":"px","top":"100","right":"30","bottom":"100","left":"30","isLinked":false},"padding_tablet":{"unit":"px","top":"80","right":"30","bottom":"80","left":"30","isLinked":false},"padding_mobile":{"unit":"px","top":"20","right":"15","bottom":"50","left":"15","isLinked":false},"upk_mc_item_list":[],"section_parallax_elements":[],"ep_display_conditions":[],"ep_parallax_effects_transition_for":"all","ep_parallax_effects_transition_duration":"100","ep_parallax_effects_transition_easing":"linear","flex_align_items":"stretch","flex_gap":{"size":10,"column":"10","row":"10","unit":"px","isLinked":true},"_title":"Trending"},"elements":[{"id":"72be071e","settings":{"title":"Trending","align":"center","title_color":"#FFFFFF","typography_typography":"custom","typography_font_family":"Nunito","typography_font_size":{"unit":"px","size":180,"sizes":[]},"typography_font_size_tablet":{"unit":"px","size":110,"sizes":[]},"typography_font_size_mobile":{"unit":"px","size":50,"sizes":[]},"typography_font_weight":"800","typography_text_transform":"uppercase","typography_letter_spacing":{"unit":"px","size":50,"sizes":[]},"typography_letter_spacing_tablet":{"unit":"px","size":15,"sizes":[]},"typography_letter_spacing_mobile":{"unit":"px","size":2,"sizes":[]},"_margin":{"unit":"px","top":"0","right":"0","bottom":"-180","left":"0","isLinked":false},"_margin_tablet":{"unit":"px","top":"0","right":"0","bottom":"-180","left":"0","isLinked":false},"_margin_mobile":{"unit":"px","top":"0","right":"0","bottom":"-180","left":"0","isLinked":false},"ep_display_conditions":[],"ep_parallax_effects_transition_for":"all","ep_parallax_effects_transition_duration":"100","ep_parallax_effects_transition_easing":"linear"},"elements":[],"isInner":false,"widgetType":"heading","elType":"widget"},{"id":"76e8c41f","settings":{"columns":"3","columns_tablet":"2","primary_thumbnail_size":"full","human_diff_time":"yes","human_diff_time_short":"yes","nav_arrows_icon":"7","content_padding":{"unit":"px","top":"10","right":"0","bottom":"10","left":"30","isLinked":false},"content_padding_tablet":{"unit":"px","top":"0","right":"0","bottom":"0","left":"20","isLinked":false},"content_padding_mobile":{"unit":"px","top":"0","right":"0","bottom":"0","left":"10","isLinked":false},"item_border_border":"solid","item_border_width":{"unit":"px","top":"0","right":"0","bottom":"0","left":"0","isLinked":true},"item_border_color":"#E6E6E6","item_border_radius":{"unit":"px","top":"0","right":"0","bottom":"0","left":"0","isLinked":false},"item_padding":{"unit":"px","top":"0","right":"0","bottom":"20","left":"0","isLinked":false},"item_hover_border_color":"#E93314","item_image_border_radius":{"unit":"px","top":"0","right":"0","bottom":"0","left":"0","isLinked":false},"item_image_size":{"unit":"px","size":150,"sizes":[]},"item_image_size_tablet":{"unit":"px","size":150,"sizes":[]},"item_image_size_mobile":{"unit":"px","size":100,"sizes":[]},"title_hover_color":"#E93314","title_typography_typography":"custom","title_typography_font_family":"Nunito","title_typography_font_size":{"unit":"px","size":18,"sizes":[]},"title_typography_font_size_tablet":{"unit":"px","size":16,"sizes":[]},"title_typography_font_weight":"700","meta_hover_color":"#E93314","meta_spacing":{"unit":"px","size":18,"sizes":[]},"meta_typography_typography":"custom","meta_typography_font_family":"Nunito","meta_typography_font_size":{"unit":"px","size":12,"sizes":[]},"meta_typography_font_size_tablet":{"unit":"px","size":8,"sizes":[]},"meta_typography_font_weight":"500","category_bottom_spacing":{"unit":"px","size":10,"sizes":[]},"category_bottom_spacing_tablet":{"unit":"px","size":5,"sizes":[]},"category_color":"#E93314","category_border_radius":{"unit":"px","top":"0","right":"0","bottom":"0","left":"0","isLinked":false},"category_padding":{"unit":"px","top":"5","right":"5","bottom":"5","left":"5","isLinked":true},"category_spacing":{"unit":"px","size":10,"sizes":[]},"category_spacing_tablet":{"unit":"px","size":5,"sizes":[]},"category_typography_typography":"custom","category_typography_font_family":"Nunito","category_typography_font_size":{"unit":"px","size":12,"sizes":[]},"category_typography_font_size_tablet":{"unit":"px","size":11,"sizes":[]},"category_typography_font_weight":"700","category_hover_color":"#000000","arrows_color":"#000000","arrows_hover_color":"#E93314","posts_post_type":"post","meta_color":"#635858","meta_separator":".","ep_display_conditions":[],"ep_parallax_effects_transition_for":"all","ep_parallax_effects_transition_duration":"100","ep_parallax_effects_transition_easing":"linear","category_border_color":"#8D99AE00","category_hover_border_color":"#000000"},"elements":[],"isInner":false,"widgetType":"upk-harold-carousel","elType":"widget"}],"isInner":false,"elType":"container"},{"id":"443b4559","settings":{"boxed_width":{"unit":"px","size":1300,"sizes":[]},"structure":"20","background_color":"#F8F7F5","padding":{"unit":"px","top":"100","right":"30","bottom":"100","left":"30","isLinked":false},"padding_tablet":{"unit":"px","top":"80","right":"30","bottom":"80","left":"30","isLinked":false},"padding_mobile":{"unit":"px","top":"20","right":"15","bottom":"50","left":"15","isLinked":false},"upk_mc_item_list":[],"section_parallax_elements":[],"ep_display_conditions":[],"ep_parallax_effects_transition_for":"all","ep_parallax_effects_transition_duration":"100","ep_parallax_effects_transition_easing":"linear","flex_direction":"row","flex_align_items":"stretch","flex_gap":{"size":10,"column":"10","row":"10","unit":"px","isLinked":true},"flex_direction_tablet":"column","_title":"Latest News"},"elements":[{"id":"764a3c8","settings":{"_column_size":50,"width":{"size":65,"unit":"%"},"padding":{"unit":"px","top":"0","right":"30","bottom":"0","left":"0","isLinked":false},"width_tablet":{"size":100,"unit":"%"},"padding_mobile":{"unit":"px","top":"0","right":"0","bottom":"0","left":"0","isLinked":false},"ep_parallax_effects_transition_for":"all","ep_parallax_effects_transition_duration":"100","ep_parallax_effects_transition_easing":"linear","content_width":"full","upk_mc_item_list":[],"section_parallax_elements":[],"ep_display_conditions":[]},"elements":[{"id":"1bd75d90","settings":{"structure":"30","padding":{"unit":"px","top":"0","right":"0","bottom":"20","left":"0","isLinked":false},"upk_mc_item_list":[],"section_parallax_elements":[],"ep_display_conditions":[],"ep_parallax_effects_transition_for":"all","ep_parallax_effects_transition_duration":"100","ep_parallax_effects_transition_easing":"linear","flex_direction":"row","flex_align_items":"center","flex_gap":{"size":10,"column":"10","row":"10","unit":"px","isLinked":true},"content_width":"full"},"elements":[{"id":"5b9c4778","settings":{"title":"Latest News","align":"left","title_color":"#2B2B2B","typography_typography":"custom","typography_font_family":"Nunito","typography_font_size":{"unit":"px","size":28,"sizes":[]},"typography_font_size_tablet":{"unit":"px","size":20,"sizes":[]},"typography_font_size_mobile":{"unit":"px","size":24,"sizes":[]},"typography_font_weight":"700","_margin":{"unit":"px","top":"0","right":"0","bottom":"0","left":"0","isLinked":false},"_margin_tablet":{"unit":"px","top":"0","right":"0","bottom":"0","left":"0","isLinked":true},"_margin_mobile":{"unit":"px","top":"0","right":"0","bottom":"0","left":"0","isLinked":true},"ep_display_conditions":[],"ep_parallax_effects_transition_for":"all","ep_parallax_effects_transition_duration":"100","ep_parallax_effects_transition_easing":"linear"},"elements":[],"isInner":false,"widgetType":"heading","elType":"widget"},{"id":"ef1093c","settings":{"style":"double","text":"Divider","color":"#C3C3C3","weight":{"unit":"px","size":4,"sizes":[]},"gap":{"unit":"px","size":0,"sizes":[]},"ep_display_conditions":[],"ep_parallax_effects_transition_for":"all","ep_parallax_effects_transition_duration":"100","ep_parallax_effects_transition_easing":"linear"},"elements":[],"isInner":false,"widgetType":"divider","elType":"widget"},{"id":"4839722e","settings":{"title":"According To Current date","align":"right","title_color":"#7E7E7E","typography_typography":"custom","typography_font_family":"Nunito","typography_font_size":{"unit":"px","size":20,"sizes":[]},"typography_font_size_tablet":{"unit":"px","size":16,"sizes":[]},"typography_font_size_mobile":{"unit":"px","size":24,"sizes":[]},"typography_font_weight":"500","_margin":{"unit":"px","top":"0","right":"0","bottom":"0","left":"0","isLinked":false},"_margin_tablet":{"unit":"px","top":"0","right":"0","bottom":"0","left":"0","isLinked":true},"_margin_mobile":{"unit":"px","top":"0","right":"0","bottom":"0","left":"0","isLinked":true},"hide_mobile":"hidden-mobile","ep_display_conditions":[],"ep_parallax_effects_transition_for":"all","ep_parallax_effects_transition_duration":"100","ep_parallax_effects_transition_easing":"linear"},"elements":[],"isInner":false,"widgetType":"heading","elType":"widget"}],"isInner":true,"elType":"container"},{"id":"7f804480","settings":{"grid_style":"4","columns":"1","primary_thumbnail_size":"full","item_limit":{"unit":"px","size":1,"sizes":[]},"show_post_format":"","item_border_radius":{"unit":"px","top":"0","right":"0","bottom":"0","left":"0","isLinked":false},"content_padding":{"unit":"px","top":"30","right":"50","bottom":"30","left":"50","isLinked":false},"item_image_border_radius":{"unit":"px","top":"0","right":"0","bottom":"0","left":"0","isLinked":false},"title_hover_color":"#E93314","title_typography_typography":"custom","title_typography_font_family":"Nunito","title_typography_font_size":{"unit":"px","size":36,"sizes":[]},"title_typography_font_weight":"700","secondary_title_typography_font_size":{"unit":"px","size":193,"sizes":[]},"text_typography_typography":"custom","text_typography_font_family":"Nunito","text_typography_font_size":{"unit":"px","size":16,"sizes":[]},"text_typography_font_weight":"500","meta_hover_color":"#E93314","meta_divider_color":"#E93314","meta_typography_typography":"custom","meta_typography_font_family":"Nunito","meta_typography_font_size":{"unit":"px","size":15,"sizes":[]},"meta_typography_font_weight":"500","meta_typography_text_transform":"uppercase","category_color":"#FFFFFF","category_background_background":"classic","category_background_color":"#E93314","category_border_radius":{"unit":"px","top":"0","right":"0","bottom":"0","left":"0","isLinked":false},"category_padding":{"unit":"px","top":"5","right":"10","bottom":"5","left":"10","isLinked":false},"category_spacing":{"unit":"px","size":10,"sizes":[]},"category_typography_typography":"custom","category_typography_font_family":"Nunito","category_typography_font_size":{"unit":"px","size":12,"sizes":[]},"category_typography_font_weight":"700","category_typography_text_transform":"uppercase","posts_post_type":"post","content_alignment":"center","meta_color":"#635858","posts_include_by":["terms"],"posts_include_term_ids":["17"],"columns_tablet":"1","meta_separator":"-","upk_in_animation_transform_origin":"center top","ep_display_conditions":[],"ep_parallax_effects_transition_for":"all","ep_parallax_effects_transition_duration":"100","ep_parallax_effects_transition_easing":"linear"},"elements":[],"isInner":false,"widgetType":"upk-maple-grid","elType":"widget"},{"id":"6a9b3995","settings":{"grid_style":"4","primary_thumbnail_size":"full","item_limit":{"unit":"px","size":4,"sizes":[]},"show_excerpt":"","show_post_format":"","item_border_radius":{"unit":"px","top":"0","right":"0","bottom":"0","left":"0","isLinked":false},"content_padding":{"unit":"px","top":"30","right":"50","bottom":"15","left":"0","isLinked":false},"item_image_border_radius":{"unit":"px","top":"0","right":"0","bottom":"0","left":"0","isLinked":false},"title_hover_color":"#E93314","title_typography_typography":"custom","title_typography_font_family":"Nunito","title_typography_font_size":{"unit":"px","size":24,"sizes":[]},"title_typography_font_weight":"700","secondary_title_typography_font_size":{"unit":"px","size":193,"sizes":[]},"text_typography_typography":"custom","text_typography_font_family":"Nunito","text_typography_font_size":{"unit":"px","size":16,"sizes":[]},"text_typography_font_weight":"500","meta_hover_color":"#E93314","meta_divider_color":"#E93314","meta_typography_typography":"custom","meta_typography_font_family":"Nunito","meta_typography_font_size":{"unit":"px","size":13,"sizes":[]},"meta_typography_font_weight":"500","meta_typography_text_transform":"uppercase","category_color":"#FFFFFF","category_background_background":"classic","category_background_color":"#E93314","category_border_radius":{"unit":"px","top":"0","right":"0","bottom":"0","left":"0","isLinked":false},"category_padding":{"unit":"px","top":"5","right":"10","bottom":"5","left":"10","isLinked":false},"category_spacing":{"unit":"px","size":10,"sizes":[]},"category_typography_typography":"custom","category_typography_font_family":"Nunito","category_typography_font_size":{"unit":"px","size":12,"sizes":[]},"category_typography_font_weight":"700","category_typography_text_transform":"uppercase","posts_post_type":"post","content_alignment":"center","show_author_avatar":"","show_date":"","meta_color":"#635858","posts_include_by":["terms"],"posts_include_term_ids":["19","11","20"],"meta_separator":"-","upk_in_animation_transform_origin":"center top","ep_display_conditions":[],"ep_parallax_effects_transition_for":"all","ep_parallax_effects_transition_duration":"100","ep_parallax_effects_transition_easing":"linear"},"elements":[],"isInner":false,"widgetType":"upk-maple-grid","elType":"widget"},{"id":"6a228a9a","settings":{"text":"See More Posts","align":"center","typography_typography":"custom","typography_font_family":"Nunito","typography_font_size":{"unit":"px","size":16,"sizes":[]},"typography_font_weight":"700","typography_text_transform":"uppercase","button_text_color":"#FFFFFF","background_color":"#E93314","button_background_hover_color":"#AE1B02","text_padding":{"unit":"px","top":"15","right":"30","bottom":"15","left":"30","isLinked":false},"_padding":{"unit":"px","top":"20","right":"0","bottom":"0","left":"0","isLinked":false},"ep_display_conditions":[],"ep_parallax_effects_transition_for":"all","ep_parallax_effects_transition_duration":"100","ep_parallax_effects_transition_easing":"linear"},"elements":[],"isInner":false,"widgetType":"button","elType":"widget"}],"isInner":true,"elType":"container"},{"id":"48a4845f","settings":{"_column_size":50,"width":{"size":35,"unit":"%"},"padding":{"unit":"px","top":"0","right":"0","bottom":"0","left":"0","isLinked":false},"width_tablet":{"size":100,"unit":"%"},"padding_tablet":{"unit":"px","top":"30","right":"0","bottom":"0","left":"0","isLinked":false},"ep_parallax_effects_transition_for":"all","ep_parallax_effects_transition_duration":"100","ep_parallax_effects_transition_easing":"linear","content_width":"full","upk_mc_item_list":[],"section_parallax_elements":[],"ep_display_conditions":[]},"elements":[{"id":"4451f1b8","settings":{"title":"Follow Us","align":"center","title_color":"#2B2B2B","typography_typography":"custom","typography_font_family":"Nunito","typography_font_size":{"unit":"px","size":20,"sizes":[]},"typography_font_size_tablet":{"unit":"px","size":28,"sizes":[]},"typography_font_size_mobile":{"unit":"px","size":24,"sizes":[]},"typography_font_weight":"600","typography_text_transform":"uppercase","typography_letter_spacing":{"unit":"px","size":2,"sizes":[]},"_margin":{"unit":"px","top":"0","right":"0","bottom":"0","left":"0","isLinked":false},"_margin_tablet":{"unit":"px","top":"0","right":"0","bottom":"0","left":"0","isLinked":true},"_margin_mobile":{"unit":"px","top":"0","right":"0","bottom":"0","left":"0","isLinked":true},"ep_display_conditions":[],"ep_parallax_effects_transition_for":"all","ep_parallax_effects_transition_duration":"100","ep_parallax_effects_transition_easing":"linear"},"elements":[],"isInner":false,"widgetType":"heading","elType":"widget"},{"id":"22aaf372","settings":{"style":"curved","width":{"unit":"%","size":28,"sizes":[]},"align":"center","text":"Divider","color":"#E93314","weight":{"unit":"px","size":2,"sizes":[]},"gap":{"unit":"px","size":"","sizes":[]},"_margin":{"unit":"px","top":"-15","right":"0","bottom":"0","left":"0","isLinked":false},"_padding":{"unit":"px","top":"0","right":"0","bottom":"0","left":"0","isLinked":false},"pattern_height":{"unit":"px","size":10,"sizes":[]},"pattern_size":{"unit":"px","size":"","sizes":[]},"ep_display_conditions":[],"ep_parallax_effects_transition_for":"all","ep_parallax_effects_transition_duration":"100","ep_parallax_effects_transition_easing":"linear"},"elements":[],"isInner":false,"widgetType":"divider","elType":"widget"},{"id":"50ab77eb","settings":{"columns":"1","item_height":{"unit":"px","size":545,"sizes":[]},"primary_thumbnail_size":"full","navigation":"dots","dynamic_bullets":"yes","content_padding":{"unit":"px","top":"50","right":"50","bottom":"60","left":"50","isLinked":false},"content_padding_tablet":{"unit":"px","top":"20","right":"25","bottom":"50","left":"25","isLinked":false},"content_padding_mobile":{"unit":"px","top":"0","right":"10","bottom":"50","left":"10","isLinked":false},"item_padding":{"unit":"px","top":"0","right":"0","bottom":"0","left":"0","isLinked":false},"title_hover_color":"#FFFFFF","title_typography_typography":"custom","title_typography_font_family":"Nunito","title_typography_font_size":{"unit":"px","size":30,"sizes":[]},"title_typography_font_size_tablet":{"unit":"px","size":36,"sizes":[]},"title_typography_font_size_mobile":{"unit":"px","size":24,"sizes":[]},"title_typography_font_weight":"700","date_spacing_mobile":{"unit":"px","size":10,"sizes":[]},"author_typography_typography":"custom","author_typography_font_family":"Nunito","author_typography_font_size":{"unit":"px","size":16,"sizes":[]},"author_typography_font_size_tablet":{"unit":"px","size":15,"sizes":[]},"author_typography_font_size_mobile":{"unit":"px","size":12,"sizes":[]},"author_typography_font_weight":"500","category_bottom_spacing":{"unit":"px","size":10,"sizes":[]},"category_color":"#E93314","category_background_background":"classic","category_background_color":"#FFFFFF","category_border_radius":{"unit":"px","top":"0","right":"0","bottom":"0","left":"0","isLinked":false},"category_padding":{"unit":"px","top":"6","right":"12","bottom":"6","left":"12","isLinked":false},"category_spacing":{"unit":"px","size":10,"sizes":[]},"category_typography_typography":"custom","category_typography_font_family":"Nunito","category_typography_font_size":{"unit":"px","size":12,"sizes":[]},"category_typography_font_weight":"700","category_hover_color":"#FFFFFF","category_hover_background_background":"classic","category_hover_background_color":"#E93314","dots_color":"#FFFFFF","active_dot_color":"#FFFFFF","dots_nny_position":{"unit":"px","size":-25,"sizes":[]},"posts_post_type":"post","posts_include_by":["terms"],"posts_include_term_ids":["19"],"columns_tablet":"1","item_height_mobile":{"unit":"px","size":350,"sizes":[]},"meta_separator":".","ep_display_conditions":[],"ep_parallax_effects_transition_for":"all","ep_parallax_effects_transition_duration":"100","ep_parallax_effects_transition_easing":"linear"},"elements":[],"isInner":false,"widgetType":"upk-alice-carousel","elType":"widget"},{"id":"5b88d32c","settings":{"show_author":"","meta_separator":"\/\/","primary_thumbnail_size":"full","item_limit":{"unit":"px","size":6,"sizes":[]},"item_border_spacing":{"unit":"px","size":30,"sizes":[]},"title_hover_color":"#E93314","title_typography_typography":"custom","title_typography_font_family":"Nunito","title_typography_font_size":{"unit":"px","size":18,"sizes":[]},"title_typography_font_weight":"700","meta_hover_color":"#E93314","meta_spacing":{"unit":"px","size":10,"sizes":[]},"meta_space_between":{"unit":"px","size":10,"sizes":[]},"meta_typography_typography":"custom","meta_typography_font_family":"Nunito","meta_typography_font_size":{"unit":"px","size":12,"sizes":[]},"meta_typography_font_weight":"500","category_bottom_spacing":{"unit":"px","size":10,"sizes":[]},"category_color":"#E93314","category_border_border":"solid","category_border_width":{"unit":"px","top":"0","right":"0","bottom":"0","left":"0","isLinked":true},"category_border_radius":{"unit":"px","top":"0","right":"0","bottom":"0","left":"0","isLinked":false},"category_padding":{"unit":"px","top":"0","right":"0","bottom":"0","left":"0","isLinked":false},"category_spacing":{"unit":"px","size":10,"sizes":[]},"category_typography_typography":"custom","category_typography_font_family":"Nunito","category_typography_font_size":{"unit":"px","size":13,"sizes":[]},"category_typography_font_weight":"700","image_border_radius":{"unit":"px","top":"0","right":"0","bottom":"0","left":"0","isLinked":false},"image_padding":{"unit":"px","top":"0","right":"0","bottom":"0","left":"0","isLinked":false},"counter_number_color":"#FFFFFF","counter_number_typography_typography":"custom","counter_number_typography_font_family":"Nunito","counter_number_typography_font_size":{"unit":"px","size":36,"sizes":[]},"counter_number_typography_font_weight":"700","icon_typography_typography":"custom","_padding":{"unit":"px","top":"0","right":"0","bottom":"0","left":"0","isLinked":false},"posts_post_type":"post","meta_color":"#635858","category_hover_color":"#000000","category_hover_background_background":"classic","category_hover_background_color":"#02010100","upk_in_animation_transform_origin":"center top","ep_display_conditions":[],"ep_parallax_effects_transition_for":"all","ep_parallax_effects_transition_duration":"100","ep_parallax_effects_transition_easing":"linear"},"elements":[],"isInner":false,"widgetType":"upk-scott-list","elType":"widget"}],"isInner":true,"elType":"container"}],"isInner":false,"elType":"container"},{"id":"31a57743","settings":{"boxed_width":{"unit":"px","size":1300,"sizes":[]},"background_background":"classic","background_color":"#F8F7F5","padding":{"unit":"px","top":"100","right":"30","bottom":"100","left":"30","isLinked":false},"padding_tablet":{"unit":"px","top":"80","right":"30","bottom":"80","left":"30","isLinked":false},"padding_mobile":{"unit":"px","top":"20","right":"15","bottom":"50","left":"15","isLinked":false},"upk_mc_item_list":[],"section_parallax_elements":[],"ep_display_conditions":[],"ep_parallax_effects_transition_for":"all","ep_parallax_effects_transition_duration":"100","ep_parallax_effects_transition_easing":"linear","flex_align_items":"stretch","flex_gap":{"size":40,"column":"40","row":"40","unit":"px","isLinked":true},"flex_gap_mobile":{"column":"20","row":"20","isLinked":true,"unit":"px","size":20},"_title":"Recent Posts Carousel"},"elements":[{"id":"6c448355","settings":{"content_width":"full","structure":"30","padding":{"unit":"px","top":"0","right":"0","bottom":"0","left":"0","isLinked":true},"upk_mc_item_list":[],"section_parallax_elements":[],"ep_display_conditions":[],"ep_parallax_effects_transition_for":"all","ep_parallax_effects_transition_duration":"100","ep_parallax_effects_transition_easing":"linear","flex_direction":"row","flex_align_items":"center","flex_gap":{"size":10,"column":"10","row":"10","unit":"px","isLinked":true}},"elements":[{"id":"5de3105c","settings":{"title":"Recent Posts","align":"left","title_color":"#2B2B2B","typography_typography":"custom","typography_font_family":"Nunito","typography_font_size":{"unit":"px","size":28,"sizes":[]},"typography_font_size_tablet":{"unit":"px","size":20,"sizes":[]},"typography_font_size_mobile":{"unit":"px","size":24,"sizes":[]},"typography_font_weight":"700","_margin":{"unit":"px","top":"0","right":"0","bottom":"0","left":"0","isLinked":false},"_margin_tablet":{"unit":"px","top":"0","right":"0","bottom":"0","left":"0","isLinked":true},"_margin_mobile":{"unit":"px","top":"0","right":"0","bottom":"0","left":"0","isLinked":true},"ep_display_conditions":[],"ep_parallax_effects_transition_for":"all","ep_parallax_effects_transition_duration":"100","ep_parallax_effects_transition_easing":"linear"},"elements":[],"isInner":false,"widgetType":"heading","elType":"widget"},{"id":"5d692824","settings":{"style":"double","text":"Divider","color":"#C3C3C3","weight":{"unit":"px","size":4,"sizes":[]},"gap":{"unit":"px","size":0,"sizes":[]},"ep_display_conditions":[],"ep_parallax_effects_transition_for":"all","ep_parallax_effects_transition_duration":"100","ep_parallax_effects_transition_easing":"linear"},"elements":[],"isInner":false,"widgetType":"divider","elType":"widget"},{"id":"4143490","settings":{"title":"Stay up-to-date","align":"right","title_color":"#7E7E7E","typography_typography":"custom","typography_font_family":"Nunito","typography_font_size":{"unit":"px","size":20,"sizes":[]},"typography_font_size_tablet":{"unit":"px","size":16,"sizes":[]},"typography_font_size_mobile":{"unit":"px","size":24,"sizes":[]},"typography_font_weight":"500","_margin":{"unit":"px","top":"0","right":"0","bottom":"0","left":"0","isLinked":false},"_margin_tablet":{"unit":"px","top":"0","right":"0","bottom":"0","left":"0","isLinked":true},"_margin_mobile":{"unit":"px","top":"0","right":"0","bottom":"0","left":"0","isLinked":true},"hide_mobile":"hidden-mobile","ep_display_conditions":[],"ep_parallax_effects_transition_for":"all","ep_parallax_effects_transition_duration":"100","ep_parallax_effects_transition_easing":"linear"},"elements":[],"isInner":false,"widgetType":"heading","elType":"widget"}],"isInner":true,"elType":"container"},{"id":"4ba3421b","settings":{"primary_thumbnail_size":"full","show_excerpt":"","show_category":"","navigation":"both","dynamic_bullets":"yes","nav_arrows_icon":"7","content_padding":{"unit":"px","top":"30","right":"20","bottom":"0","left":"0","isLinked":false},"item_image_border_radius":{"unit":"px","top":"0","right":"0","bottom":"0","left":"0","isLinked":false},"item_border_radius":{"unit":"px","top":"0","right":"0","bottom":"0","left":"0","isLinked":false},"title_color":"#353535","title_hover_color":"#E93314","title_typography_typography":"custom","title_typography_font_family":"Nunito","title_typography_font_size":{"unit":"px","size":20,"sizes":[]},"title_typography_font_weight":"700","text_typography_typography":"custom","text_typography_font_family":"Nunito","text_typography_font_size":{"unit":"px","size":16,"sizes":[]},"text_typography_font_weight":"500","meta_color":"#7B7B7B","meta_hover_color":"#E93314","meta_divider_color":"#E93314","meta_typography_typography":"custom","meta_typography_font_family":"Nunito","meta_typography_font_size":{"unit":"px","size":13,"sizes":[]},"meta_typography_font_weight":"500","meta_typography_text_transform":"uppercase","category_color":"#FFFFFF","category_background_background":"classic","category_background_color":"#E93314","category_border_radius":{"unit":"px","top":"0","right":"0","bottom":"0","left":"0","isLinked":false},"category_padding":{"unit":"px","top":"5","right":"10","bottom":"5","left":"10","isLinked":false},"category_spacing":{"unit":"px","size":10,"sizes":[]},"category_typography_typography":"custom","category_typography_font_family":"Nunito","category_typography_font_size":{"unit":"px","size":12,"sizes":[]},"category_typography_font_weight":"700","category_typography_text_transform":"uppercase","category_hover_background_background":"classic","category_hover_background_color":"#000000","post_format_background_background":"classic","post_format_background_color":"#EF233C","arrows_color":"#EF233C","arrows_hover_color":"#000000","active_dot_color":"#EF233C","_padding":{"unit":"px","top":"0","right":"0","bottom":"0","left":"0","isLinked":false},"meta_separator":"-","ep_display_conditions":[],"ep_parallax_effects_transition_for":"all","ep_parallax_effects_transition_duration":"100","ep_parallax_effects_transition_easing":"linear"},"elements":[],"isInner":false,"widgetType":"upk-maple-carousel","elType":"widget"}],"isInner":false,"elType":"container"},{"id":"71915678","settings":{"boxed_width":{"unit":"px","size":1300,"sizes":[]},"structure":"20","background_color":"#F8F7F5","padding":{"unit":"px","top":"100","right":"30","bottom":"100","left":"30","isLinked":false},"padding_tablet":{"unit":"px","top":"80","right":"30","bottom":"80","left":"30","isLinked":false},"padding_mobile":{"unit":"px","top":"20","right":"15","bottom":"50","left":"15","isLinked":false},"upk_mc_item_list":[],"section_parallax_elements":[],"ep_display_conditions":[],"ep_parallax_effects_transition_for":"all","ep_parallax_effects_transition_duration":"100","ep_parallax_effects_transition_easing":"linear","flex_direction":"row","flex_align_items":"stretch","flex_gap":{"size":30,"column":"30","row":"30","unit":"px","isLinked":true},"flex_direction_tablet":"column","_title":"Recent Posts"},"elements":[{"id":"53e47f2d","settings":{"_column_size":50,"width":{"size":65,"unit":"%"},"padding":{"unit":"px","top":"0","right":"0","bottom":"0","left":"0","isLinked":true},"width_tablet":{"size":100,"unit":"%"},"padding_mobile":{"unit":"px","top":"0","right":"0","bottom":"0","left":"0","isLinked":false},"ep_parallax_effects_transition_for":"all","ep_parallax_effects_transition_duration":"100","ep_parallax_effects_transition_easing":"linear","content_width":"full","flex_gap":{"column":"30","row":"30","isLinked":true,"unit":"px","size":30},"upk_mc_item_list":[],"section_parallax_elements":[],"ep_display_conditions":[],"_title":"Left"},"elements":[{"id":"2a52f2a6","settings":{"_column_size":33,"width":{"size":100,"unit":"%"},"flex_justify_content":"center","padding_mobile":{"unit":"px","top":"0","right":"0","bottom":"0","left":"0","isLinked":false},"ep_parallax_effects_transition_for":"all","ep_parallax_effects_transition_duration":"100","ep_parallax_effects_transition_easing":"linear","content_width":"full","flex_direction":"row","flex_align_items":"center","upk_mc_item_list":[],"padding":{"unit":"px","top":"0","right":"0","bottom":"0","left":"0","isLinked":false},"section_parallax_elements":[],"ep_display_conditions":[],"_title":"Heading & Divider"},"elements":[{"id":"596d0e8","settings":{"title":"Recent Posts","align":"left","title_color":"#2B2B2B","typography_typography":"custom","typography_font_family":"Nunito","typography_font_size":{"unit":"px","size":28,"sizes":[]},"typography_font_size_tablet":{"unit":"px","size":20,"sizes":[]},"typography_font_size_mobile":{"unit":"px","size":24,"sizes":[]},"typography_font_weight":"700","_margin":{"unit":"px","top":"0","right":"0","bottom":"0","left":"0","isLinked":false},"_margin_tablet":{"unit":"px","top":"0","right":"0","bottom":"0","left":"0","isLinked":true},"_margin_mobile":{"unit":"px","top":"0","right":"0","bottom":"0","left":"0","isLinked":true},"ep_display_conditions":[],"ep_parallax_effects_transition_for":"all","ep_parallax_effects_transition_duration":"100","ep_parallax_effects_transition_easing":"linear"},"elements":[],"isInner":false,"widgetType":"heading","elType":"widget"},{"id":"19423d","settings":{"style":"double","text":"Divider","color":"#C3C3C3","weight":{"unit":"px","size":4,"sizes":[]},"gap":{"unit":"px","size":0,"sizes":[]},"ep_display_conditions":[],"ep_parallax_effects_transition_for":"all","ep_parallax_effects_transition_duration":"100","ep_parallax_effects_transition_easing":"linear"},"elements":[],"isInner":false,"widgetType":"divider","elType":"widget"},{"id":"38df1490","settings":{"title":"Stay up-to-date","align":"right","title_color":"#7E7E7E","typography_typography":"custom","typography_font_family":"Nunito","typography_font_size":{"unit":"px","size":20,"sizes":[]},"typography_font_size_tablet":{"unit":"px","size":16,"sizes":[]},"typography_font_size_mobile":{"unit":"px","size":24,"sizes":[]},"typography_font_weight":"500","_margin":{"unit":"px","top":"0","right":"0","bottom":"0","left":"0","isLinked":false},"_margin_tablet":{"unit":"px","top":"0","right":"0","bottom":"0","left":"0","isLinked":true},"_margin_mobile":{"unit":"px","top":"0","right":"0","bottom":"0","left":"0","isLinked":true},"hide_mobile":"hidden-mobile","ep_display_conditions":[],"ep_parallax_effects_transition_for":"all","ep_parallax_effects_transition_duration":"100","ep_parallax_effects_transition_easing":"linear"},"elements":[],"isInner":false,"widgetType":"heading","elType":"widget"}],"isInner":true,"elType":"container"},{"id":"599f5594","settings":{"columns":"1","item_height":{"unit":"px","size":600,"sizes":[]},"primary_thumbnail_size":"full","navigation":"dots","content_padding":{"unit":"px","top":"0","right":"100","bottom":"220","left":"100","isLinked":false},"content_padding_tablet":{"unit":"px","top":"20","right":"25","bottom":"50","left":"25","isLinked":false},"content_padding_mobile":{"unit":"px","top":"0","right":"10","bottom":"50","left":"10","isLinked":false},"item_padding":{"unit":"px","top":"0","right":"0","bottom":"0","left":"0","isLinked":false},"title_hover_color":"#FFFFFF","title_typography_typography":"custom","title_typography_font_family":"Nunito","title_typography_font_size":{"unit":"px","size":40,"sizes":[]},"title_typography_font_size_tablet":{"unit":"px","size":36,"sizes":[]},"title_typography_font_size_mobile":{"unit":"px","size":24,"sizes":[]},"title_typography_font_weight":"700","date_spacing_mobile":{"unit":"px","size":10,"sizes":[]},"author_typography_typography":"custom","author_typography_font_family":"Nunito","author_typography_font_size":{"unit":"px","size":16,"sizes":[]},"author_typography_font_size_tablet":{"unit":"px","size":15,"sizes":[]},"author_typography_font_size_mobile":{"unit":"px","size":12,"sizes":[]},"author_typography_font_weight":"500","category_bottom_spacing":{"unit":"px","size":10,"sizes":[]},"category_color":"#E93314","category_background_background":"classic","category_background_color":"#FFFFFF","category_border_radius":{"unit":"px","top":"0","right":"0","bottom":"0","left":"0","isLinked":false},"category_padding":{"unit":"px","top":"6","right":"12","bottom":"6","left":"12","isLinked":false},"category_spacing":{"unit":"px","size":10,"sizes":[]},"category_typography_typography":"custom","category_typography_font_family":"Nunito","category_typography_font_size":{"unit":"px","size":12,"sizes":[]},"category_typography_font_weight":"700","category_hover_color":"#FFFFFF","category_hover_background_background":"classic","category_hover_background_color":"#E93314","dots_color":"#FFFFFF","active_dot_color":"#FFFFFF","dots_nny_position":{"unit":"px","size":-40,"sizes":[]},"item_limit":{"unit":"px","size":3,"sizes":[]},"dots_border_radius":{"unit":"px","top":"0","right":"0","bottom":"0","left":"0","isLinked":false},"dots_width_size":{"unit":"px","size":50,"sizes":[]},"dots_height_size":{"unit":"px","size":5,"sizes":[]},"posts_post_type":"post","columns_tablet":"1","item_height_mobile":{"unit":"px","size":350,"sizes":[]},"meta_separator":".","ep_display_conditions":[],"ep_parallax_effects_transition_for":"all","ep_parallax_effects_transition_duration":"100","ep_parallax_effects_transition_easing":"linear"},"elements":[],"isInner":false,"widgetType":"upk-alice-carousel","elType":"widget"},{"id":"42202f9f","settings":{"columns":"1","primary_thumbnail_size":"full","item_limit":{"unit":"px","size":4,"sizes":[]},"show_readmore":"yes","show_author":"yes","show_comments":"yes","meta_separator":"\/\/","show_pagination":"yes","content_padding":{"unit":"px","top":"30","right":"0","bottom":"30","left":"40","isLinked":false},"title_hover_color":"#E93314","title_typography_typography":"custom","title_typography_font_family":"Nunito","title_typography_font_size":{"unit":"px","size":24,"sizes":[]},"title_typography_font_weight":"700","text_typography_typography":"custom","text_typography_font_family":"Nunito","text_typography_font_size":{"unit":"px","size":16,"sizes":[]},"text_typography_font_weight":"500","text_margin":{"unit":"px","top":"0","right":"50","bottom":"0","left":"0","isLinked":false},"date_border_radius":{"unit":"px","top":"0","right":"0","bottom":"0","left":"0","isLinked":false},"date_day_typography_typography":"custom","date_day_typography_font_family":"Nunito","date_day_typography_font_size":{"unit":"px","size":28,"sizes":[]},"date_day_typography_font_weight":"500","date_month_color":"#E93314","date_month_typography_typography":"custom","date_month_typography_font_family":"Nunito","date_month_typography_font_size":{"unit":"px","size":15,"sizes":[]},"date_month_typography_font_weight":"500","readmore_color":"#E93314","readmore_background_background":"classic","readmore_background_color":"#02010100","readmore_size":{"unit":"px","size":28,"sizes":[]},"column_gap":{"unit":"px","size":30,"sizes":[]},"item_box_shadow_box_shadow_type":"yes","item_box_shadow_box_shadow":{"horizontal":0,"vertical":5,"blur":30,"spread":0,"color":"rgba(0, 0, 0, 0)"},"item_hover_box_shadow_box_shadow_type":"yes","item_hover_box_shadow_box_shadow":{"horizontal":0,"vertical":5,"blur":30,"spread":0,"color":"rgba(0, 0, 0, 0.07)"},"posts_post_type":"post","category_color":"#E93314","category_typography_typography":"custom","category_typography_font_family":"Nunito","category_typography_font_size":{"unit":"px","size":14,"sizes":[]},"meta_color":"#4E4949","meta_hover_color":"#E93314","meta_typography_typography":"custom","meta_typography_font_family":"Nunito","meta_typography_font_size":{"unit":"px","size":12,"sizes":[]},"pagination_alignment":"left","pagination_color":"#000000","pagination_background_background":"classic","pagination_background_color":"#FFF4F2","pagination_radius":{"unit":"px","top":"2","right":"2","bottom":"2","left":"2","isLinked":true},"pagination_padding":{"unit":"px","top":"10","right":"12","bottom":"10","left":"12","isLinked":false},"pagination_offset":{"unit":"px","size":30,"sizes":[]},"pagination_hover_color":"#FFFFFF","pagination_hover_background_background":"classic","pagination_hover_background_color":"#E93314","pagination_active_color":"#FFFFFF","pagination_active_background_background":"classic","pagination_active_background_color":"#E93314","content_padding_mobile":{"unit":"px","top":"10","right":"10","bottom":"10","left":"10","isLinked":true},"title_typography_font_size_mobile":{"unit":"px","size":15,"sizes":[]},"meta_typography_font_size_mobile":{"unit":"px","size":8,"sizes":[]},"upk_in_animation_transform_origin":"center top","ep_display_conditions":[],"ep_parallax_effects_transition_for":"all","ep_parallax_effects_transition_duration":"100","ep_parallax_effects_transition_easing":"linear","date_day_typography_font_size_mobile":{"unit":"px","size":20,"sizes":[]},"date_month_typography_font_size_mobile":{"unit":"px","size":12,"sizes":[]}},"elements":[],"isInner":false,"widgetType":"upk-fanel-list","elType":"widget"}],"isInner":true,"elType":"container"},{"id":"746c4392","settings":{"_column_size":50,"width":{"size":35,"unit":"%"},"padding":{"unit":"px","top":"0","right":"0","bottom":"0","left":"0","isLinked":false},"width_tablet":{"size":100,"unit":"%"},"padding_tablet":{"unit":"px","top":"40","right":"0","bottom":"0","left":"0","isLinked":false},"ep_parallax_effects_transition_for":"all","ep_parallax_effects_transition_duration":"100","ep_parallax_effects_transition_easing":"linear","content_width":"full","upk_mc_item_list":[],"section_parallax_elements":[],"ep_display_conditions":[],"_title":"Right Follow Us"},"elements":[{"id":"7b521ab5","settings":{"title":"Follow Us","align":"center","title_color":"#2B2B2B","typography_typography":"custom","typography_font_family":"Nunito","typography_font_size":{"unit":"px","size":20,"sizes":[]},"typography_font_size_tablet":{"unit":"px","size":28,"sizes":[]},"typography_font_size_mobile":{"unit":"px","size":24,"sizes":[]},"typography_font_weight":"700","typography_text_transform":"uppercase","typography_letter_spacing":{"unit":"px","size":2,"sizes":[]},"_margin":{"unit":"px","top":"20","right":"0","bottom":"0","left":"0","isLinked":false},"_margin_tablet":{"unit":"px","top":"0","right":"0","bottom":"0","left":"0","isLinked":true},"_margin_mobile":{"unit":"px","top":"0","right":"0","bottom":"0","left":"0","isLinked":true},"ep_display_conditions":[],"ep_parallax_effects_transition_for":"all","ep_parallax_effects_transition_duration":"100","ep_parallax_effects_transition_easing":"linear"},"elements":[],"isInner":false,"widgetType":"heading","elType":"widget"},{"id":"183f6871","settings":{"style":"curved","width":{"unit":"%","size":28,"sizes":[]},"align":"center","text":"Divider","color":"#E93314","weight":{"unit":"px","size":2,"sizes":[]},"gap":{"unit":"px","size":"","sizes":[]},"_margin":{"unit":"px","top":"-15","right":"0","bottom":"0","left":"0","isLinked":false},"_padding":{"unit":"px","top":"0","right":"0","bottom":"0","left":"0","isLinked":false},"pattern_height":{"unit":"px","size":10,"sizes":[]},"pattern_size":{"unit":"px","size":"","sizes":[]},"ep_display_conditions":[],"ep_parallax_effects_transition_for":"all","ep_parallax_effects_transition_duration":"100","ep_parallax_effects_transition_easing":"linear"},"elements":[],"isInner":false,"widgetType":"divider","elType":"widget"},{"id":"57b0adb2","settings":{"primary_thumbnail_size":"full","meta_separator":"\/\/","item_limit":{"unit":"px","size":1,"sizes":[]},"item_padding_tablet":{"unit":"px","size":50,"sizes":[]},"item_padding_mobile":{"unit":"px","size":15,"sizes":[]},"item_image_border_radius":{"unit":"px","top":"0","right":"0","bottom":"0","left":"0","isLinked":false},"item_overlay_color":"#000000","counter_number_border_radius":{"unit":"px","top":"0","right":"0","bottom":"0","left":"0","isLinked":false},"title_typography_typography":"custom","title_typography_font_size":{"unit":"px","size":18,"sizes":[]},"category_style_color":"#E93314","counter_number_size":{"unit":"px","size":40,"sizes":[]},"counter_number_typography_typography":"custom","counter_number_typography_font_size":{"unit":"px","size":18,"sizes":[]},"title_hover_color":"#E93314","title_featured_color":"#FFFFFF","title_featured_hover_color":"#E93314","counter_number_color":"#39B54A","counter_number_background_background":"classic","counter_number_background_color":"#39B54A1C","item_image_height":{"unit":"px","size":500,"sizes":[]},"item_padding":{"unit":"px","top":"10","right":"10","bottom":"10","left":"10","isLinked":true},"title_style":"middle-underline","title_typography_font_family":"Nunito","title_typography_font_weight":"600","meta_color":"#565656","meta_featured_color":"#D2D2D2","meta_typography_typography":"custom","meta_typography_font_family":"Nunito","meta_typography_font_size":{"unit":"px","size":12,"sizes":[]},"meta_typography_font_weight":"500","category_spacing":{"unit":"px","size":20,"sizes":[]},"category_typography_typography":"custom","category_typography_font_family":"Nunito","category_typography_font_size":{"unit":"px","size":13,"sizes":[]},"category_typography_font_weight":"600","category_hover_color":"#000000","category_featured_color_hover":"#FFFFFF","posts_include_by":["terms"],"posts_include_term_ids":["20"],"category_color":"#E93314","category_featured_color":"#E93314","category_typography_text_transform":"uppercase","item_image_height_mobile":{"unit":"px","size":350,"sizes":[]},"upk_in_animation_transform_origin":"center top","ep_display_conditions":[],"ep_parallax_effects_transition_for":"all","ep_parallax_effects_transition_duration":"100","ep_parallax_effects_transition_easing":"linear"},"elements":[],"isInner":false,"widgetType":"upk-featured-list","elType":"widget"},{"id":"32206ba6","settings":{"columns":"1","column_gap":{"unit":"px","size":"","sizes":[]},"primary_thumbnail_size":"full","show_author":"","content_padding":{"unit":"px","top":"10","right":"0","bottom":"10","left":"30","isLinked":false},"content_padding_mobile":{"unit":"px","top":"0","right":"0","bottom":"0","left":"10","isLinked":false},"item_border_border":"solid","item_border_width":{"unit":"px","top":"0","right":"0","bottom":"1","left":"0","isLinked":false},"item_border_color":"#E6E6E6","item_border_radius":{"unit":"px","top":"0","right":"0","bottom":"0","left":"0","isLinked":false},"item_padding":{"unit":"px","top":"0","right":"0","bottom":"20","left":"0","isLinked":false},"item_hover_border_color":"#E93314","item_image_border_radius":{"unit":"px","top":"0","right":"0","bottom":"0","left":"0","isLinked":false},"item_image_size":{"unit":"px","size":150,"sizes":[]},"title_hover_color":"#E93314","title_typography_typography":"custom","title_typography_font_family":"Nunito","title_typography_font_size":{"unit":"px","size":18,"sizes":[]},"title_typography_font_size_tablet":{"unit":"px","size":16,"sizes":[]},"title_typography_font_weight":"700","meta_hover_color":"#E93314","meta_typography_typography":"custom","meta_typography_font_family":"Nunito","meta_typography_font_size":{"unit":"px","size":12,"sizes":[]},"meta_typography_font_size_tablet":{"unit":"px","size":10,"sizes":[]},"meta_typography_font_weight":"500","category_bottom_spacing":{"unit":"px","size":10,"sizes":[]},"category_bottom_spacing_tablet":{"unit":"px","size":5,"sizes":[]},"category_color":"#E93314","category_border_radius":{"unit":"px","top":"0","right":"0","bottom":"0","left":"0","isLinked":false},"category_padding":{"unit":"px","top":"0","right":"0","bottom":"0","left":"0","isLinked":false},"category_spacing":{"unit":"px","size":10,"sizes":[]},"category_spacing_tablet":{"unit":"px","size":5,"sizes":[]},"category_typography_typography":"custom","category_typography_font_family":"Nunito","category_typography_font_size":{"unit":"px","size":12,"sizes":[]},"category_typography_font_size_tablet":{"unit":"px","size":11,"sizes":[]},"category_typography_font_weight":"700","category_hover_color":"#000000","posts_post_type":"post","item_limit":{"unit":"px","size":5,"sizes":[]},"category_border_width":{"unit":"px","top":"0","right":"0","bottom":"0","left":"0","isLinked":true},"meta_separator":".","upk_in_animation_transform_origin":"center top","ep_display_conditions":[],"ep_parallax_effects_transition_for":"all","ep_parallax_effects_transition_duration":"100","ep_parallax_effects_transition_easing":"linear","title_color":"#4D3835","meta_color":"#FFFFFF"},"elements":[],"isInner":false,"widgetType":"upk-harold-list","elType":"widget"},{"id":"19a5b21c","settings":{"testimonial_content":"\u201cWorking with this team has been a game-changer. Their attention to detail, creativity, and commitment to delivering quality work exceeded all my expectations. I couldn\u2019t be happier with the results.\u201d","testimonial_name":"John Doe","testimonial_job":"Designer","content_typography_typography":"custom","content_typography_font_family":"Nunito","content_typography_font_size":{"unit":"px","size":18,"sizes":[]},"content_typography_font_weight":"400","_margin":{"unit":"px","top":"20","right":"0","bottom":"0","left":"0","isLinked":false},"_padding":{"unit":"px","top":"80","right":"50","bottom":"80","left":"50","isLinked":false},"_background_background":"classic","_background_color":"#F8F7F5","testimonial_image":{"id":"42360","url":"http:\/\/sohan-test-website-vxfgpk.flywp.xyz\/wp-content\/uploads\/2025\/09\/02.jpg"},"ep_display_conditions":[],"ep_parallax_effects_transition_for":"all","ep_parallax_effects_transition_duration":"100","ep_parallax_effects_transition_easing":"linear","name_text_color":"#E93314"},"elements":[],"isInner":false,"widgetType":"testimonial","elType":"widget"},{"id":"89f2c82","settings":{"share_buttons":[{"_id":"7e9ef3f"},{"button":"linkedin","_id":"ed89ac3"},{"button":"twitter","_id":"f11494c"},{"button":"pinterest","_id":"c5b055b"}],"columns":"5","column_gap":{"unit":"px","size":20,"sizes":[]},"inline_column_gap":{"unit":"px","size":0,"sizes":[]},"row_gap":{"unit":"px","size":0,"sizes":[]},"layout_position":"center-left","ss_horizontal_offset":{"unit":"px","size":"","sizes":[]},"ss_vertical_offset":{"unit":"px","size":"","sizes":[]},"style":"gradient","ep_display_conditions":[],"ep_parallax_effects_transition_for":"all","ep_parallax_effects_transition_duration":"100","ep_parallax_effects_transition_easing":"linear"},"elements":[],"isInner":false,"widgetType":"upk-social-share","elType":"widget"}],"isInner":true,"elType":"container"}],"isInner":false,"elType":"container"},{"id":"62e34b34","settings":{"boxed_width":{"unit":"px","size":578,"sizes":[]},"background_background":"classic","background_color":"#F8F7F5","padding":{"unit":"px","top":"100","right":"30","bottom":"100","left":"30","isLinked":false},"padding_tablet":{"unit":"px","top":"80","right":"30","bottom":"80","left":"30","isLinked":false},"padding_mobile":{"unit":"px","top":"20","right":"15","bottom":"50","left":"15","isLinked":false},"upk_mc_item_list":[],"section_parallax_elements":[],"ep_display_conditions":[],"ep_parallax_effects_transition_for":"all","ep_parallax_effects_transition_duration":"100","ep_parallax_effects_transition_easing":"linear","flex_direction":"column","flex_gap":{"size":10,"column":"10","row":"10","unit":"px","isLinked":true},"flex_justify_content":"center","_title":"Footer"},"elements":[{"id":"198a817d","settings":{"title":"NEwsletter","align":"center","title_color":"#FFFFFF","typography_typography":"custom","typography_font_family":"Nunito","typography_font_size":{"unit":"px","size":150,"sizes":[]},"typography_font_size_tablet":{"unit":"px","size":95,"sizes":[]},"typography_font_size_mobile":{"unit":"px","size":50,"sizes":[]},"typography_font_weight":"800","typography_text_transform":"uppercase","typography_letter_spacing":{"unit":"px","size":10,"sizes":[]},"typography_letter_spacing_tablet":{"unit":"px","size":15,"sizes":[]},"typography_letter_spacing_mobile":{"unit":"px","size":2,"sizes":[]},"_margin":{"unit":"px","top":"0","right":"0","bottom":"0","left":"0","isLinked":false},"_margin_tablet":{"unit":"px","top":"0","right":"0","bottom":"-180","left":"0","isLinked":false},"_margin_mobile":{"unit":"px","top":"0","right":"0","bottom":"-180","left":"0","isLinked":false},"ep_display_conditions":[],"ep_parallax_effects_transition_for":"all","ep_parallax_effects_transition_duration":"100","ep_parallax_effects_transition_easing":"linear","_flex_align_self":"center","_position":"absolute","_offset_x":{"size":25,"unit":"%"},"_offset_x_tablet":{"unit":"%","size":-2,"sizes":[]},"_offset_x_mobile":{"unit":"%","size":"","sizes":[]},"_offset_y":{"size":46,"unit":"px"},"_z_index":0},"elements":[],"isInner":false,"widgetType":"heading","elType":"widget"},{"id":"1b2561ec","settings":{"title":"Get the best blog stories into your inbox!","align":"center","title_color":"#000000","typography_typography":"custom","typography_font_family":"Nunito","typography_font_size":{"unit":"px","size":40,"sizes":[]},"typography_font_size_tablet":{"unit":"px","size":28,"sizes":[]},"typography_font_size_mobile":{"unit":"px","size":24,"sizes":[]},"typography_font_weight":"700","typography_line_height":{"unit":"em","size":1.3,"sizes":[]},"_margin":{"unit":"px","top":"0","right":"0","bottom":"0","left":"0","isLinked":false},"_margin_tablet":{"unit":"px","top":"0","right":"0","bottom":"0","left":"0","isLinked":true},"_margin_mobile":{"unit":"px","top":"0","right":"0","bottom":"0","left":"0","isLinked":true},"ep_display_conditions":[],"ep_parallax_effects_transition_for":"all","ep_parallax_effects_transition_duration":"100","ep_parallax_effects_transition_easing":"linear"},"elements":[],"isInner":false,"widgetType":"heading","elType":"widget"},{"id":"5bd80cfb","settings":{"align":"center","typography_typography":"custom","typography_font_family":"Nunito","typography_font_size":{"unit":"px","size":18,"sizes":[]},"typography_font_weight":"400","ep_display_conditions":[],"ep_parallax_effects_transition_for":"all","ep_parallax_effects_transition_duration":"100","ep_parallax_effects_transition_easing":"linear","editor":"Subscribe now and never miss a post \u2014 get our freshest blog stories delivered straight to your inbox!"},"elements":[],"isInner":false,"widgetType":"text-editor","elType":"widget"},{"id":"eb8df16","settings":{"email_field_placeholder":"Enter Your Email Address","button_text":"SIGNUP","placeholder_typography_typography":"custom","placeholder_typography_font_family":"Nunito","placeholder_typography_font_size":{"unit":"px","size":18,"sizes":[]},"placeholder_typography_font_weight":"500","show_before_icon":"yes","mailchimp_before_icon":{"value":"","library":""},"before_icon_color":"#F9B647","before_icon_border_width":{"unit":"px","top":"1","right":"0","bottom":"1","left":"1","isLinked":false},"before_icon_border_color":"#55C3E6","before_icon_radius":{"unit":"px","top":"0","right":"0","bottom":"0","left":"0","isLinked":true},"before_icon_padding":{"unit":"px","top":"0","right":"20","bottom":"0","left":"20","isLinked":false},"before_icon_padding_mobile":{"unit":"px","top":"8","right":"10","bottom":"8","left":"10","isLinked":false},"before_icon_margin":{"unit":"px","top":"0","right":"0","bottom":"0","left":"0","isLinked":false},"before_icon_size":{"unit":"px","size":60,"sizes":[]},"before_icon_size_mobile":{"unit":"px","size":40,"sizes":[]},"input_placeholder_color":"#E93314","input_color":"#000000","input_background_background":"classic","input_background_color":"#FFFFFF00","input_border_width":{"unit":"px","top":"1","right":"1","bottom":"1","left":"0","isLinked":false},"input_border_color":"#55C3E6","input_radius":{"unit":"px","top":"100","right":"100","bottom":"100","left":"100","isLinked":true},"input_padding":{"unit":"px","top":"0","right":"30","bottom":"0","left":"30","isLinked":false},"input_padding_mobile":{"unit":"px","top":"0","right":"15","bottom":"0","left":"15","isLinked":false},"input_margin_mobile":{"unit":"px","top":"0","right":"0","bottom":"0","left":"0","isLinked":false},"input_shadow_box_shadow":{"horizontal":0,"vertical":5,"blur":20,"spread":0,"color":"rgba(0, 0, 0, 0.07)"},"placeholder_typography_font_size_mobile":{"unit":"px","size":13,"sizes":[]},"button_text_color":"#FFFFFF","button_background_color_background":"classic","button_background_color_color":"#E93314","button_border_width":{"unit":"px","top":"1","right":"1","bottom":"1","left":"1","isLinked":true},"button_border_color":"#55C3E6","button_radius":{"unit":"px","top":"0","right":"100","bottom":"100","left":"0","isLinked":false},"button_text_padding":{"unit":"px","top":"4","right":"40","bottom":"4","left":"40","isLinked":false},"button_text_padding_mobile":{"unit":"px","top":"0","right":"15","bottom":"0","left":"15","isLinked":false},"button_typography_typography":"custom","button_typography_font_family":"Montserrat","button_typography_font_size":{"unit":"px","size":15,"sizes":[]},"button_typography_font_size_mobile":{"unit":"px","size":12,"sizes":[]},"button_typography_font_weight":"600","hover_color":"#FFFFFF","button_background_hover_color_background":"classic","button_background_hover_color_color":"#C51D00","button_hover_border_color":"#2BAFDA","_padding":{"unit":"px","top":"5","right":"5","bottom":"5","left":"5","isLinked":true},"_padding_mobile":{"unit":"px","top":"4","right":"4","bottom":"4","left":"4","isLinked":true},"_border_border":"solid","_border_width":{"unit":"px","top":"1","right":"1","bottom":"1","left":"1","isLinked":true},"_border_color":"#E933144D","_border_radius":{"unit":"px","top":"100","right":"100","bottom":"100","left":"100","isLinked":true},"fname_field_placeholder":"Name ","_background_background":"classic","_background_color":"#FFFFFF","ep_display_conditions":[],"ep_parallax_effects_transition_for":"all","ep_parallax_effects_transition_duration":"100","ep_parallax_effects_transition_easing":"linear"},"elements":[],"isInner":false,"widgetType":"upk-newsletter","elType":"widget"}],"isInner":false,"elType":"container"}],"settings":{"template":"elementor_canvas"},"metadata":[]}