{"content":[{"id":"3d3391b7","settings":{"padding":{"unit":"px","top":"15","right":"0","bottom":"0","left":"0","isLinked":false},"padding_tablet":{"unit":"px","top":"15","right":"30","bottom":"0","left":"30","isLinked":false},"padding_mobile":{"unit":"px","top":"15","right":"15","bottom":"15","left":"15","isLinked":false},"boxed_width":{"unit":"px","size":1200,"sizes":[]},"upk_mc_item_list":[],"section_parallax_elements":[],"ep_display_conditions":[],"ep_parallax_effects_transition_for":"all","ep_parallax_effects_transition_duration":"100","ep_parallax_effects_transition_easing":"linear","flex_direction":"column","flex_align_items":"stretch","flex_gap":{"size":10,"column":"10","row":"10","unit":"px","isLinked":true},"_title":"Menu","margin":{"unit":"px","top":"0","right":"0","bottom":"30","left":"0","isLinked":false}},"elements":[{"id":"1d1ba7c0","settings":{"content_width":"full","flex_direction":"row","flex_justify_content":"space-between","flex_align_items":"center","background_background":"classic","background_color":"#3B2526","upk_mc_item_list":[],"border_radius":{"unit":"px","top":"3","right":"3","bottom":"3","left":"3","isLinked":true},"padding":{"unit":"px","top":"15","right":"15","bottom":"15","left":"15","isLinked":true},"section_parallax_elements":[],"ep_display_conditions":[]},"elements":[{"id":"5097201a","settings":{"image":{"id":42714,"url":"http:\/\/sohan-test-website-vxfgpk.flywp.xyz\/wp-content\/uploads\/2025\/09\/TrendDesk-\u2013-Where-news-meets-now.png"},"align":"left","width":{"unit":"%","size":75,"sizes":[]},"width_mobile":{"unit":"%","size":60,"sizes":[]},"ep_display_conditions":[],"ep_parallax_effects_transition_for":"all","ep_parallax_effects_transition_duration":"100","ep_parallax_effects_transition_easing":"linear"},"elements":[],"isInner":false,"widgetType":"image","elType":"widget"},{"id":"25e1f682","settings":{"view":"inline","icon_list":[{"text":"Home","selected_icon":{"value":"","library":""},"_id":"219cb13"},{"text":"Features","selected_icon":{"value":"","library":""},"_id":"395199c"},{"text":"Categories","selected_icon":{"value":"","library":""},"_id":"53260c2"},{"text":"Menu","selected_icon":{"value":"","library":""},"_id":"98c787e"},{"text":"Contact","selected_icon":{"value":"","library":""},"_id":"3ea0e7e"}],"space_between":{"unit":"px","size":40,"sizes":[]},"space_between_tablet":{"unit":"px","size":20,"sizes":[]},"icon_typography_typography":"custom","icon_typography_font_family":"Red Hat Display","icon_typography_font_size":{"unit":"px","size":16,"sizes":[]},"icon_typography_font_weight":"600","icon_typography_line_height":{"unit":"em","size":1,"sizes":[]},"text_color":"#FFFFFF","ep_display_conditions":[],"ep_parallax_effects_transition_for":"all","ep_parallax_effects_transition_duration":"100","ep_parallax_effects_transition_easing":"linear","hide_mobile":"hidden-mobile"},"elements":[],"isInner":false,"widgetType":"icon-list","elType":"widget"},{"id":"1f069993","settings":{"view":"inline","icon_list":[{"text":"","selected_icon":{"value":"fas fa-search","library":"fa-solid"},"_id":"3ea0e7e"},{"text":"","selected_icon":{"value":"fas fa-user-tie","library":"fa-solid"},"_id":"e3d6675"},{"text":"","selected_icon":{"value":"fas fa-shopping-basket","library":"fa-solid"},"_id":"e62f300"}],"space_between":{"unit":"px","size":15,"sizes":[]},"icon_color":"#FFFFFF","icon_size":{"unit":"px","size":20,"sizes":[]},"ep_display_conditions":[],"ep_parallax_effects_transition_for":"all","ep_parallax_effects_transition_duration":"100","ep_parallax_effects_transition_easing":"linear","hide_tablet":"hidden-tablet","hide_mobile":"hidden-mobile"},"elements":[],"isInner":false,"widgetType":"icon-list","elType":"widget"},{"id":"338f15a5","settings":{"selected_icon":{"value":"fas fa-bars","library":"fa-solid"},"primary_color":"#FFFFFF","size":{"unit":"px","size":24,"sizes":[]},"ep_display_conditions":[],"ep_parallax_effects_transition_for":"all","ep_parallax_effects_transition_duration":"100","ep_parallax_effects_transition_easing":"linear","hide_desktop":"hidden-desktop","hide_tablet":"hidden-tablet"},"elements":[],"isInner":false,"widgetType":"icon","elType":"widget"}],"isInner":true,"elType":"container"}],"isInner":false,"elType":"container"},{"id":"3fc34db6","settings":{"padding":{"unit":"px","top":"0","right":"30","bottom":"80","left":"30","isLinked":false},"padding_tablet":{"unit":"px","top":"0","right":"30","bottom":"30","left":"30","isLinked":false},"padding_mobile":{"unit":"px","top":"0","right":"15","bottom":"50","left":"15","isLinked":false},"boxed_width":{"unit":"px","size":1200,"sizes":[]},"structure":"20","upk_mc_item_list":[],"section_parallax_elements":[],"ep_display_conditions":[],"ep_parallax_effects_transition_for":"all","ep_parallax_effects_transition_duration":"100","ep_parallax_effects_transition_easing":"linear","flex_direction":"row","flex_align_items":"stretch","flex_gap":{"size":30,"column":"30","row":"30","unit":"px","isLinked":true},"flex_direction_tablet":"column","_title":"Hero"},"elements":[{"id":"45e90d0c","settings":{"item_height":{"unit":"px","size":600,"sizes":[]},"item_height_mobile":{"unit":"px","size":400,"sizes":[]},"content_width":{"unit":"px","size":600,"sizes":[]},"content_alignment":"center","human_diff_time":"yes","posts_include_by":["terms"],"posts_include_term_ids":["92"],"nav_arrows_icon":"9","content_padding_mobile":{"unit":"px","top":"20","right":"20","bottom":"20","left":"20","isLinked":true},"title_typography_typography":"custom","title_typography_font_family":"Red Hat Display","title_typography_font_size":{"unit":"px","size":40,"sizes":[]},"title_typography_font_size_mobile":{"unit":"px","size":24,"sizes":[]},"title_typography_font_weight":"600","text_typography_typography":"custom","text_typography_font_family":"Open Sans","text_typography_font_size":{"unit":"px","size":20,"sizes":[]},"text_typography_font_size_mobile":{"unit":"px","size":13,"sizes":[]},"text_typography_font_weight":"400","author_spacing":{"unit":"px","size":15,"sizes":[]},"author_name_typography_typography":"custom","author_name_typography_font_family":"Red Hat Display","author_name_typography_font_size":{"unit":"px","size":18,"sizes":[]},"author_name_typography_font_size_mobile":{"unit":"px","size":14,"sizes":[]},"author_name_typography_font_weight":"500","author_name_typography_text_transform":"uppercase","author_role_typography_typography":"custom","author_role_typography_font_family":"Red Hat Display","author_role_typography_font_size":{"unit":"px","size":15,"sizes":[]},"author_role_typography_font_size_mobile":{"unit":"px","size":12,"sizes":[]},"author_role_typography_font_weight":"400","date_typography_typography":"custom","date_typography_font_family":"Red Hat Display","date_typography_font_size":{"unit":"px","size":15,"sizes":[]},"date_typography_font_size_mobile":{"unit":"px","size":11,"sizes":[]},"date_typography_font_weight":"400","date_typography_text_transform":"uppercase","category_color":"#FFFFFF","category_background_background":"classic","category_background_color":"#FF3524","category_typography_typography":"custom","category_typography_font_family":"Red Hat Display","category_typography_font_size":{"unit":"px","size":13,"sizes":[]},"category_typography_font_size_mobile":{"unit":"px","size":10,"sizes":[]},"category_typography_font_weight":"500","category_typography_text_transform":"uppercase","category_hover_background_background":"classic","category_hover_background_color":"#EE2818","arrows_hover_color":"#FF3524","dots_color":"#FFFFFF","active_dot_color":"#FFFFFF","dots_height_size":{"unit":"px","size":5,"sizes":[]},"dots_width_size":{"unit":"px","size":50,"sizes":[]},"_margin_tablet":{"unit":"px","top":"0","right":"0","bottom":"0","left":"0","isLinked":false},"_padding_tablet":{"unit":"px","top":"0","right":"0","bottom":"0","left":"0","isLinked":false},"_padding_mobile":{"unit":"px","top":"0","right":"0","bottom":"0","left":"0","isLinked":false},"posts_post_type":"post","meta_separator":".","ep_display_conditions":[],"ep_parallax_effects_transition_for":"all","ep_parallax_effects_transition_duration":"100","ep_parallax_effects_transition_easing":"linear","_element_width":"initial","_element_custom_width":{"unit":"%","size":78,"sizes":[]},"_element_custom_width_tablet":{"unit":"px","size":1000,"sizes":[]}},"elements":[],"isInner":false,"widgetType":"upk-paradox-slider","elType":"widget"},{"id":"38cd10ce","settings":{"columns":"1","item_limit":{"unit":"px","size":4,"sizes":[]},"show_author":"","content_padding":{"unit":"px","top":"0","right":"0","bottom":"0","left":"15","isLinked":false},"item_border_radius":{"unit":"px","top":"0","right":"0","bottom":"0","left":"0","isLinked":false},"item_padding":{"unit":"px","top":"10","right":"0","bottom":"10","left":"0","isLinked":false},"item_image_border_radius":{"unit":"px","top":"0","right":"0","bottom":"0","left":"0","isLinked":false},"title_typography_typography":"custom","title_typography_font_family":"Red Hat Display","title_typography_font_size":{"unit":"px","size":16,"sizes":[]},"meta_typography_typography":"custom","meta_typography_font_family":"Red Hat Display","meta_typography_font_size":{"unit":"px","size":12,"sizes":[]},"meta_typography_font_size_tablet":{"unit":"px","size":13,"sizes":[]},"meta_spacing":{"unit":"px","size":0,"sizes":[]},"posts_include_by":["terms"],"posts_include_term_ids":["92"],"posts_exclude_by":["manual_selection"],"posts_exclude_ids":["12244"],"item_border_border":"solid","item_border_width":{"unit":"px","top":"0","right":"0","bottom":"0","left":"0","isLinked":false},"title_hover_color":"#FF3524","title_typography_font_weight":"600","meta_hover_color":"#FF3524","meta_typography_font_weight":"400","category_color":"#FF3524","category_border_width":{"unit":"px","top":"0","right":"0","bottom":"0","left":"0","isLinked":true},"category_padding":{"unit":"px","top":"0","right":"0","bottom":"0","left":"0","isLinked":false},"category_typography_typography":"custom","category_typography_font_family":"Red Hat Display","category_typography_font_size":{"unit":"px","size":13,"sizes":[]},"category_typography_font_weight":"500","category_hover_color":"#000000","_padding":{"unit":"px","top":"0","right":"12","bottom":"12","left":"16","isLinked":false},"primary_thumbnail_size":"full","content_padding_mobile":{"unit":"px","top":"0","right":"0","bottom":"0","left":"15","isLinked":false},"title_typography_font_size_mobile":{"unit":"px","size":15,"sizes":[]},"meta_color":"#959595","meta_typography_font_size_mobile":{"unit":"px","size":10,"sizes":[]},"category_typography_font_size_mobile":{"unit":"px","size":12,"sizes":[]},"_margin_mobile":{"unit":"px","top":"0","right":"0","bottom":"0","left":"0","isLinked":false},"_padding_mobile":{"unit":"px","top":"0","right":"0","bottom":"0","left":"0","isLinked":false},"posts_post_type":"post","item_background_background":"classic","upk_in_animation_transform_origin":"center top","meta_separator":".","ep_display_conditions":[],"ep_parallax_effects_transition_for":"all","ep_parallax_effects_transition_duration":"100","ep_parallax_effects_transition_easing":"linear"},"elements":[],"isInner":false,"widgetType":"upk-harold-list","elType":"widget"}],"isInner":false,"elType":"container"},{"id":"7d540c67","settings":{"boxed_width":{"unit":"px","size":1200,"sizes":[]},"structure":"20","padding_tablet":{"unit":"px","top":"0","right":"30","bottom":"0","left":"30","isLinked":false},"padding_mobile":{"unit":"px","top":"0","right":"15","bottom":"0","left":"15","isLinked":false},"upk_mc_item_list":[],"section_parallax_elements":[],"ep_display_conditions":[],"ep_parallax_effects_transition_for":"all","ep_parallax_effects_transition_duration":"100","ep_parallax_effects_transition_easing":"linear","flex_direction":"row","flex_align_items":"stretch","flex_gap":{"size":10,"column":"10","row":"10","unit":"px","isLinked":true},"flex_direction_tablet":"column","_title":"Latest Magazine"},"elements":[{"id":"5a3d29da","settings":{"_column_size":100,"width":{"size":50,"unit":"%"},"padding":{"unit":"px","top":"0","right":"0","bottom":"0","left":"0","isLinked":false},"ep_parallax_effects_transition_for":"all","ep_parallax_effects_transition_duration":"100","ep_parallax_effects_transition_easing":"linear","content_width":"full","width_tablet":{"unit":"%","size":100,"sizes":[]},"width_mobile":{"unit":"%","size":"","sizes":[]},"upk_mc_item_list":[],"section_parallax_elements":[],"ep_display_conditions":[]},"elements":[{"id":"77c475a4","settings":{"title":"Latest Magazine","title_color":"#000000","typography_typography":"custom","typography_font_family":"Red Hat Display","typography_font_size":{"unit":"px","size":24,"sizes":[]},"typography_font_weight":"600","_padding":{"unit":"px","top":"0","right":"0","bottom":"0","left":"0","isLinked":false},"_border_width":{"unit":"px","top":"0","right":"0","bottom":"1","left":"0","isLinked":false},"_border_color":"#DEDEDE","typography_font_size_mobile":{"unit":"px","size":24,"sizes":[]},"typography_letter_spacing":{"unit":"px","size":1.6,"sizes":[]},"align":"left","ep_display_conditions":[],"ep_parallax_effects_transition_for":"all","ep_parallax_effects_transition_duration":"100","ep_parallax_effects_transition_easing":"linear"},"elements":[],"isInner":false,"widgetType":"heading","elType":"widget"},{"id":"7755841d","settings":{"style":"x_tribal","width":{"unit":"%","size":20,"sizes":[]},"align":"left","text":"Divider","color":"#FF3524","pattern_height":{"unit":"px","size":12,"sizes":[]},"gap":{"unit":"px","size":0,"sizes":[]},"_margin":{"unit":"px","top":"0","right":"0","bottom":"0","left":"0","isLinked":false},"ep_display_conditions":[],"ep_parallax_effects_transition_for":"all","ep_parallax_effects_transition_duration":"100","ep_parallax_effects_transition_easing":"linear"},"elements":[],"isInner":false,"widgetType":"divider","elType":"widget"},{"id":"6b6d0da3","settings":{"primary_thumbnail_size":"full","meta_separator":"\/\/","item_padding_tablet":{"unit":"px","size":15,"sizes":[],"left":"25","top":"25","right":"25","bottom":"25","isLinked":true},"item_padding_mobile":{"unit":"px","size":25,"sizes":[]},"item_image_border_width":{"unit":"px","top":"4","right":"4","bottom":"4","left":"4","isLinked":true},"item_image_border_color":"#FF845E","title_typography_typography":"custom","title_typography_font_size":{"unit":"px","size":20,"sizes":[]},"title_typography_font_size_tablet":{"unit":"px","size":16,"sizes":[]},"title_typography_font_size_mobile":{"unit":"px","size":15,"sizes":[]},"meta_typography_typography":"custom","meta_typography_font_size":{"unit":"px","size":13,"sizes":[]},"meta_typography_font_size_tablet":{"unit":"px","size":11,"sizes":[]},"category_typography_typography":"custom","category_typography_font_size_tablet":{"unit":"px","size":11,"sizes":[]},"counter_number_color":"#000000","counter_number_background_background":"classic","counter_number_background_color":"#FFFFFF00","counter_number_size":{"unit":"px","size":27,"sizes":[]},"counter_number_size_tablet":{"unit":"px","size":25,"sizes":[]},"counter_number_typography_typography":"custom","counter_number_typography_font_size":{"unit":"px","size":32,"sizes":[]},"counter_number_typography_font_size_tablet":{"unit":"px","size":24,"sizes":[]},"_box_shadow_box_shadow":{"horizontal":0,"vertical":10,"blur":50,"spread":0,"color":"rgba(0, 0, 0, 0.05)"},"title_hover_color":"#FF3524","title_featured_hover_color":"#FF3524","category_style_color":"#FF3524","counter_number_border_width":{"unit":"px","top":"2","right":"2","bottom":"2","left":"2","isLinked":true},"counter_number_border_color":"#E00A0A","counter_number_border_radius":{"unit":"px","top":"4","right":"4","bottom":"4","left":"4","isLinked":true},"is_replaced_deprecated_query":"yes","posts_include_by":["terms"],"posts_include_term_ids":["92"],"item_limit":{"unit":"px","size":5,"sizes":[]},"item_padding":{"unit":"px","top":"20","right":"50","bottom":"20","left":"20","isLinked":false},"title_style":"middle-overline","title_typography_font_family":"Red Hat Display","title_typography_font_weight":"600","meta_color":"#0A0A0ABD","meta_featured_color":"#BCBCBC","meta_typography_font_family":"Red Hat Display","meta_typography_font_weight":"400","meta_typography_text_transform":"uppercase","category_featured_color":"#FFFFFFD4","category_hover_color":"#FF3524","category_featured_color_hover":"#FFFFFF","counter_number_typography_font_family":"Red Hat Display","_padding":{"unit":"px","top":"0","right":"0","bottom":"0","left":"0","isLinked":false},"item_image_border_radius":{"unit":"px","top":"0","right":"0","bottom":"0","left":"0","isLinked":false},"title_typography_line_height":{"unit":"em","size":1.4,"sizes":[]},"category_padding":{"unit":"px","top":"0","right":"0","bottom":"0","left":"0","isLinked":false},"category_spacing":{"unit":"px","size":20,"sizes":[]},"category_typography_font_family":"Red Hat Display","category_typography_font_size":{"unit":"px","size":13,"sizes":[]},"category_typography_font_weight":"500","category_typography_text_transform":"uppercase","counter_number_typography_font_weight":"500","_margin_tablet":{"unit":"px","top":"0","right":"0","bottom":"0","left":"0","isLinked":false},"_padding_tablet":{"unit":"px","top":"0","right":"0","bottom":"0","left":"0","isLinked":false},"posts_post_type":"post","featured_counter_number_color":"#FFFFFF","upk_in_animation_transform_origin":"center top","ep_display_conditions":[],"ep_parallax_effects_transition_for":"all","ep_parallax_effects_transition_duration":"100","ep_parallax_effects_transition_easing":"linear"},"elements":[],"isInner":false,"widgetType":"upk-featured-list","elType":"widget"}],"isInner":true,"elType":"container"},{"id":"2076ee04","settings":{"_column_size":50,"width":{"size":60,"unit":"%"},"width_tablet":{"size":100,"unit":"%"},"margin":{"unit":"px","top":"80","right":"0","bottom":"0","left":"30","isLinked":false},"margin_tablet":{"unit":"px","top":"0","right":"0","bottom":"0","left":"0","isLinked":true},"padding":{"unit":"px","top":"0","right":"0","bottom":"0","left":"0","isLinked":false},"padding_tablet":{"unit":"px","top":"0","right":"0","bottom":"0","left":"0","isLinked":false},"ep_parallax_effects_transition_for":"all","ep_parallax_effects_transition_duration":"100","ep_parallax_effects_transition_easing":"linear","content_width":"full","upk_mc_item_list":[],"section_parallax_elements":[],"ep_display_conditions":[]},"elements":[{"id":"78579e8e","settings":{"column_gap":{"unit":"px","size":30,"sizes":[]},"column_gap_tablet":{"unit":"px","size":2,"sizes":[]},"column_gap_mobile":{"unit":"px","size":2,"sizes":[]},"primary_item_height_tablet":{"unit":"px","size":400,"sizes":[]},"primary_item_height_mobile":{"unit":"px","size":300,"sizes":[]},"secondary_item_height_tablet":{"unit":"px","size":250,"sizes":[]},"secondary_item_height_mobile":{"unit":"px","size":250,"sizes":[]},"primary_thumbnail_size":"full","content_padding":{"unit":"px","top":"30","right":"30","bottom":"30","left":"30","isLinked":true},"content_padding_mobile":{"unit":"px","top":"25","right":"25","bottom":"25","left":"25","isLinked":true},"overlay_blur_effect":"yes","overlay_blur_level":{"unit":"px","size":0,"sizes":[]},"item_border_width":{"unit":"px","top":"2","right":"2","bottom":"2","left":"2","isLinked":true},"item_padding":{"unit":"px","top":"0","right":"0","bottom":"0","left":"0","isLinked":false},"overlay_blur_level_hover":{"unit":"px","size":10,"sizes":[]},"title_color":"#FFFFFF","title_typography_typography":"custom","title_typography_font_family":"Red Hat Display","title_typography_font_size":{"unit":"px","size":20,"sizes":[]},"title_typography_font_size_tablet":{"unit":"px","size":18,"sizes":[]},"title_typography_font_size_mobile":{"unit":"px","size":20,"sizes":[]},"title_typography_font_weight":"600","secondary_title_typography_typography":"custom","secondary_title_typography_font_family":"Helvetica","secondary_title_typography_font_size":{"unit":"px","size":24,"sizes":[]},"secondary_title_typography_font_size_tablet":{"unit":"px","size":20,"sizes":[]},"secondary_title_typography_font_size_mobile":{"unit":"px","size":18,"sizes":[]},"secondary_title_typography_font_weight":"600","author_hover_color":"#FFFFFF","author_typography_typography":"custom","author_typography_font_family":"Red Hat Display","author_typography_font_size":{"unit":"px","size":12,"sizes":[]},"author_typography_font_size_tablet":{"unit":"px","size":9,"sizes":[]},"author_typography_font_size_mobile":{"unit":"px","size":10,"sizes":[]},"author_typography_text_transform":"uppercase","category_bottom_spacing":{"unit":"px","size":10,"sizes":[]},"category_bottom_spacing_mobile":{"unit":"px","size":4,"sizes":[]},"category_color":"#FFFFFF","category_background_background":"classic","category_background_color":"#FF3524","category_padding":{"unit":"px","top":"6","right":"12","bottom":"6","left":"12","isLinked":false},"category_spacing":{"unit":"px","size":0,"sizes":[]},"category_spacing_mobile":{"unit":"px","size":2,"sizes":[]},"category_typography_typography":"custom","category_typography_font_family":"Helvetica","category_typography_font_size":{"unit":"px","size":12,"sizes":[]},"category_typography_font_size_tablet":{"unit":"px","size":11,"sizes":[]},"category_typography_font_size_mobile":{"unit":"px","size":10,"sizes":[]},"category_typography_font_weight":"600","category_typography_text_transform":"uppercase","category_hover_background_background":"classic","category_hover_background_color":"#D12011","columns":"2","default_item_height":{"unit":"px","size":270,"sizes":[]},"primary_item_height":{"unit":"px","size":350,"sizes":[]},"secondary_item_height":{"unit":"px","size":400,"sizes":[]},"posts_include_by":["terms"],"posts_include_term_ids":["92"],"_margin":{"unit":"px","top":"0","right":"0","bottom":"0","left":"0","isLinked":false},"_padding":{"unit":"px","top":"0","right":"0","bottom":"0","left":"0","isLinked":false},"posts_post_type":"post","upk_in_animation_transform_origin":"center top","meta_separator":".","ep_display_conditions":[],"ep_parallax_effects_transition_for":"all","ep_parallax_effects_transition_duration":"100","ep_parallax_effects_transition_easing":"linear"},"elements":[],"isInner":false,"widgetType":"upk-alice-grid","elType":"widget"}],"isInner":true,"elType":"container"}],"isInner":false,"elType":"container"},{"id":"7bb63501","settings":{"padding":{"unit":"px","top":"80","right":"30","bottom":"80","left":"30","isLinked":false},"padding_tablet":{"unit":"px","top":"80","right":"30","bottom":"80","left":"30","isLinked":false},"padding_mobile":{"unit":"px","top":"50","right":"15","bottom":"50","left":"15","isLinked":false},"boxed_width":{"unit":"px","size":1200,"sizes":[]},"upk_mc_item_list":[],"section_parallax_elements":[],"ep_display_conditions":[],"ep_parallax_effects_transition_for":"all","ep_parallax_effects_transition_duration":"100","ep_parallax_effects_transition_easing":"linear","flex_direction":"column","flex_align_items":"stretch","flex_gap":{"size":10,"column":"10","row":"10","unit":"px","isLinked":true},"_title":"Last Month Magazine"},"elements":[{"id":"1f6ad54e","settings":{"title":"Last Months Magazine","title_color":"#000000","typography_typography":"custom","typography_font_family":"Red Hat Display","typography_font_size":{"unit":"px","size":28,"sizes":[]},"typography_font_weight":"600","_padding":{"unit":"px","top":"0","right":"0","bottom":"0","left":"0","isLinked":false},"_border_width":{"unit":"px","top":"0","right":"0","bottom":"1","left":"0","isLinked":false},"_border_color":"#DEDEDE","typography_font_size_mobile":{"unit":"px","size":24,"sizes":[]},"typography_letter_spacing":{"unit":"px","size":1.6,"sizes":[]},"ep_display_conditions":[],"ep_parallax_effects_transition_for":"all","ep_parallax_effects_transition_duration":"100","ep_parallax_effects_transition_easing":"linear"},"elements":[],"isInner":false,"widgetType":"heading","elType":"widget"},{"id":"106985ec","settings":{"style":"x_tribal","width":{"unit":"%","size":20,"sizes":[]},"align":"left","text":"Divider","color":"#FF3524","pattern_height":{"unit":"px","size":12,"sizes":[]},"gap":{"unit":"px","size":0,"sizes":[]},"_margin":{"unit":"px","top":"0","right":"0","bottom":"0","left":"0","isLinked":false},"ep_display_conditions":[],"ep_parallax_effects_transition_for":"all","ep_parallax_effects_transition_duration":"100","ep_parallax_effects_transition_easing":"linear"},"elements":[],"isInner":false,"widgetType":"divider","elType":"widget"},{"id":"b3ec7c7","settings":{"align":"left","text_color":"#909090","typography_typography":"custom","typography_font_family":"Red Hat Display","typography_font_size":{"unit":"px","size":18,"sizes":[]},"typography_font_size_mobile":{"unit":"px","size":15,"sizes":[]},"typography_font_weight":"400","ep_display_conditions":[],"ep_parallax_effects_transition_for":"all","ep_parallax_effects_transition_duration":"100","ep_parallax_effects_transition_easing":"linear","paragraph_spacing":{"unit":"px","size":29,"sizes":[]},"_element_width":"initial","_element_custom_width":{"unit":"%","size":43,"sizes":[]},"_element_custom_width_tablet":{"unit":"px","size":751,"sizes":[]}},"elements":[],"isInner":false,"widgetType":"text-editor","elType":"widget"},{"id":"450c79a2","settings":{"column_gap":{"unit":"px","size":30,"sizes":[]},"primary_thumbnail_size":"full","posts_include_by":["terms"],"posts_include_term_ids":["92"],"content_padding":{"unit":"px","top":"40","right":"0","bottom":"40","left":"0","isLinked":false},"title_hover_color":"#FF3524","title_typography_typography":"custom","title_typography_font_family":"Red Hat Display","title_typography_font_size":{"unit":"px","size":20,"sizes":[]},"title_typography_font_weight":"600","title_typography_line_height":{"unit":"em","size":1.4,"sizes":[]},"text_typography_typography":"custom","text_typography_font_family":"Open Sans","text_typography_font_size":{"unit":"px","size":15,"sizes":[]},"text_typography_font_weight":"400","text_margin":{"unit":"px","top":"0","right":"0","bottom":"0","left":"0","isLinked":false},"meta_color":"#848484","meta_hover_color":"#FF3524","date_divider_color":"#FF3524","meta_typography_typography":"custom","meta_typography_font_family":"Red Hat Display","meta_typography_font_size":{"unit":"px","size":11,"sizes":[]},"meta_typography_font_weight":"400","meta_typography_text_transform":"uppercase","category_color":"#FF3524","category_border_radius":{"unit":"px","top":"0","right":"0","bottom":"0","left":"0","isLinked":false},"category_padding":{"unit":"px","top":"0","right":"0","bottom":"0","left":"0","isLinked":false},"category_margin":{"unit":"px","top":"0","right":"0","bottom":"15","left":"0","isLinked":false},"category_spacing_between":{"unit":"px","size":12,"sizes":[]},"category_typography_typography":"custom","category_typography_font_family":"Red Hat Display","category_typography_font_size":{"unit":"px","size":11,"sizes":[]},"category_typography_font_weight":"500","category_typography_text_transform":"uppercase","posts_post_type":"post","meta_separator":"|","readmore_text":"Read More","upk_in_animation_transform_origin":"center top","ep_display_conditions":[],"ep_parallax_effects_transition_for":"all","ep_parallax_effects_transition_duration":"100","ep_parallax_effects_transition_easing":"linear"},"elements":[],"isInner":false,"widgetType":"upk-alter-grid","elType":"widget"}],"isInner":false,"elType":"container"},{"id":"2efa0a9b","settings":{"boxed_width":{"unit":"px","size":1200,"sizes":[]},"structure":"20","padding":{"unit":"px","top":"0","right":"0","bottom":"80","left":"0","isLinked":false},"padding_tablet":{"unit":"px","top":"0","right":"30","bottom":"80","left":"30","isLinked":false},"padding_mobile":{"unit":"px","top":"0","right":"15","bottom":"50","left":"15","isLinked":false},"upk_mc_item_list":[],"section_parallax_elements":[],"ep_display_conditions":[],"ep_parallax_effects_transition_for":"all","ep_parallax_effects_transition_duration":"100","ep_parallax_effects_transition_easing":"linear","flex_direction":"row","flex_align_items":"stretch","flex_gap":{"size":10,"column":"10","row":"10","unit":"px","isLinked":true},"flex_direction_tablet":"column","_title":"Popular tags"},"elements":[{"id":"6a3d3968","settings":{"_column_size":50,"width":{"size":60,"unit":"%"},"width_tablet":{"size":100,"unit":"%"},"margin":{"unit":"px","top":"0","right":"30","bottom":"0","left":"0","isLinked":false},"margin_tablet":{"unit":"px","top":"0","right":"0","bottom":"30","left":"0","isLinked":false},"padding":{"unit":"px","top":"0","right":"0","bottom":"0","left":"0","isLinked":false},"padding_tablet":{"unit":"px","top":"0","right":"0","bottom":"0","left":"0","isLinked":false},"ep_parallax_effects_transition_for":"all","ep_parallax_effects_transition_duration":"100","ep_parallax_effects_transition_easing":"linear","content_width":"full","upk_mc_item_list":[],"section_parallax_elements":[],"ep_display_conditions":[]},"elements":[{"id":"61d88238","settings":{"columns":"1","item_limit":{"unit":"px","size":4,"sizes":[]},"content_padding":{"unit":"px","top":"0","right":"0","bottom":"0","left":"30","isLinked":false},"item_border_radius":{"unit":"px","top":"0","right":"0","bottom":"0","left":"0","isLinked":false},"item_padding":{"unit":"px","top":"0","right":"0","bottom":"10","left":"0","isLinked":false},"item_image_border_radius":{"unit":"px","top":"0","right":"0","bottom":"0","left":"0","isLinked":false},"title_typography_typography":"custom","title_typography_font_family":"Red Hat Display","title_typography_font_size":{"unit":"px","size":24,"sizes":[]},"meta_typography_typography":"custom","meta_typography_font_family":"Red Hat Display","meta_typography_font_size":{"unit":"px","size":12,"sizes":[]},"meta_typography_font_size_tablet":{"unit":"px","size":13,"sizes":[]},"meta_spacing":{"unit":"px","size":20,"sizes":[]},"posts_include_by":["terms"],"posts_include_term_ids":["92"],"posts_exclude_by":["manual_selection"],"posts_exclude_ids":["12244"],"item_border_border":"solid","item_border_width":{"unit":"px","top":"0","right":"0","bottom":"0","left":"0","isLinked":false},"title_hover_color":"#FF3524","title_typography_font_weight":"600","meta_hover_color":"#FF3524","meta_typography_font_weight":"400","category_color":"#FF3524","category_border_width":{"unit":"px","top":"0","right":"0","bottom":"0","left":"0","isLinked":true},"category_padding":{"unit":"px","top":"0","right":"0","bottom":"0","left":"0","isLinked":false},"category_typography_typography":"custom","category_typography_font_family":"Red Hat Display","category_typography_font_size":{"unit":"px","size":13,"sizes":[]},"category_typography_font_weight":"500","category_hover_color":"#000000","primary_thumbnail_size":"full","human_diff_time":"yes","content_padding_mobile":{"unit":"px","top":"0","right":"0","bottom":"0","left":"15","isLinked":false},"item_image_size":{"unit":"px","size":250,"sizes":[]},"item_image_size_mobile":{"unit":"px","size":100,"sizes":[]},"title_typography_font_size_mobile":{"unit":"px","size":15,"sizes":[]},"meta_color":"#959595","meta_typography_font_size_mobile":{"unit":"px","size":10,"sizes":[]},"category_typography_font_size_mobile":{"unit":"px","size":12,"sizes":[]},"_margin_mobile":{"unit":"px","top":"0","right":"0","bottom":"0","left":"0","isLinked":false},"_padding_mobile":{"unit":"px","top":"0","right":"0","bottom":"0","left":"0","isLinked":false},"posts_post_type":"post","upk_in_animation_transform_origin":"center top","meta_separator":".","ep_display_conditions":[],"ep_parallax_effects_transition_for":"all","ep_parallax_effects_transition_duration":"100","ep_parallax_effects_transition_easing":"linear"},"elements":[],"isInner":false,"widgetType":"upk-harold-list","elType":"widget"}],"isInner":true,"elType":"container"},{"id":"5fe53acd","settings":{"_column_size":50,"width":{"size":40,"unit":"%"},"width_tablet":{"size":100,"unit":"%"},"background_color":"#F6F6F6","margin":{"unit":"px","top":"0","right":"0","bottom":"0","left":"30","isLinked":false},"margin_tablet":{"unit":"px","top":"0","right":"0","bottom":"0","left":"0","isLinked":false},"margin_mobile":{"unit":"px","top":"0","right":"0","bottom":"0","left":"0","isLinked":false},"padding":{"unit":"px","top":"0","right":"0","bottom":"0","left":"0","isLinked":false},"padding_tablet":{"unit":"px","top":"0","right":"0","bottom":"0","left":"0","isLinked":false},"padding_mobile":{"unit":"px","top":"0","right":"0","bottom":"0","left":"0","isLinked":false},"ep_parallax_effects_transition_for":"all","ep_parallax_effects_transition_duration":"100","ep_parallax_effects_transition_easing":"linear","content_width":"full","upk_mc_item_list":[],"section_parallax_elements":[],"ep_display_conditions":[]},"elements":[{"id":"2097cb6d","settings":{"_column_size":100,"width":{"size":null,"unit":"%"},"width_tablet":{"size":100,"unit":"%"},"background_background":"classic","background_color":"#F6F6F6","margin":{"unit":"px","top":"0","right":"0","bottom":"0","left":"0","isLinked":true},"margin_tablet":{"unit":"px","top":"0","right":"0","bottom":"0","left":"0","isLinked":false},"margin_mobile":{"unit":"px","top":"0","right":"0","bottom":"0","left":"0","isLinked":false},"padding":{"unit":"px","top":"30","right":"30","bottom":"30","left":"30","isLinked":true},"padding_tablet":{"unit":"px","top":"30","right":"30","bottom":"30","left":"30","isLinked":true},"padding_mobile":{"unit":"px","top":"10","right":"10","bottom":"10","left":"10","isLinked":true},"ep_parallax_effects_transition_for":"all","ep_parallax_effects_transition_duration":"100","ep_parallax_effects_transition_easing":"linear","content_width":"full","upk_mc_item_list":[],"section_parallax_elements":[],"ep_display_conditions":[]},"elements":[{"id":"7a113396","settings":{"title":"Most Popular Tags ","title_color":"#000000","typography_typography":"custom","typography_font_family":"Red Hat Display","typography_font_size":{"unit":"px","size":28,"sizes":[]},"typography_font_weight":"600","_padding":{"unit":"px","top":"0","right":"0","bottom":"20","left":"0","isLinked":false},"_border_width":{"unit":"px","top":"0","right":"0","bottom":"1","left":"0","isLinked":false},"_border_color":"#DEDEDE","typography_font_size_mobile":{"unit":"px","size":24,"sizes":[]},"typography_letter_spacing":{"unit":"px","size":1.6,"sizes":[]},"ep_display_conditions":[],"ep_parallax_effects_transition_for":"all","ep_parallax_effects_transition_duration":"100","ep_parallax_effects_transition_easing":"linear"},"elements":[],"isInner":false,"widgetType":"heading","elType":"widget"},{"id":"5ee5ee08","settings":{"item_gap":{"unit":"px","size":10,"sizes":[]},"show_count":"","item_limit":{"unit":"px","size":9,"sizes":[]},"single_background":"yes","item_background_background":"classic","item_background_color":"#FFFFFF00","item_padding":{"unit":"px","top":"6","right":"10","bottom":"6","left":"10","isLinked":false},"itam_background_hover_background":"classic","itam_background_hover_color":"#FF3524","category_name_typography_typography":"custom","category_name_typography_font_size":{"unit":"px","size":13,"sizes":[]},"category_name_typography_font_family":"Red Hat Display","category_name_typography_font_weight":"400","item_border_border":"solid","item_border_width":{"unit":"px","top":"1","right":"1","bottom":"1","left":"1","isLinked":true},"item_border_color":"#BFBFBF","item_border_radius":{"unit":"px","top":"0","right":"0","bottom":"0","left":"0","isLinked":false},"item_border_color_hover":"#FF3524","category_name_color":"#151515","category_name_color_hover":"#FFFFFF","category_name_typography_font_size_mobile":{"unit":"px","size":11,"sizes":[]},"posts_post_type":"post","ep_display_conditions":[],"ep_parallax_effects_transition_for":"all","ep_parallax_effects_transition_duration":"100","ep_parallax_effects_transition_easing":"linear"},"elements":[],"isInner":false,"widgetType":"upk-tag-cloud","elType":"widget"}],"isInner":true,"elType":"container"},{"id":"1096a09d","settings":{"image":{"id":"42366","url":"http:\/\/sohan-test-website-vxfgpk.flywp.xyz\/wp-content\/uploads\/2025\/09\/1.jpg"},"image_size":"full","align":"right","link_to":"custom","link":{"url":"#","is_external":"","nofollow":"","custom_attributes":""},"height":{"unit":"px","size":460,"sizes":[]},"height_mobile":{"unit":"px","size":400,"sizes":[]},"_margin":{"unit":"px","top":"0","right":"0","bottom":"0","left":"0","isLinked":false},"_margin_tablet":{"unit":"px","top":"30","right":"0","bottom":"0","left":"0","isLinked":false},"_margin_mobile":{"unit":"px","top":"20","right":"0","bottom":"0","left":"0","isLinked":false},"_padding":{"unit":"px","top":"0","right":"0","bottom":"0","left":"0","isLinked":false},"hide_tablet":"hidden-tablet","ep_display_conditions":[],"ep_parallax_effects_transition_for":"all","ep_parallax_effects_transition_duration":"100","ep_parallax_effects_transition_easing":"linear"},"elements":[],"isInner":false,"widgetType":"image","elType":"widget"}],"isInner":true,"elType":"container"}],"isInner":false,"elType":"container"},{"id":"750d3815","settings":{"padding":{"unit":"px","top":"80","right":"30","bottom":"80","left":"30","isLinked":false},"padding_tablet":{"unit":"px","top":"80","right":"30","bottom":"80","left":"30","isLinked":false},"padding_mobile":{"unit":"px","top":"50","right":"15","bottom":"50","left":"15","isLinked":false},"boxed_width":{"unit":"px","size":1200,"sizes":[]},"background_background":"classic","background_color":"#F6F6F6","upk_mc_item_list":[],"section_parallax_elements":[],"ep_display_conditions":[],"ep_parallax_effects_transition_for":"all","ep_parallax_effects_transition_duration":"100","ep_parallax_effects_transition_easing":"linear","flex_direction":"column","flex_align_items":"stretch","flex_gap":{"size":10,"column":"10","row":"10","unit":"px","isLinked":true},"_title":"Trending Magazine"},"elements":[{"id":"1801f1f9","settings":{"title":"Trending Magzine","title_color":"#000000","typography_typography":"custom","typography_font_family":"Red Hat Display","typography_font_size":{"unit":"px","size":28,"sizes":[]},"typography_font_weight":"600","_padding":{"unit":"px","top":"0","right":"0","bottom":"0","left":"0","isLinked":false},"_border_width":{"unit":"px","top":"0","right":"0","bottom":"1","left":"0","isLinked":false},"_border_color":"#DEDEDE","typography_font_size_mobile":{"unit":"px","size":24,"sizes":[]},"typography_letter_spacing":{"unit":"px","size":1.6,"sizes":[]},"ep_display_conditions":[],"ep_parallax_effects_transition_for":"all","ep_parallax_effects_transition_duration":"100","ep_parallax_effects_transition_easing":"linear"},"elements":[],"isInner":false,"widgetType":"heading","elType":"widget"},{"id":"587e88c","settings":{"style":"x_tribal","width":{"unit":"%","size":20,"sizes":[]},"align":"left","text":"Divider","color":"#FF3524","pattern_height":{"unit":"px","size":12,"sizes":[]},"gap":{"unit":"px","size":0,"sizes":[]},"_margin":{"unit":"px","top":"0","right":"0","bottom":"0","left":"0","isLinked":false},"ep_display_conditions":[],"ep_parallax_effects_transition_for":"all","ep_parallax_effects_transition_duration":"100","ep_parallax_effects_transition_easing":"linear"},"elements":[],"isInner":false,"widgetType":"divider","elType":"widget"},{"id":"6f71bfe7","settings":{"align":"left","text_color":"#909090","typography_typography":"custom","typography_font_family":"Red Hat Display","typography_font_size":{"unit":"px","size":18,"sizes":[]},"typography_font_size_mobile":{"unit":"px","size":15,"sizes":[]},"typography_font_weight":"400","ep_display_conditions":[],"ep_parallax_effects_transition_for":"all","ep_parallax_effects_transition_duration":"100","ep_parallax_effects_transition_easing":"linear","paragraph_spacing":{"unit":"px","size":29,"sizes":[]},"_element_width":"initial","_element_custom_width":{"unit":"%","size":43,"sizes":[]},"_element_custom_width_mobile":{"unit":"px","size":545,"sizes":[]}},"elements":[],"isInner":false,"widgetType":"text-editor","elType":"widget"},{"id":"4b31299d","settings":{"columns":"3","item_gap":{"unit":"px","size":35,"sizes":[]},"primary_thumbnail_size":"full","default_image_height":{"unit":"px","size":250,"sizes":[]},"posts_include_by":["terms"],"posts_include_term_ids":["92"],"arrows_position":"top-right","nav_arrows_icon":"9","content_padding":{"unit":"px","top":"40","right":"0","bottom":"40","left":"0","isLinked":false},"content_padding_mobile":{"unit":"px","top":"20","right":"0","bottom":"2","left":"0","isLinked":false},"itam_background_background":"classic","itam_background_color":"#02010100","title_hover_color":"#FF3524","title_typography_typography":"custom","title_typography_font_family":"Red Hat Display","title_typography_font_size":{"unit":"px","size":24,"sizes":[]},"title_typography_font_size_mobile":{"unit":"px","size":20,"sizes":[]},"title_typography_font_weight":"600","title_typography_line_height":{"unit":"em","size":1.4,"sizes":[]},"text_color":"#8B8B8B","text_typography_typography":"custom","text_typography_font_family":"Open Sans","text_typography_font_size":{"unit":"px","size":15,"sizes":[]},"text_typography_font_weight":"400","text_margin":{"unit":"px","top":"0","right":"0","bottom":"0","left":"0","isLinked":false},"author_color":"#484848","date_divider_color":"#FF3524","author_typography_typography":"custom","author_typography_font_family":"Red Hat Display","author_typography_font_size":{"unit":"px","size":12,"sizes":[]},"author_typography_font_weight":"400","author_typography_text_transform":"uppercase","category_color":"#FF3524","category_border_radius":{"unit":"px","top":"0","right":"0","bottom":"0","left":"0","isLinked":false},"category_padding":{"unit":"px","top":"0","right":"0","bottom":"0","left":"0","isLinked":false},"category_margin":{"unit":"px","top":"0","right":"0","bottom":"15","left":"0","isLinked":false},"category_spacing_between":{"unit":"px","size":12,"sizes":[]},"category_typography_typography":"custom","category_typography_font_family":"Red Hat Display","category_typography_font_size":{"unit":"px","size":13,"sizes":[]},"category_typography_font_weight":"500","category_typography_text_transform":"uppercase","arrows_color":"#FF3524","arrows_background":"#FFFFFF","arrows_padding":{"unit":"px","top":"10","right":"10","bottom":"10","left":"10","isLinked":true},"arrows_padding_tablet":{"unit":"px","top":"12","right":"12","bottom":"12","left":"12","isLinked":true},"arrows_padding_mobile":{"unit":"px","top":"10","right":"10","bottom":"10","left":"10","isLinked":true},"arrows_size":{"unit":"px","size":20,"sizes":[]},"arrows_size_tablet":{"unit":"px","size":18,"sizes":[]},"arrows_size_mobile":{"unit":"px","size":18,"sizes":[]},"arrows_space":{"unit":"px","size":6,"sizes":[]},"arrows_hover_color":"#FFFFFF","arrows_hover_background":"#FF3524","arrows_ncx_position":{"unit":"px","size":-2,"sizes":[]},"arrows_ncx_position_tablet":{"unit":"px","size":-2,"sizes":[]},"arrows_ncy_position":{"unit":"px","size":-100,"sizes":[]},"arrows_ncy_position_tablet":{"unit":"px","size":-140,"sizes":[]},"arrows_ncy_position_mobile":{"unit":"px","size":-60,"sizes":[]},"posts_post_type":"post","meta_separator":"|","readmore_text":"Read More","ep_display_conditions":[],"ep_parallax_effects_transition_for":"all","ep_parallax_effects_transition_duration":"100","ep_parallax_effects_transition_easing":"linear"},"elements":[],"isInner":false,"widgetType":"upk-alter-carousel","elType":"widget"}],"isInner":false,"elType":"container"},{"id":"68bedf55","settings":{"padding":{"unit":"px","top":"80","right":"30","bottom":"80","left":"30","isLinked":false},"padding_tablet":{"unit":"px","top":"80","right":"30","bottom":"80","left":"30","isLinked":false},"padding_mobile":{"unit":"px","top":"50","right":"15","bottom":"50","left":"15","isLinked":false},"boxed_width":{"unit":"px","size":1200,"sizes":[]},"upk_mc_item_list":[],"section_parallax_elements":[],"ep_display_conditions":[],"ep_parallax_effects_transition_for":"all","ep_parallax_effects_transition_duration":"100","ep_parallax_effects_transition_easing":"linear","flex_direction":"column","flex_align_items":"stretch","flex_gap":{"size":10,"column":"10","row":"10","unit":"px","isLinked":true},"_title":"Ctegories"},"elements":[{"id":"4db537f7","settings":{"title":"Most Popular Categories","title_color":"#000000","typography_typography":"custom","typography_font_family":"Red Hat Display","typography_font_size":{"unit":"px","size":28,"sizes":[]},"typography_font_weight":"600","_padding":{"unit":"px","top":"0","right":"0","bottom":"0","left":"0","isLinked":false},"_border_width":{"unit":"px","top":"0","right":"0","bottom":"1","left":"0","isLinked":false},"_border_color":"#DEDEDE","typography_font_size_mobile":{"unit":"px","size":24,"sizes":[]},"typography_letter_spacing":{"unit":"px","size":1.6,"sizes":[]},"ep_display_conditions":[],"ep_parallax_effects_transition_for":"all","ep_parallax_effects_transition_duration":"100","ep_parallax_effects_transition_easing":"linear"},"elements":[],"isInner":false,"widgetType":"heading","elType":"widget"},{"id":"40f04395","settings":{"style":"x_tribal","width":{"unit":"%","size":20,"sizes":[]},"align":"left","text":"Divider","color":"#FF3524","pattern_height":{"unit":"px","size":12,"sizes":[]},"gap":{"unit":"px","size":0,"sizes":[]},"_margin":{"unit":"px","top":"0","right":"0","bottom":"0","left":"0","isLinked":false},"ep_display_conditions":[],"ep_parallax_effects_transition_for":"all","ep_parallax_effects_transition_duration":"100","ep_parallax_effects_transition_easing":"linear"},"elements":[],"isInner":false,"widgetType":"divider","elType":"widget"},{"id":"2bf192fb","settings":{"align":"left","text_color":"#909090","typography_typography":"custom","typography_font_family":"Red Hat Display","typography_font_size":{"unit":"px","size":18,"sizes":[]},"typography_font_size_mobile":{"unit":"px","size":15,"sizes":[]},"typography_font_weight":"400","ep_display_conditions":[],"ep_parallax_effects_transition_for":"all","ep_parallax_effects_transition_duration":"100","ep_parallax_effects_transition_easing":"linear","paragraph_spacing":{"unit":"px","size":29,"sizes":[]},"_element_width":"initial","_element_custom_width":{"unit":"%","size":43,"sizes":[]},"_element_custom_width_tablet":{"unit":"px","size":963,"sizes":[]},"editor":"<p>Trendesk is a culinary journey where flavor meets passion. From traditional family recipes to modern kitchen experiments.<\/p>"},"elements":[],"isInner":false,"widgetType":"text-editor","elType":"widget"},{"id":"7ae60776","settings":{"style":"2","columns":"5","item_height":{"unit":"px","size":250,"sizes":[]},"show_image":"yes","cat_image_size_size":"full","view_all_button":"yes","item_limit":{"unit":"px","size":5,"sizes":[]},"parent":"19","cat_image_background_background":"classic","cat_image_radius":{"unit":"px","top":"0","right":"0","bottom":"0","left":"0","isLinked":true},"category_name_color_hover":"#FFFFFF","category_name_typography_typography":"custom","category_name_typography_font_family":"Red Hat Display","category_name_typography_font_size":{"unit":"px","size":20,"sizes":[]},"category_name_typography_font_weight":"500","count_typography_typography":"custom","count_typography_font_family":"Red Hat Display","count_typography_font_size":{"unit":"px","size":16,"sizes":[]},"count_typography_font_weight":"500","ep_display_conditions":[],"ep_parallax_effects_transition_for":"all","ep_parallax_effects_transition_duration":"100","ep_parallax_effects_transition_easing":"linear"},"elements":[],"isInner":false,"widgetType":"upk-post-category","elType":"widget"}],"isInner":false,"elType":"container"},{"id":"18ace2ed","settings":{"boxed_width":{"unit":"px","size":1200,"sizes":[]},"structure":"20","padding":{"unit":"px","top":"0","right":"0","bottom":"80","left":"0","isLinked":false},"padding_tablet":{"unit":"px","top":"0","right":"30","bottom":"80","left":"30","isLinked":false},"padding_mobile":{"unit":"px","top":"0","right":"15","bottom":"50","left":"15","isLinked":false},"upk_mc_item_list":[],"section_parallax_elements":[],"ep_display_conditions":[],"ep_parallax_effects_transition_for":"all","ep_parallax_effects_transition_duration":"100","ep_parallax_effects_transition_easing":"linear","flex_direction":"row","flex_align_items":"stretch","flex_gap":{"size":10,"column":"10","row":"10","unit":"px","isLinked":true},"flex_direction_tablet":"column","_title":"Follow us"},"elements":[{"id":"6e483ff1","settings":{"columns":"2","column_gap":{"unit":"px","size":30,"sizes":[]},"primary_thumbnail_size":"full","item_limit":{"unit":"px","size":4,"sizes":[]},"posts_include_by":["terms"],"posts_include_term_ids":["92"],"content_padding":{"unit":"px","top":"40","right":"0","bottom":"40","left":"0","isLinked":false},"title_hover_color":"#FF3524","title_typography_typography":"custom","title_typography_font_family":"Red Hat Display","title_typography_font_size":{"unit":"px","size":20,"sizes":[]},"title_typography_font_weight":"600","title_typography_line_height":{"unit":"em","size":1.4,"sizes":[]},"text_typography_typography":"custom","text_typography_font_family":"Open Sans","text_typography_font_size":{"unit":"px","size":15,"sizes":[]},"text_typography_font_weight":"400","text_margin":{"unit":"px","top":"0","right":"0","bottom":"0","left":"0","isLinked":false},"meta_color":"#848484","meta_hover_color":"#FF3524","date_divider_color":"#FF3524","meta_typography_typography":"custom","meta_typography_font_family":"Red Hat Display","meta_typography_font_size":{"unit":"px","size":11,"sizes":[]},"meta_typography_font_weight":"400","meta_typography_text_transform":"uppercase","category_color":"#FF3524","category_border_radius":{"unit":"px","top":"0","right":"0","bottom":"0","left":"0","isLinked":false},"category_padding":{"unit":"px","top":"0","right":"0","bottom":"0","left":"0","isLinked":false},"category_margin":{"unit":"px","top":"0","right":"0","bottom":"15","left":"0","isLinked":false},"category_spacing_between":{"unit":"px","size":12,"sizes":[]},"category_typography_typography":"custom","category_typography_font_family":"Red Hat Display","category_typography_font_size":{"unit":"px","size":12,"sizes":[]},"category_typography_font_weight":"500","category_typography_text_transform":"uppercase","posts_post_type":"post","meta_separator":"|","readmore_text":"Read More","upk_in_animation_transform_origin":"center top","ep_display_conditions":[],"ep_parallax_effects_transition_for":"all","ep_parallax_effects_transition_duration":"100","ep_parallax_effects_transition_easing":"linear","_element_width":"initial","_element_custom_width":{"unit":"%","size":100,"sizes":[]}},"elements":[],"isInner":false,"widgetType":"upk-alter-grid","elType":"widget"},{"id":"2f32e01b","settings":{"_column_size":50,"width":{"size":65,"unit":"%"},"width_tablet":{"size":100,"unit":"%"},"background_color":"#F6F6F6","margin":{"unit":"px","top":"0","right":"0","bottom":"0","left":"30","isLinked":false},"margin_tablet":{"unit":"px","top":"0","right":"0","bottom":"0","left":"0","isLinked":false},"margin_mobile":{"unit":"px","top":"0","right":"0","bottom":"0","left":"0","isLinked":false},"padding":{"unit":"px","top":"0","right":"0","bottom":"0","left":"0","isLinked":false},"padding_tablet":{"unit":"px","top":"0","right":"0","bottom":"0","left":"0","isLinked":false},"padding_mobile":{"unit":"px","top":"0","right":"0","bottom":"0","left":"0","isLinked":false},"ep_parallax_effects_transition_for":"all","ep_parallax_effects_transition_duration":"100","ep_parallax_effects_transition_easing":"linear","content_width":"full","upk_mc_item_list":[],"section_parallax_elements":[],"ep_display_conditions":[]},"elements":[{"id":"38ba6681","settings":{"title":"Follow  Us","title_color":"#000000","typography_typography":"custom","typography_font_family":"Red Hat Display","typography_font_size":{"unit":"px","size":28,"sizes":[]},"typography_font_weight":"600","_padding":{"unit":"px","top":"0","right":"0","bottom":"0","left":"0","isLinked":false},"_border_width":{"unit":"px","top":"0","right":"0","bottom":"1","left":"0","isLinked":false},"_border_color":"#DEDEDE","typography_font_size_mobile":{"unit":"px","size":24,"sizes":[]},"typography_letter_spacing":{"unit":"px","size":1.6,"sizes":[]},"ep_display_conditions":[],"ep_parallax_effects_transition_for":"all","ep_parallax_effects_transition_duration":"100","ep_parallax_effects_transition_easing":"linear"},"elements":[],"isInner":false,"widgetType":"heading","elType":"widget"},{"id":"6f791a7d","settings":{"style":"x_tribal","width":{"unit":"%","size":10,"sizes":[]},"align":"left","text":"Divider","color":"#FF3524","pattern_height":{"unit":"px","size":12,"sizes":[]},"gap":{"unit":"px","size":0,"sizes":[]},"_margin":{"unit":"px","top":"-10","right":"0","bottom":"15","left":"0","isLinked":false},"ep_display_conditions":[],"ep_parallax_effects_transition_for":"all","ep_parallax_effects_transition_duration":"100","ep_parallax_effects_transition_easing":"linear"},"elements":[],"isInner":false,"widgetType":"divider","elType":"widget"},{"id":"7e77efcf","settings":{"share_buttons":[{"_id":"7e9ef3f"},{"button":"linkedin","_id":"ed89ac3"},{"button":"twitter","_id":"f11494c"},{"button":"pinterest","_id":"c5b055b"}],"columns":"2","column_gap":{"unit":"px","size":20,"sizes":[]},"inline_column_gap":{"unit":"px","size":0,"sizes":[]},"row_gap":{"unit":"px","size":0,"sizes":[]},"ss_horizontal_offset":{"unit":"px","size":"","sizes":[]},"ss_vertical_offset":{"unit":"px","size":"","sizes":[]},"style":"gradient","layout_style":"grid","border_radius":{"unit":"px","top":"3","right":"3","bottom":"3","left":"3","isLinked":true},"typography_typography":"custom","typography_font_family":"Red Hat Display","typography_font_size":{"unit":"px","size":15,"sizes":[]},"typography_font_weight":"500","typography_text_transform":"uppercase","typography_letter_spacing":{"unit":"px","size":2.2,"sizes":[]},"ep_display_conditions":[],"ep_parallax_effects_transition_for":"all","ep_parallax_effects_transition_duration":"100","ep_parallax_effects_transition_easing":"linear"},"elements":[],"isInner":false,"widgetType":"upk-social-share","elType":"widget"},{"id":"7f90090c","settings":{"margin_mobile":{"unit":"px","top":"0","right":0,"bottom":"0","left":0,"isLinked":false},"padding":{"unit":"px","top":"30","right":"0","bottom":"50","left":"0","isLinked":false},"padding_tablet":{"unit":"px","top":"30","right":"0","bottom":"50","left":"0","isLinked":false},"padding_mobile":{"unit":"px","top":"0","right":"0","bottom":"0","left":"0","isLinked":false},"upk_mc_item_list":[],"section_parallax_elements":[],"ep_display_conditions":[],"ep_parallax_effects_transition_for":"all","ep_parallax_effects_transition_duration":"100","ep_parallax_effects_transition_easing":"linear","flex_direction":"row","flex_align_items":"stretch","flex_gap":{"size":10,"column":"10","row":"10","unit":"px","isLinked":true},"content_width":"full"},"elements":[{"id":"43e65da8","settings":{"_column_size":100,"width":{"size":null,"unit":"%"},"width_tablet":{"size":100,"unit":"%"},"background_background":"classic","background_color":"#F6F6F6","margin":{"unit":"px","top":"0","right":"0","bottom":"0","left":"0","isLinked":true},"margin_tablet":{"unit":"px","top":"0","right":"0","bottom":"0","left":"0","isLinked":false},"margin_mobile":{"unit":"px","top":"0","right":"0","bottom":"0","left":"0","isLinked":false},"padding":{"unit":"px","top":"30","right":"30","bottom":"30","left":"30","isLinked":true},"padding_tablet":{"unit":"px","top":"30","right":"30","bottom":"30","left":"30","isLinked":true},"padding_mobile":{"unit":"px","top":"10","right":"10","bottom":"10","left":"10","isLinked":true},"ep_parallax_effects_transition_for":"all","ep_parallax_effects_transition_duration":"100","ep_parallax_effects_transition_easing":"linear","content_width":"full","upk_mc_item_list":[],"section_parallax_elements":[],"ep_display_conditions":[]},"elements":[{"id":"464fec3d","settings":{"title":"Subscribe Our Page","title_color":"#000000","typography_typography":"custom","typography_font_family":"Red Hat Display","typography_font_size":{"unit":"px","size":28,"sizes":[]},"typography_font_weight":"600","_padding":{"unit":"px","top":"0","right":"0","bottom":"20","left":"0","isLinked":false},"_border_width":{"unit":"px","top":"0","right":"0","bottom":"1","left":"0","isLinked":false},"_border_color":"#DEDEDE","typography_font_size_mobile":{"unit":"px","size":24,"sizes":[]},"typography_letter_spacing":{"unit":"px","size":1.6,"sizes":[]},"ep_display_conditions":[],"ep_parallax_effects_transition_for":"all","ep_parallax_effects_transition_duration":"100","ep_parallax_effects_transition_easing":"linear"},"elements":[],"isInner":false,"widgetType":"heading","elType":"widget"},{"id":"47dc2ad7","settings":{"email_field_placeholder":"Enter Your Email","button_text":"Subscribe","placeholder_typography_typography":"custom","placeholder_typography_font_family":"Red Hat Display","placeholder_typography_font_size":{"unit":"px","size":15,"sizes":[]},"placeholder_typography_font_weight":"500","before_text":"Subscribe Our miling list","align":"left","fullwidth_input":"yes","fullwidth_button":"yes","before_icon_color":"#FFFFFF","before_icon_background_background":"classic","before_icon_background_color":"#FF7043","before_icon_border_width":{"unit":"px","top":"1","right":"0","bottom":"1","left":"1","isLinked":false},"before_icon_border_color":"#8DD438","before_icon_radius":{"unit":"px","top":"0","right":"0","bottom":"0","left":"0","isLinked":false},"before_icon_padding":{"unit":"px","top":"18","right":"15","bottom":"18","left":"15","isLinked":false},"before_icon_margin":{"unit":"px","top":"0","right":"0","bottom":"0","left":"0","isLinked":false},"before_icon_hover_color":"#FFFFFF","before_icon_hover_background_background":"classic","before_icon_hover_background_color":"#8DD438","before_icon_hover_border_color":"#8DD438","input_placeholder_color":"#FF3D00","input_color":"#000000","input_background_background":"classic","input_background_color":"#FFFFFF","input_border_width":{"unit":"px","top":"1","right":"1","bottom":"1","left":"1","isLinked":true},"input_border_color":"#F62F2F","input_radius":{"unit":"px","top":"0","right":"0","bottom":"0","left":"0","isLinked":false},"input_padding":{"unit":"px","top":"26","right":"30","bottom":"26","left":"30","isLinked":false},"input_padding_mobile":{"unit":"px","top":"23","right":"15","bottom":"23","left":"15","isLinked":false},"input_margin":{"unit":"px","top":"20","right":"0","bottom":"20","left":"0","isLinked":false},"input_margin_mobile":{"unit":"px","top":"0","right":"0","bottom":"20","left":"0","isLinked":false},"input_shadow_box_shadow":{"horizontal":0,"vertical":5,"blur":20,"spread":0,"color":"rgba(0, 0, 0, 0.07)"},"placeholder_typography_font_size_mobile":{"unit":"px","size":13,"sizes":[]},"button_text_color":"#FFFFFF","button_background_color_background":"classic","button_background_color_color":"#FF3524","button_border_width":{"unit":"px","top":"1","right":"1","bottom":"1","left":"1","isLinked":true},"button_border_color":"#8DD438","button_radius":{"unit":"px","top":"0","right":"0","bottom":"0","left":"0","isLinked":false},"button_text_padding":{"unit":"px","top":"6","right":"30","bottom":"6","left":"30","isLinked":false},"button_text_padding_mobile":{"unit":"px","top":"2","right":"20","bottom":"2","left":"20","isLinked":false},"button_typography_typography":"custom","button_typography_font_family":"Red Hat Display","button_typography_font_size":{"unit":"px","size":18,"sizes":[]},"button_typography_font_size_mobile":{"unit":"px","size":12,"sizes":[]},"button_typography_font_weight":"500","hover_color":"#FFFFFF","button_background_hover_color_background":"classic","button_background_hover_color_color":"#E42616","button_hover_border_color":"#8DD438","before_text_color":"#FF3524","before_text_spacing":{"unit":"px","size":10,"sizes":[]},"before_text_typography_typography":"custom","before_text_typography_font_family":"Poppins","before_text_typography_font_size":{"unit":"px","size":20,"sizes":[]},"before_text_typography_font_size_mobile":{"unit":"px","size":16,"sizes":[]},"before_text_typography_font_weight":"500","fname_field_placeholder":"Name ","input_focus_border_color":"#E00A0A","button_typography_text_transform":"uppercase","button_typography_letter_spacing":{"unit":"px","size":1.6,"sizes":[]},"ep_display_conditions":[],"ep_parallax_effects_transition_for":"all","ep_parallax_effects_transition_duration":"100","ep_parallax_effects_transition_easing":"linear"},"elements":[],"isInner":false,"widgetType":"upk-newsletter","elType":"widget"}],"isInner":true,"elType":"container"}],"isInner":true,"elType":"container"},{"id":"97da29a","settings":{"image":{"id":"42367","url":"http:\/\/sohan-test-website-vxfgpk.flywp.xyz\/wp-content\/uploads\/2025\/09\/600.jpg"},"image_size":"full","align":"right","link_to":"custom","link":{"url":"#","is_external":"","nofollow":"","custom_attributes":""},"height":{"unit":"px","size":460,"sizes":[]},"height_mobile":{"unit":"px","size":400,"sizes":[]},"_margin":{"unit":"px","top":"0","right":"0","bottom":"0","left":"0","isLinked":false},"_margin_tablet":{"unit":"px","top":"30","right":"0","bottom":"0","left":"0","isLinked":false},"_margin_mobile":{"unit":"px","top":"20","right":"0","bottom":"0","left":"0","isLinked":false},"_padding":{"unit":"px","top":"0","right":"0","bottom":"0","left":"0","isLinked":false},"hide_tablet":"hidden-tablet","ep_display_conditions":[],"ep_parallax_effects_transition_for":"all","ep_parallax_effects_transition_duration":"100","ep_parallax_effects_transition_easing":"linear"},"elements":[],"isInner":false,"widgetType":"image","elType":"widget"}],"isInner":true,"elType":"container"}],"isInner":false,"elType":"container"},{"id":"43e9bfe1","settings":{"structure":"40","background_background":"classic","background_color":"#F6F6F6","padding":{"unit":"px","top":"100","right":"30","bottom":"50","left":"30","isLinked":false},"padding_tablet":{"unit":"px","top":"50","right":"30","bottom":"50","left":"30","isLinked":false},"padding_mobile":{"unit":"px","top":"50","right":"15","bottom":"50","left":"15","isLinked":false},"boxed_width":{"unit":"px","size":1200,"sizes":[]},"upk_mc_item_list":[],"section_parallax_elements":[],"ep_display_conditions":[],"ep_parallax_effects_transition_for":"all","ep_parallax_effects_transition_duration":"100","ep_parallax_effects_transition_easing":"linear","flex_direction":"row","flex_align_items":"stretch","flex_gap":{"size":10,"column":"10","row":"10","unit":"px","isLinked":true},"_title":"Footer","background_image":{"id":"42684","url":"http:\/\/sohan-test-website-vxfgpk.flywp.xyz\/wp-content\/uploads\/2025\/09\/travel_06.jpg"},"background_position":"top center","background_repeat":"no-repeat","background_size":"cover","background_overlay_background":"classic","background_overlay_color":"#201313","background_overlay_opacity":{"unit":"px","size":0.85,"sizes":[]}},"elements":[{"id":"18ae3010","settings":{"_column_size":25,"width":{"size":null,"unit":"%"},"width_tablet":{"size":50,"unit":"%"},"ep_parallax_effects_transition_for":"all","ep_parallax_effects_transition_duration":"100","ep_parallax_effects_transition_easing":"linear","content_width":"full","upk_mc_item_list":[],"section_parallax_elements":[],"ep_display_conditions":[]},"elements":[{"id":"623dd346","settings":{"image":{"id":42714,"url":"http:\/\/sohan-test-website-vxfgpk.flywp.xyz\/wp-content\/uploads\/2025\/09\/TrendDesk-\u2013-Where-news-meets-now.png"},"align":"left","ep_display_conditions":[],"ep_parallax_effects_transition_for":"all","ep_parallax_effects_transition_duration":"100","ep_parallax_effects_transition_easing":"linear"},"elements":[],"isInner":false,"widgetType":"image","elType":"widget"},{"id":"6c3df217","settings":{"text_color":"#FFFFFFB3","typography_typography":"custom","typography_font_family":"Nunito","typography_font_size":{"unit":"px","size":16,"sizes":[]},"typography_font_weight":"400","ep_display_conditions":[],"ep_parallax_effects_transition_for":"all","ep_parallax_effects_transition_duration":"100","ep_parallax_effects_transition_easing":"linear","editor":"<p>Trendesk is a vibrant culinary blog that celebrates the art of cooking and the stories behind every dish. From unique recipes to heartfelt food journeys, it brings together flavor, passion, and inspiration for food lovers everywhere.<\/p>","typography_line_height":{"unit":"em","size":1.6,"sizes":[]}},"elements":[],"isInner":false,"widgetType":"text-editor","elType":"widget"}],"isInner":true,"elType":"container"},{"id":"5a072ea0","settings":{"_column_size":25,"width":{"size":null,"unit":"%"},"width_tablet":{"size":50,"unit":"%"},"ep_parallax_effects_transition_for":"all","ep_parallax_effects_transition_duration":"100","ep_parallax_effects_transition_easing":"linear","content_width":"full","upk_mc_item_list":[],"section_parallax_elements":[],"ep_display_conditions":[]},"elements":[{"id":"430217ca","settings":{"title":"Categories","title_color":"#FFFFFF","typography_typography":"custom","typography_font_family":"Nunito","typography_font_size":{"unit":"px","size":20,"sizes":[]},"typography_font_weight":"700","_padding":{"unit":"px","top":"0","right":"0","bottom":"10","left":"50","isLinked":false},"_border_width":{"unit":"px","top":"0","right":"0","bottom":"1","left":"0","isLinked":false},"_border_color":"#DDDDDD9C","ep_display_conditions":[],"ep_parallax_effects_transition_for":"all","ep_parallax_effects_transition_duration":"100","ep_parallax_effects_transition_easing":"linear","typography_font_size_tablet":{"unit":"px","size":19,"sizes":[]},"_padding_mobile":{"unit":"px","top":"0","right":"0","bottom":"0","left":"0","isLinked":true}},"elements":[],"isInner":false,"widgetType":"heading","elType":"widget"},{"id":"4aed47e4","settings":{"columns":"1","item_height":{"unit":"px","size":0,"sizes":[]},"show_count":"","item_limit":{"unit":"px","size":5,"sizes":[]},"single_background":"yes","item_background_background":"classic","item_background_color":"#EBA4A400","item_padding":{"unit":"px","top":"10","right":"0","bottom":"0","left":"0","isLinked":false},"category_name_color":"#FFFFFFB3","category_name_color_hover":"#FFFFFF","category_name_typography_typography":"custom","category_name_typography_font_family":"Red Hat Display","category_name_typography_font_size":{"unit":"px","size":16,"sizes":[]},"category_name_typography_font_weight":"400","columns_tablet":"1","posts_post_type":"post","ep_display_conditions":[],"ep_parallax_effects_transition_for":"all","ep_parallax_effects_transition_duration":"100","ep_parallax_effects_transition_easing":"linear","column_gap":{"unit":"px","size":5,"sizes":[]},"_padding":{"unit":"px","top":"0","right":"0","bottom":"0","left":"50","isLinked":false},"_padding_mobile":{"unit":"px","top":"0","right":"0","bottom":"0","left":"0","isLinked":true}},"elements":[],"isInner":false,"widgetType":"upk-post-category","elType":"widget"}],"isInner":true,"elType":"container"},{"id":"51978857","settings":{"_column_size":25,"width":{"size":null,"unit":"%"},"width_tablet":{"size":50,"unit":"%"},"ep_parallax_effects_transition_for":"all","ep_parallax_effects_transition_duration":"100","ep_parallax_effects_transition_easing":"linear","content_width":"full","upk_mc_item_list":[],"section_parallax_elements":[],"ep_display_conditions":[],"hide_tablet":"hidden-tablet"},"elements":[{"id":"16956306","settings":{"title":"Browse By Tag","title_color":"#FFFFFF","typography_typography":"custom","typography_font_family":"Nunito","typography_font_size":{"unit":"px","size":20,"sizes":[]},"typography_font_weight":"700","_padding":{"unit":"px","top":"0","right":"0","bottom":"10","left":"0","isLinked":false},"_border_width":{"unit":"px","top":"0","right":"0","bottom":"1","left":"0","isLinked":false},"_border_color":"#DDDDDD9C","ep_display_conditions":[],"ep_parallax_effects_transition_for":"all","ep_parallax_effects_transition_duration":"100","ep_parallax_effects_transition_easing":"linear","typography_font_size_tablet":{"unit":"px","size":19,"sizes":[]}},"elements":[],"isInner":false,"widgetType":"heading","elType":"widget"},{"id":"61d14dff","settings":{"columns":"1","item_height":{"unit":"px","size":0,"sizes":[]},"show_count":"","item_limit":{"unit":"px","size":5,"sizes":[]},"single_background":"yes","item_background_background":"classic","item_background_color":"#EBA4A400","item_padding":{"unit":"px","top":"10","right":"0","bottom":"0","left":"0","isLinked":false},"category_name_color":"#FFFFFFB3","category_name_color_hover":"#FFFFFF","category_name_typography_typography":"custom","category_name_typography_font_family":"Red Hat Display","category_name_typography_font_size":{"unit":"px","size":16,"sizes":[]},"category_name_typography_font_weight":"400","columns_tablet":"1","posts_post_type":"post","ep_display_conditions":[],"ep_parallax_effects_transition_for":"all","ep_parallax_effects_transition_duration":"100","ep_parallax_effects_transition_easing":"linear","column_gap":{"unit":"px","size":5,"sizes":[]},"_padding":{"unit":"px","top":"0","right":"0","bottom":"0","left":"0","isLinked":false},"_padding_mobile":{"unit":"px","top":"0","right":"0","bottom":"0","left":"0","isLinked":true}},"elements":[],"isInner":false,"widgetType":"upk-post-category","elType":"widget"}],"isInner":true,"elType":"container"},{"id":"47ac3f7c","settings":{"_column_size":25,"width":{"size":null,"unit":"%"},"width_tablet":{"size":50,"unit":"%"},"ep_parallax_effects_transition_for":"all","ep_parallax_effects_transition_duration":"100","ep_parallax_effects_transition_easing":"linear","content_width":"full","upk_mc_item_list":[],"section_parallax_elements":[],"ep_display_conditions":[]},"elements":[{"id":"5e2bb89e","settings":{"title":"About","title_color":"#FFFFFF","typography_typography":"custom","typography_font_family":"Nunito","typography_font_size":{"unit":"px","size":20,"sizes":[]},"typography_font_weight":"700","_padding":{"unit":"px","top":"0","right":"0","bottom":"10","left":"0","isLinked":false},"_border_width":{"unit":"px","top":"0","right":"0","bottom":"1","left":"0","isLinked":false},"_border_color":"#DDDDDD9C","ep_display_conditions":[],"ep_parallax_effects_transition_for":"all","ep_parallax_effects_transition_duration":"100","ep_parallax_effects_transition_easing":"linear","typography_font_size_tablet":{"unit":"px","size":19,"sizes":[]}},"elements":[],"isInner":false,"widgetType":"heading","elType":"widget"},{"id":"7a64d459","settings":{"editor":"<p>Trendesk is a culinary journey where flavor meets passion.<\/p><p>From traditional family recipes to modern kitchen experiments, it brings you not just dishes but the heartfelt stories behind them.<\/p>","text_color":"#FFFFFFB3","typography_typography":"custom","typography_font_family":"Nunito","typography_font_size":{"unit":"px","size":16,"sizes":[]},"typography_font_weight":"400","ep_display_conditions":[],"ep_parallax_effects_transition_for":"all","ep_parallax_effects_transition_duration":"100","ep_parallax_effects_transition_easing":"linear","typography_line_height":{"unit":"em","size":1.6,"sizes":[]}},"elements":[],"isInner":false,"widgetType":"text-editor","elType":"widget"}],"isInner":true,"elType":"container"}],"isInner":false,"elType":"container"},{"id":"11145140","settings":{"flex_direction":"column","background_background":"classic","background_color":"#201313","upk_mc_item_list":[],"section_parallax_elements":[],"ep_display_conditions":[]},"elements":[{"id":"13c3162b","settings":{"editor":"<p>Copyright \u00a9 2025<a href=\"http:\/\/www.bdthemes.com\"><span style=\"color: #24b74d;\"> BdThemes.<\/span><\/a> All Rights Reserved.<\/p>","align":"center","typography_typography":"custom","typography_font_family":"Nunito","typography_font_size":{"unit":"px","size":14,"sizes":[]},"typography_font_weight":"300","paragraph_spacing":{"unit":"px","size":0,"sizes":[]},"text_color":"#FFFFFF","_padding":{"unit":"px","top":"5","right":"5","bottom":"5","left":"5","isLinked":true},"ep_display_conditions":[],"ep_parallax_effects_transition_for":"all","ep_parallax_effects_transition_duration":"100","ep_parallax_effects_transition_easing":"linear"},"elements":[],"isInner":false,"widgetType":"text-editor","elType":"widget"}],"isInner":false,"elType":"container"}],"settings":{"template":"elementor_canvas"},"metadata":[]}