{"content":[{"id":"77c217b0","settings":{"flex_direction":"row","flex_gap":{"unit":"px","size":"","column":"","row":"","isLinked":true},"width":{"unit":"%","size":88,"sizes":[]},"background_background":"classic","background_color":"#1E303E","element_pack_agbg_color_list":[{"_id":"93890f9"},{"start_color":"#567445","end_color":"#1D1BE0","_id":"cd6656e"}],"upk_mc_item_list":[],"padding":{"unit":"px","top":"15","right":"30","bottom":"15","left":"30","isLinked":false},"padding_tablet":{"unit":"px","top":"0","right":"5","bottom":"0","left":"5","isLinked":false},"padding_mobile":{"unit":"px","top":"5","right":"0","bottom":"10","left":"0","isLinked":false},"ep_widget_cf_colors":"#D30C5C, #0EBCDC, #EAED41, #ED5A78, #DF33DF","section_parallax_elements":[],"element_pack_tile_scroll_elements":[],"ep_display_conditions":[],"boxed_width":{"unit":"px","size":1600,"sizes":[]},"flex_justify_content":"space-between","flex_align_items":"center","_title":"nav"},"elements":[{"id":"736b1593","settings":{"image":{"id":42653,"url":"http:\/\/sohan-test-website-vxfgpk.flywp.xyz\/wp-content\/uploads\/2025\/09\/travel_logo4-1-1.svg"},"image_size":"full","align":"left","align_mobile":"center","width":{"unit":"%","size":50,"sizes":[]},"width_tablet":{"unit":"%","size":90,"sizes":[]},"width_mobile":{"unit":"%","size":35,"sizes":[]},"ep_widget_cf_colors":"#D30C5C, #0EBCDC, #EAED41, #ED5A78, #DF33DF","element_pack_cursor_effects_image_src":{"id":51155,"url":"https:\/\/postkit.pro\/wp-content\/uploads\/2023\/08\/placeholder-37.png"},"ep_notation_list":[{"_id":"58ff13a","ep_notation_bracket_on":"left,right"}],"ep_sound_effects_element_selector":"my-header","element_pack_widget_tooltip_text":"This is Tooltip","ep_display_conditions":[],"ep_parallax_effects_transition_for":"all","ep_parallax_effects_transition_duration":"100","ep_parallax_effects_transition_easing":"linear","element_pack_widget_effect_transition_duration":"300","element_pack_widget_effect_transition_easing":"ease-out"},"elements":[],"isInner":false,"widgetType":"image","elType":"widget"},{"id":"15e359ab","settings":{"view":"inline","icon_list":[{"text":"Home","selected_icon":{"value":"","library":""},"_id":"b4597ad","link":{"url":"#","is_external":"","nofollow":"","custom_attributes":""}},{"text":"About","selected_icon":{"value":"","library":""},"link":{"url":"#","is_external":"","nofollow":"","custom_attributes":""},"_id":"07d9b02"},{"text":"Resources","selected_icon":{"value":"","library":""},"link":{"url":"#","is_external":"","nofollow":"","custom_attributes":""},"_id":"adddc77"},{"text":"Features","selected_icon":{"value":"","library":""},"link":{"url":"#","is_external":"","nofollow":"","custom_attributes":""},"_id":"263e0f1"},{"text":"Services","selected_icon":{"value":"","library":""},"link":{"url":"#","is_external":"","nofollow":"","custom_attributes":""},"_id":"a3c5dc5"},{"text":"Contact","selected_icon":{"value":"","library":""},"link":{"url":"#","is_external":"","nofollow":"","custom_attributes":""},"_id":"7fc3b9c"}],"space_between":{"unit":"px","size":40,"sizes":[]},"icon_typography_typography":"custom","icon_typography_font_family":"Roboto","icon_typography_font_size":{"unit":"px","size":16,"sizes":[]},"icon_typography_font_weight":"400","text_color":"#FFFFFF","text_color_hover":"#FCE300","ep_display_conditions":[],"ep_parallax_effects_transition_for":"all","ep_parallax_effects_transition_duration":"100","ep_parallax_effects_transition_easing":"linear"},"elements":[],"isInner":false,"widgetType":"icon-list","elType":"widget"},{"id":"44865b26","settings":{"text":"BOOKING","icon_indent":{"unit":"px","size":8,"sizes":[]},"button_text_color":"#000000","background_color":"#FCE300","hover_color":"#FFFFFF","button_background_hover_color":"#02010100","button_hover_border_color":"#FCE300","border_border":"solid","border_width":{"unit":"px","top":"1","right":"1","bottom":"1","left":"1","isLinked":true},"border_color":"#FCE300","ep_display_conditions":[],"ep_parallax_effects_transition_for":"all","ep_parallax_effects_transition_duration":"100","ep_parallax_effects_transition_easing":"linear"},"elements":[],"isInner":false,"widgetType":"button","elType":"widget"}],"isInner":false,"elType":"container"},{"id":"42f6871e","settings":{"element_pack_agbg_color_list":[{"_id":"f4960a1"},{"start_color":"#567445","end_color":"#1D1BE0","_id":"da53965"}],"upk_mc_item_list":[],"ep_widget_cf_colors":"#D30C5C, #0EBCDC, #EAED41, #ED5A78, #DF33DF","section_parallax_elements":[],"element_pack_tile_scroll_elements":[],"ep_display_conditions":[],"content_width":"full","padding":{"unit":"px","top":"0","right":"0","bottom":"0","left":"0","isLinked":false},"_title":"Hero"},"elements":[{"id":"5c783c5","settings":{"item_height":{"unit":"px","size":900,"sizes":[]},"meta_separator":"\/\/","show_top_stories":"yes","posts_include_by":["terms"],"posts_include_term_ids":["17"],"title_color":"#FFFFFF","title_hover_color":"#FCE300","title_background_background":"classic","title_background_color":"#003D88","thumbs_image_border_border":"solid","thumbs_image_border_width":{"unit":"px","top":"3","right":"3","bottom":"3","left":"3","isLinked":true},"thumbs_image_border_color":"#FCE300","thumbs_title_color":"#FFFFFF","thumbs_title_typography_typography":"custom","thumbs_title_typography_font_family":"Roboto","thumbs_title_typography_font_size":{"unit":"px","size":16,"sizes":[]},"thumbs_title_typography_font_weight":"500","ep_widget_cf_colors":"#D30C5C, #0EBCDC, #EAED41, #ED5A78, #DF33DF","ep_notation_list":[{"_id":"238d6ba","ep_notation_bracket_on":"left,right"}],"ep_sound_effects_element_selector":"my-header","element_pack_widget_tooltip_text":"This is Tooltip","ep_display_conditions":[],"ep_parallax_effects_transition_for":"all","ep_parallax_effects_transition_duration":"100","ep_parallax_effects_transition_easing":"linear","element_pack_widget_effect_transition_duration":"300","element_pack_widget_effect_transition_easing":"ease-out","title_background_color_b":"","title_background_gradient_angle":{"unit":"deg","size":120,"sizes":[]},"title_border_radius":{"unit":"px","top":"10","right":"10","bottom":"10","left":"10","isLinked":true},"title_typography_typography":"custom","title_typography_font_family":"Roboto","title_typography_font_size":{"unit":"px","size":50,"sizes":[]},"title_typography_font_size_tablet":{"unit":"px","size":36,"sizes":[]},"title_typography_font_size_mobile":{"unit":"px","size":24,"sizes":[]},"title_typography_font_weight":"600","meta_color":"#F0F0F0","meta_author_typography_typography":"custom","meta_author_typography_font_family":"Roboto","meta_author_typography_font_size":{"unit":"px","size":16,"sizes":[]},"meta_author_typography_font_weight":"600","meta_date_typography_typography":"custom","meta_date_typography_font_family":"Roboto","meta_date_typography_font_size":{"unit":"px","size":10,"sizes":[]},"meta_date_typography_font_weight":"500","category_color":"#000000","category_background_background":"classic","category_background_color":"#FCE300","category_border_radius":{"unit":"px","top":"5","right":"5","bottom":"5","left":"5","isLinked":true},"category_hover_color":"#0F0F0F","category_hover_background_background":"classic","category_hover_background_color":"#FFFFFF","thumbs_image_border_radius":{"unit":"px","top":"10","right":"10","bottom":"10","left":"10","isLinked":true},"glassmorphism_effect":"yes","glassmorphism_blur_level":{"unit":"px","size":2,"sizes":[]},"stories_background_background":"classic","stories_background_color":"#FFFFFF40","stories_border_border":"solid","stories_border_width":{"unit":"px","top":"1","right":"1","bottom":"1","left":"1","isLinked":true},"stories_border_color":"#FFFFFF73","stories_border_radius":{"unit":"px","top":"10","right":"10","bottom":"10","left":"10","isLinked":true},"stories_shadow_box_shadow_type":"yes","stories_shadow_box_shadow":{"horizontal":0,"vertical":0,"blur":20,"spread":0,"color":"rgba(255, 255, 255, 0.3)"},"stories_shadow_box_shadow_position":"inset","top_stories_title_color":"#FFFFFF","top_stories_title_typography_typography":"custom","top_stories_title_typography_font_family":"Roboto","top_stories_title_typography_font_size":{"unit":"px","size":30,"sizes":[]},"top_stories_title_typography_font_size_tablet":{"unit":"px","size":24,"sizes":[]},"top_stories_title_typography_font_weight":"600","top_stories_divider_color":"#F7F7F761","stories_date_color":"#FCE300","stories_date_typography_typography":"custom","stories_date_typography_font_family":"Roboto","stories_date_typography_font_size":{"unit":"px","size":11,"sizes":[]},"stories_date_typography_font_weight":"500","stories_title_color":"#FFFFFF","stories_title_typography_typography":"custom","stories_title_typography_font_family":"Roboto","stories_title_typography_font_size":{"unit":"px","size":16,"sizes":[]},"stories_title_typography_font_weight":"500","top_stories_image_border_border":"solid","top_stories_image_border_width":{"unit":"px","top":"2","right":"2","bottom":"2","left":"2","isLinked":true},"top_stories_image_border_color":"#FFFFFF","item_height_tablet":{"unit":"px","size":600,"sizes":[]},"item_height_mobile":{"unit":"px","size":400,"sizes":[]},"element_pack_cursor_effects_image_src":{"id":51118,"url":"https:\/\/postkit.pro\/wp-content\/uploads\/2023\/08\/placeholder.png"},"ep_sound_effects_hosted_url":{"id":"","url":"https:\/\/postkit.pro\/wp-content\/plugins\/elementor\/assets\/images\/placeholder.png"},"title_typography_line_height_mobile":{"unit":"em","size":1.8,"sizes":[]}},"elements":[],"isInner":false,"widgetType":"upk-skide-slider","elType":"widget"}],"isInner":false,"elType":"container"},{"id":"1728538f","settings":{"flex_direction":"column","element_pack_agbg_color_list":[{"_id":"d99c6ec"},{"start_color":"#567445","end_color":"#1D1BE0","_id":"218b89d"}],"upk_mc_item_list":[],"ep_widget_cf_colors":"#D30C5C, #0EBCDC, #EAED41, #ED5A78, #DF33DF","section_parallax_elements":[],"element_pack_tile_scroll_elements":[],"ep_display_conditions":[],"padding":{"unit":"px","top":"100","right":"0","bottom":"80","left":"0","isLinked":false},"padding_tablet":{"unit":"px","top":"80","right":"30","bottom":"80","left":"30","isLinked":false},"padding_mobile":{"unit":"px","top":"50","right":"15","bottom":"50","left":"15","isLinked":false},"_title":"Editors pick"},"elements":[{"id":"241b8758","settings":{"title":"EDITOR'S PICK","ep_widget_cf_colors":"#D30C5C, #0EBCDC, #EAED41, #ED5A78, #DF33DF","ep_notation_list":[{"_id":"00c0e68","ep_notation_bracket_on":"left,right"}],"ep_sound_effects_element_selector":"my-header","element_pack_widget_tooltip_text":"This is Tooltip","ep_display_conditions":[],"ep_parallax_effects_transition_for":"all","ep_parallax_effects_transition_duration":"100","ep_parallax_effects_transition_easing":"linear","element_pack_widget_effect_transition_duration":"300","element_pack_widget_effect_transition_easing":"ease-out","title_color":"#000000","typography_typography":"custom","typography_font_family":"Roboto","typography_font_size":{"unit":"px","size":24,"sizes":[]},"typography_font_size_tablet":{"unit":"px","size":22,"sizes":[]},"typography_font_weight":"600","element_pack_cursor_effects_image_src":{"id":51119,"url":"https:\/\/postkit.pro\/wp-content\/uploads\/2023\/08\/placeholder-1.png"},"ep_sound_effects_hosted_url":{"id":"","url":"https:\/\/postkit.pro\/wp-content\/plugins\/elementor\/assets\/images\/placeholder.png"}},"elements":[],"isInner":false,"widgetType":"heading","elType":"widget"},{"id":"4f0ef902","settings":{"text":"Divider","ep_widget_cf_colors":"#D30C5C, #0EBCDC, #EAED41, #ED5A78, #DF33DF","ep_notation_list":[{"_id":"9213d27","ep_notation_bracket_on":"left,right"}],"ep_sound_effects_element_selector":"my-header","element_pack_widget_tooltip_text":"This is Tooltip","ep_display_conditions":[],"ep_parallax_effects_transition_for":"all","ep_parallax_effects_transition_duration":"100","ep_parallax_effects_transition_easing":"linear","element_pack_widget_effect_transition_duration":"300","element_pack_widget_effect_transition_easing":"ease-out","color":"#E7E7E7","gap":{"unit":"px","size":10,"sizes":[]},"gap_tablet":{"unit":"px","size":5,"sizes":[]},"gap_mobile":{"unit":"px","size":5,"sizes":[]},"element_pack_cursor_effects_image_src":{"id":51120,"url":"https:\/\/postkit.pro\/wp-content\/uploads\/2023\/08\/placeholder-2.png"},"ep_sound_effects_hosted_url":{"id":"","url":"https:\/\/postkit.pro\/wp-content\/plugins\/elementor\/assets\/images\/placeholder.png"}},"elements":[],"isInner":false,"widgetType":"divider","elType":"widget"},{"id":"2a692ae6","settings":{"item_limit":{"unit":"px","size":3,"sizes":[]},"upk_in_animation_transform_origin":"center top","ep_widget_cf_colors":"#D30C5C, #0EBCDC, #EAED41, #ED5A78, #DF33DF","ep_notation_list":[{"_id":"0ad4246","ep_notation_bracket_on":"left,right"}],"ep_sound_effects_element_selector":"my-header","element_pack_widget_tooltip_text":"This is Tooltip","ep_display_conditions":[],"ep_parallax_effects_transition_for":"all","ep_parallax_effects_transition_duration":"100","ep_parallax_effects_transition_easing":"linear","element_pack_widget_effect_transition_duration":"300","element_pack_widget_effect_transition_easing":"ease-out","posts_include_by":["terms"],"posts_include_term_ids":["17"],"excerpt_length":10,"show_author":"","show_category":"","primary_thumbnail_size":"full","itam_background_background":"classic","item_border_radius":{"unit":"px","top":"10","right":"10","bottom":"10","left":"10","isLinked":true},"title_color":"#242424","title_typography_typography":"custom","title_typography_font_family":"Roboto","title_typography_font_size":{"unit":"px","size":18,"sizes":[]},"title_typography_font_weight":"600","title_advanced_style":"yes","title_divider_color":"#FCE300","title_background_background":"classic","text_color":"#636363","text_typography_typography":"custom","text_typography_font_family":"Open Sans","text_typography_font_size":{"unit":"px","size":14,"sizes":[]},"text_typography_font_weight":"400","text_typography_line_height":{"unit":"rem","size":"","sizes":[]},"text_typography_line_height_tablet":{"unit":"rem","size":"","sizes":[]},"text_typography_line_height_mobile":{"unit":"rem","size":"","sizes":[]},"category_date_color":"#FCE300","category_date_typography_typography":"custom","category_date_typography_font_family":"Roboto","category_date_typography_font_size":{"unit":"px","size":13,"sizes":[]},"category_date_typography_font_weight":"400","itam_background_color_hover_background":"classic","element_pack_cursor_effects_image_src":{"id":51121,"url":"https:\/\/postkit.pro\/wp-content\/uploads\/2023\/08\/placeholder-3.png"},"ep_sound_effects_hosted_url":{"id":"","url":"https:\/\/postkit.pro\/wp-content\/plugins\/elementor\/assets\/images\/placeholder.png"},"meta_separator":"|"},"elements":[],"isInner":false,"widgetType":"upk-elite-grid","elType":"widget"}],"isInner":false,"elType":"container"},{"id":"6be84d39","settings":{"element_pack_agbg_color_list":[{"_id":"12af368"},{"start_color":"#567445","end_color":"#1D1BE0","_id":"e7ebb52"}],"upk_mc_item_list":[],"ep_widget_cf_colors":"#D30C5C, #0EBCDC, #EAED41, #ED5A78, #DF33DF","section_parallax_elements":[],"element_pack_tile_scroll_elements":[],"ep_display_conditions":[],"_title":"Banner"},"elements":[{"id":"399292c","settings":{"layout_direction":"style-3","title_text":"TRY IT, LOVE IT","sub_title_text":"NEW SMARTMAG","description_text":"The Most Popular News Magazine Wordpress Theme","badge_text":"40% off","banner_size_text":"banner 900px x 170px","readmore_text":"Get Smartmag","ep_widget_cf_colors":"#D30C5C, #0EBCDC, #EAED41, #ED5A78, #DF33DF","ep_notation_list":[{"_id":"898af95","ep_notation_bracket_on":"left,right"}],"ep_sound_effects_element_selector":"my-header","element_pack_widget_tooltip_text":"This is Tooltip","ep_display_conditions":[],"ep_parallax_effects_transition_for":"all","ep_parallax_effects_transition_duration":"100","ep_parallax_effects_transition_easing":"linear","element_pack_widget_effect_transition_duration":"300","element_pack_widget_effect_transition_easing":"ease-out","alignment_tablet":"right","show_text":"","show_banner_size":"","image":{"id":42654,"url":"http:\/\/sohan-test-website-vxfgpk.flywp.xyz\/wp-content\/uploads\/2025\/09\/travels-banner-01-1.jpg"},"background_image_toggle":"yes","background_image_position_tablet":"center center","read_more_alignment":"right","overlay_color_color":"#0000003D","overlay_color_color_b":"","item_border_radius":{"unit":"px","top":"10","right":"10","bottom":"10","left":"10","isLinked":true},"content_padding_mobile":{"unit":"px","top":"20","right":"20","bottom":"20","left":"35","isLinked":false},"title_color":"#FFFFFF","title_typography_typography":"custom","title_typography_font_family":"Roboto","title_typography_font_size":{"unit":"px","size":28,"sizes":[]},"title_typography_font_size_tablet":{"unit":"px","size":24,"sizes":[]},"title_typography_font_size_mobile":{"unit":"px","size":20,"sizes":[]},"title_typography_font_weight":"600","sub_title_color":"#FDFDFD","sub_title_margin_mobile":{"unit":"px","top":"0","right":"0","bottom":"20","left":"0","isLinked":false},"sub_title_typography_typography":"custom","sub_title_typography_font_size":{"unit":"px","size":14,"sizes":[]},"sub_title_typography_font_size_tablet":{"unit":"px","size":12,"sizes":[]},"sub_title_typography_font_size_mobile":{"unit":"px","size":14,"sizes":[]},"sub_title_typography_font_weight":"400","sub_title_typography_text_transform":"uppercase","text_color":"#BFBFBF","text_typography_typography":"custom","text_typography_font_family":"Arial","text_typography_font_size":{"unit":"px","size":16,"sizes":[]},"text_typography_font_size_tablet":{"unit":"px","size":12,"sizes":[]},"text_typography_font_size_mobile":{"unit":"px","size":12,"sizes":[]},"text_typography_font_weight":"400","text_spacing_mobile":{"unit":"px","size":0,"sizes":[]},"link_btn_color":"#131313","link_btn_background_background":"classic","link_btn_background_color":"#FFFFFF","link_btn_border_border":"solid","link_btn_border_width":{"unit":"px","top":"1","right":"1","bottom":"1","left":"1","isLinked":true},"link_btn_border_color":"#FFFFFF","link_btn_border_radius":{"unit":"px","top":"5","right":"5","bottom":"5","left":"5","isLinked":true},"link_btn_padding":{"unit":"px","top":"10","right":"24","bottom":"10","left":"24","isLinked":false},"link_btn_shadow_box_shadow":{"horizontal":0,"vertical":0,"blur":10,"spread":0,"color":"rgba(255, 255, 255, 0)"},"link_btn_typography_typography":"custom","link_btn_typography_font_family":"Roboto","link_btn_typography_font_size":{"unit":"px","size":15,"sizes":[]},"link_btn_typography_font_size_mobile":{"unit":"px","size":12,"sizes":[]},"link_btn_typography_font_weight":"700","link_btn_typography_text_transform":"uppercase","link_btn_hover_color":"#FFFFFF","link_btn_hover_background_background":"classic","link_btn_hover_background_color":"#02010100","badge_color":"#FFFFFF","badge_background_background":"classic","badge_background_color_b":"","badge_background_gradient_angle":{"unit":"deg","size":200,"sizes":[]},"badge_padding":{"unit":"px","top":"5","right":"15","bottom":"5","left":"15","isLinked":false},"badge_typography_typography":"custom","badge_typography_font_family":"Roboto","badge_typography_font_size":{"unit":"px","size":14,"sizes":[]},"badge_typography_font_size_mobile":{"unit":"px","size":12,"sizes":[]},"badge_typography_font_weight":"500","badge_typography_text_transform":"uppercase","banner_size_color":"#FFFFFF","banner_size_background_background":"classic","banner_size_background_color_b":"","banner_size_background_gradient_angle":{"unit":"deg","size":190,"sizes":[]},"banner_size_typography_typography":"custom","banner_size_typography_font_family":"Arial","banner_size_typography_font_size":{"unit":"px","size":12,"sizes":[]},"banner_size_typography_font_size_tablet":{"unit":"px","size":10,"sizes":[]},"banner_size_typography_font_weight":"600","sale_badge_direction":"style-2","background_image_position_mobile":"bottom left","background_image_width_tablet":{"unit":"px","size":883,"sizes":[]},"background_image_width_mobile":{"unit":"px","size":797,"sizes":[]},"read_more_alignment_tablet":"right","link_btn_margin":{"unit":"px","top":"0","right":"0","bottom":"0","left":"172","isLinked":false},"link_btn_margin_tablet":{"unit":"px","top":"0","right":"0","bottom":"10","left":"120","isLinked":false},"badge_background_color":"#494DFE","badge_border_radius":{"unit":"px","top":"0","right":"0","bottom":"0","left":"5","isLinked":false},"image_tablet":{"url":"https:\/\/postkit.pro\/wp-content\/uploads\/2023\/08\/travels-banner-01.jpg","id":57508,"alt":"","source":"library","size":""},"image_mobile":{"url":"https:\/\/postkit.pro\/wp-content\/uploads\/2023\/08\/travels-banner-01.jpg","id":57508,"alt":"","source":"library","size":""},"thumbnail_size_size":"large","alignment":"right","position_tablet":"center center","position_mobile":"center right","bg_width_tablet":{"unit":"px","size":713,"sizes":[]},"position":"center center","repeat":"no-repeat","repeat_tablet":"no-repeat","repeat_mobile":"no-repeat","size":"cover","size_tablet":"cover","default_item_height_mobile":{"unit":"px","size":250,"sizes":[]},"link_btn_margin_mobile":{"unit":"px","top":"0","right":"0","bottom":"0","left":"0","isLinked":false},"default_item_height":{"unit":"px","size":300,"sizes":[]},"default_item_height_tablet":{"unit":"px","size":250,"sizes":[]},"sub_title_typography_font_family":"Roboto","element_pack_cursor_effects_image_src":{"id":51122,"url":"https:\/\/postkit.pro\/wp-content\/uploads\/2023\/08\/placeholder-4.png"},"ep_sound_effects_hosted_url":{"id":"","url":"https:\/\/postkit.pro\/wp-content\/plugins\/elementor\/assets\/images\/placeholder.png"}},"elements":[],"isInner":false,"widgetType":"upk-banner","elType":"widget"}],"isInner":false,"elType":"container"},{"id":"18360b3e","settings":{"flex_direction":"column","element_pack_agbg_color_list":[{"_id":"d99c6ec"},{"start_color":"#567445","end_color":"#1D1BE0","_id":"218b89d"}],"upk_mc_item_list":[],"ep_widget_cf_colors":"#D30C5C, #0EBCDC, #EAED41, #ED5A78, #DF33DF","section_parallax_elements":[],"element_pack_tile_scroll_elements":[],"ep_display_conditions":[],"padding":{"unit":"px","top":"80","right":"0","bottom":"80","left":"0","isLinked":false},"padding_tablet":{"unit":"px","top":"80","right":"30","bottom":"80","left":"30","isLinked":false},"padding_mobile":{"unit":"px","top":"50","right":"15","bottom":"50","left":"15","isLinked":false},"_title":"Must read"},"elements":[{"id":"113948da","settings":{"title":"MUST READ","ep_widget_cf_colors":"#D30C5C, #0EBCDC, #EAED41, #ED5A78, #DF33DF","ep_notation_list":[{"_id":"00c0e68","ep_notation_bracket_on":"left,right"}],"ep_sound_effects_element_selector":"my-header","element_pack_widget_tooltip_text":"This is Tooltip","ep_display_conditions":[],"ep_parallax_effects_transition_for":"all","ep_parallax_effects_transition_duration":"100","ep_parallax_effects_transition_easing":"linear","element_pack_widget_effect_transition_duration":"300","element_pack_widget_effect_transition_easing":"ease-out","title_color":"#000000","typography_typography":"custom","typography_font_family":"Roboto","typography_font_size":{"unit":"px","size":24,"sizes":[]},"typography_font_size_tablet":{"unit":"px","size":22,"sizes":[]},"typography_font_weight":"600","element_pack_cursor_effects_image_src":{"id":51123,"url":"https:\/\/postkit.pro\/wp-content\/uploads\/2023\/08\/placeholder-5.png"},"ep_sound_effects_hosted_url":{"id":"","url":"https:\/\/postkit.pro\/wp-content\/plugins\/elementor\/assets\/images\/placeholder.png"}},"elements":[],"isInner":false,"widgetType":"heading","elType":"widget"},{"id":"f2da06e","settings":{"text":"Divider","ep_widget_cf_colors":"#D30C5C, #0EBCDC, #EAED41, #ED5A78, #DF33DF","ep_notation_list":[{"_id":"9213d27","ep_notation_bracket_on":"left,right"}],"ep_sound_effects_element_selector":"my-header","element_pack_widget_tooltip_text":"This is Tooltip","ep_display_conditions":[],"ep_parallax_effects_transition_for":"all","ep_parallax_effects_transition_duration":"100","ep_parallax_effects_transition_easing":"linear","element_pack_widget_effect_transition_duration":"300","element_pack_widget_effect_transition_easing":"ease-out","color":"#E7E7E7","gap":{"unit":"px","size":10,"sizes":[]},"gap_tablet":{"unit":"px","size":5,"sizes":[]},"gap_mobile":{"unit":"px","size":5,"sizes":[]},"element_pack_cursor_effects_image_src":{"id":51124,"url":"https:\/\/postkit.pro\/wp-content\/uploads\/2023\/08\/placeholder-6.png"},"ep_sound_effects_hosted_url":{"id":"","url":"https:\/\/postkit.pro\/wp-content\/plugins\/elementor\/assets\/images\/placeholder.png"}},"elements":[],"isInner":false,"widgetType":"divider","elType":"widget"},{"id":"610d95fb","settings":{"item_image_size":{"unit":"px","size":160,"sizes":[]},"item_image_size_mobile":{"unit":"px","size":120,"sizes":[]},"title_typography_typography":"custom","meta_typography_typography":"custom","meta_typography_font_size_mobile":{"unit":"px","size":8,"sizes":[]},"is_replaced_deprecated_query":"yes","posts_include_by":["terms"],"posts_include_term_ids":["11"],"upk_in_animation_transform_origin":"center top","item_border_border":"solid","item_border_width":{"unit":"px","top":"1","right":"1","bottom":"1","left":"1","isLinked":true},"category_color":"#000000","category_border_color":"#FCE300","ep_widget_cf_colors":"#D30C5C, #0EBCDC, #EAED41, #ED5A78, #DF33DF","ep_notation_list":[{"_id":"28c133f","ep_notation_bracket_on":"left,right"}],"ep_sound_effects_element_selector":"my-header","element_pack_widget_tooltip_text":"This is Tooltip","ep_display_conditions":[],"ep_parallax_effects_transition_for":"all","ep_parallax_effects_transition_duration":"100","ep_parallax_effects_transition_easing":"linear","element_pack_widget_effect_transition_duration":"300","element_pack_widget_effect_transition_easing":"ease-out","meta_separator":".","primary_thumbnail_size":"full","title_style":"middle-underline","row_gap":{"unit":"px","size":"","sizes":[]},"column_gap":{"unit":"px","size":"","sizes":[]},"item_border_color":"#FCE300","item_border_radius":{"unit":"px","top":"10","right":"10","bottom":"10","left":"10","isLinked":true},"title_color":"#242424","title_typography_font_family":"Roboto","title_typography_font_size":{"unit":"px","size":18,"sizes":[]},"title_typography_font_weight":"600","category_background_background":"classic","category_background_color":"#FCE300","element_pack_cursor_effects_image_src":{"id":51125,"url":"https:\/\/postkit.pro\/wp-content\/uploads\/2023\/08\/placeholder-7.png"},"ep_sound_effects_hosted_url":{"id":"","url":"https:\/\/postkit.pro\/wp-content\/plugins\/elementor\/assets\/images\/placeholder.png"},"title_typography_font_size_mobile":{"unit":"px","size":16,"sizes":[]}},"elements":[],"isInner":false,"widgetType":"upk-harold-list","elType":"widget"}],"isInner":false,"elType":"container"},{"id":"598dc422","settings":{"background_background":"classic","element_pack_agbg_color_list":[{"_id":"9ddf099"},{"start_color":"#567445","end_color":"#1D1BE0","_id":"8a32d65"}],"upk_mc_item_list":[],"padding":{"unit":"px","top":"50","right":"30","bottom":"80","left":"30","isLinked":false},"ep_widget_cf_colors":"#D30C5C, #0EBCDC, #EAED41, #ED5A78, #DF33DF","section_parallax_elements":[],"element_pack_tile_scroll_elements":[],"ep_display_conditions":[],"ep_parallax_effects_transition_for":"all","ep_parallax_effects_transition_duration":"100","ep_parallax_effects_transition_easing":"linear","padding_tablet":{"unit":"px","top":"50","right":"30","bottom":"80","left":"30","isLinked":false},"padding_mobile":{"unit":"px","top":"50","right":"15","bottom":"50","left":"15","isLinked":false},"flex_direction":"row","flex_align_items":"stretch","flex_gap":{"size":10,"column":"10","row":"10","unit":"px","isLinked":true},"_title":"Most popular"},"elements":[{"id":"10ff3f7","settings":{"header_title_text":"Most Popular","item_image_border_width":{"unit":"px","top":"2","right":"2","bottom":"2","left":"2","isLinked":true},"item_image_border_color":"#FF0000","header_background_background":"classic","header_spacing":{"unit":"px","size":"","sizes":[]},"header_filter_padding":{"unit":"px","top":"8","right":"10","bottom":"8","left":"10","isLinked":false},"header_filter_margin":{"unit":"px","top":"0","right":"0","bottom":"0","left":"0","isLinked":false},"item_box_shadow_box_shadow":{"horizontal":0,"vertical":0,"blur":0,"spread":0,"color":"rgba(0, 0, 0, 0.12)"},"item_hover_border_color":"#1843FB","item_hover_box_shadow_box_shadow":{"horizontal":0,"vertical":0,"blur":30,"spread":0,"color":"rgba(0, 0, 0, 0.1)"},"meta_separator":"-","meta_color":"#E7E7E7","meta_typography_typography":"custom","meta_s_color":"#848484","category_border_border":"solid","category_border_width":{"unit":"px","top":"0","right":"0","bottom":"0","left":"0","isLinked":true},"category_border_color":"#02010100","category_padding":{"unit":"px","top":"7","right":"10","bottom":"6","left":"10","isLinked":false},"category_margin":{"unit":"px","top":"0","right":"0","bottom":"0","left":"0","isLinked":false},"category_primary_hover_color":"#000000","category_primary_hover_background_background":"classic","category_primary_hover_background_color":"#FFFFFF","category_primary_hover_border_color":"#02010100","human_diff_time":"yes","content_height":{"unit":"px","size":500,"sizes":[]},"header_title_typography_typography":"custom","header_title_typography_font_family":"Roboto","header_title_typography_font_size":{"unit":"px","size":24,"sizes":[]},"header_filter_typography_typography":"custom","header_filter_typography_font_family":"Roboto","header_filter_typography_font_size":{"unit":"px","size":13,"sizes":[]},"primary_title_typography_typography":"custom","primary_title_typography_font_family":"Roboto","primary_title_typography_font_size":{"unit":"px","size":28,"sizes":[]},"title_typography_typography":"custom","title_typography_font_family":"Roboto","title_typography_font_size":{"unit":"px","size":15,"sizes":[]},"meta_hover_color":"#FCE300","meta_typography_font_family":"Roboto","meta_typography_font_size":{"unit":"px","size":10,"sizes":[]},"meta_s_hover_color":"#FCE300","meta_s_typography_typography":"custom","meta_s_typography_font_family":"Roboto","meta_s_typography_font_size":{"unit":"px","size":9,"sizes":[]},"category_typography_typography":"custom","category_typography_font_family":"Roboto","category_typography_font_size":{"unit":"px","size":10,"sizes":[]},"category_typography_secondary_typography":"custom","category_typography_secondary_font_family":"Roboto","category_typography_secondary_font_size":{"unit":"px","size":10,"sizes":[]},"posts_include_by":["terms"],"content_height_mobile":{"unit":"px","size":1150,"sizes":[]},"primary_title_typography_font_size_mobile":{"unit":"px","size":20,"sizes":[]},"content_height_tablet":{"unit":"px","size":600,"sizes":[]},"posts_include_term_ids":["11","17"],"ep_widget_cf_colors":"#D30C5C, #0EBCDC, #EAED41, #ED5A78, #DF33DF","ep_notation_list":[{"_id":"2438375","ep_notation_bracket_on":"left,right"}],"ep_sound_effects_element_selector":"my-header","element_pack_widget_tooltip_text":"This is Tooltip","ep_display_conditions":[],"ep_parallax_effects_transition_for":"all","ep_parallax_effects_transition_duration":"100","ep_parallax_effects_transition_easing":"linear","element_pack_widget_effect_transition_duration":"300","element_pack_widget_effect_transition_easing":"ease-out","header_filter_color":"#000000","header_title_color":"#0C0C0C","filter_background":"#FCE30000","header_border_color":"#FFFFFF21","header_border_width":{"unit":"px","size":1,"sizes":[]},"header_title_typography_font_size_tablet":{"unit":"px","size":22,"sizes":[]},"header_title_typography_font_size_mobile":{"unit":"px","size":20,"sizes":[]},"header_title_typography_font_weight":"600","content_padding":{"unit":"px","top":"","right":"","bottom":"","left":"","isLinked":true},"item_background_background":"classic","primary_title_color":"#FFFFFF","primary_title_typography_font_size_tablet":{"unit":"px","size":24,"sizes":[]},"primary_title_typography_font_weight":"500","title_color":"#000000","title_typography_font_weight":"500","filter_border_radius":{"unit":"px","top":"5","right":"5","bottom":"5","left":"5","isLinked":true},"filter_active_color":"#000000","filter_active_background":"#FCE300","filter_active_border_color":"#FFFFFF","item_background_color":"#FFFFFF","item_border_radius":{"unit":"px","top":"10","right":"10","bottom":"10","left":"10","isLinked":true},"Primary_content_padding":{"unit":"px","top":"30","right":"30","bottom":"30","left":"30","isLinked":true},"secondary_content_padding":{"unit":"px","top":"20","right":"20","bottom":"20","left":"20","isLinked":true},"title_typography_font_size_mobile":{"unit":"px","size":13,"sizes":[]},"meta_s_typography_font_weight":"400","category_color":"#000000","category_background_background":"classic","category_background_color":"#FCE300","category_border_radius":{"unit":"px","top":"3","right":"3","bottom":"3","left":"3","isLinked":true},"category_typography_font_weight":"500","category_color_secondary":"#000000","category_background_secondary_background":"classic","category_background_secondary_color":"#FCE300","category_border_radius_secondary":{"unit":"px","top":"3","right":"3","bottom":"3","left":"3","isLinked":true},"category_padding_secondary":{"unit":"px","top":"3","right":"8","bottom":"3","left":"8","isLinked":false},"category_typography_secondary_font_weight":"500","category_secondary_hover_color":"#FFFFFF","category_secondary_hover_background_background":"classic","category_secondary_hover_background_color":"#000000","header_filter_typography_font_weight":"500","element_pack_cursor_effects_image_src":{"id":51126,"url":"https:\/\/postkit.pro\/wp-content\/uploads\/2023\/08\/placeholder-8.png"},"ep_sound_effects_hosted_url":{"id":"","url":"https:\/\/postkit.pro\/wp-content\/plugins\/elementor\/assets\/images\/placeholder.png"},"filter_hover_background":"#FCE300"},"elements":[],"isInner":false,"widgetType":"upk-forbes-tabs","elType":"widget"}],"isInner":false,"elType":"container"},{"id":"64225961","settings":{"flex_direction":"column","background_background":"classic","background_color":"#172937","element_pack_agbg_color_list":[{"_id":"e08645f"},{"start_color":"#567445","end_color":"#1D1BE0","_id":"999c8c5"}],"upk_mc_item_list":[],"padding":{"unit":"px","top":"80","right":"0","bottom":"80","left":"0","isLinked":false},"ep_widget_cf_colors":"#D30C5C, #0EBCDC, #EAED41, #ED5A78, #DF33DF","section_parallax_elements":[],"element_pack_tile_scroll_elements":[],"ep_display_conditions":[],"padding_tablet":{"unit":"px","top":"80","right":"30","bottom":"80","left":"30","isLinked":false},"padding_mobile":{"unit":"px","top":"50","right":"15","bottom":"50","left":"15","isLinked":false},"_title":"videos"},"elements":[{"id":"131ebd92","settings":{"title":"TOP WATCHED VIDEOS","align":"center","ep_widget_cf_colors":"#D30C5C, #0EBCDC, #EAED41, #ED5A78, #DF33DF","ep_notation_list":[{"_id":"56151f5","ep_notation_bracket_on":"left,right"}],"ep_sound_effects_element_selector":"my-header","element_pack_widget_tooltip_text":"This is Tooltip","ep_display_conditions":[],"ep_parallax_effects_transition_for":"all","ep_parallax_effects_transition_duration":"100","ep_parallax_effects_transition_easing":"linear","element_pack_widget_effect_transition_duration":"300","element_pack_widget_effect_transition_easing":"ease-out","title_color":"#FFFFFF","typography_typography":"custom","typography_font_family":"Roboto","typography_font_size":{"unit":"px","size":30,"sizes":[]},"typography_font_size_tablet":{"unit":"px","size":22,"sizes":[]},"typography_font_weight":"600","element_pack_cursor_effects_image_src":{"id":51127,"url":"https:\/\/postkit.pro\/wp-content\/uploads\/2023\/08\/placeholder-9.png"},"ep_sound_effects_hosted_url":{"id":"","url":"https:\/\/postkit.pro\/wp-content\/plugins\/elementor\/assets\/images\/placeholder.png"}},"elements":[],"isInner":false,"widgetType":"heading","elType":"widget"},{"id":"4cdfef68","settings":{"text":"Divider","ep_widget_cf_colors":"#D30C5C, #0EBCDC, #EAED41, #ED5A78, #DF33DF","ep_notation_list":[{"_id":"9213d27","ep_notation_bracket_on":"left,right"}],"ep_sound_effects_element_selector":"my-header","element_pack_widget_tooltip_text":"This is Tooltip","ep_display_conditions":[],"ep_parallax_effects_transition_for":"all","ep_parallax_effects_transition_duration":"100","ep_parallax_effects_transition_easing":"linear","element_pack_widget_effect_transition_duration":"300","element_pack_widget_effect_transition_easing":"ease-out","color":"#F1F1F1","width":{"unit":"%","size":20,"sizes":[]},"align":"center","gap":{"unit":"px","size":5,"sizes":[]},"gap_tablet":{"unit":"px","size":5,"sizes":[]},"gap_mobile":{"unit":"px","size":5,"sizes":[]},"element_pack_cursor_effects_image_src":{"id":51128,"url":"https:\/\/postkit.pro\/wp-content\/uploads\/2023\/08\/placeholder-10.png"},"ep_sound_effects_hosted_url":{"id":"","url":"https:\/\/postkit.pro\/wp-content\/plugins\/elementor\/assets\/images\/placeholder.png"}},"elements":[],"isInner":false,"widgetType":"divider","elType":"widget"},{"id":"68c06647","settings":{"align":"center","ep_widget_cf_colors":"#D30C5C, #0EBCDC, #EAED41, #ED5A78, #DF33DF","ep_notation_list":[{"_id":"aab3cb4","ep_notation_bracket_on":"left,right"}],"ep_sound_effects_element_selector":"my-header","element_pack_widget_tooltip_text":"This is Tooltip","ep_display_conditions":[],"ep_parallax_effects_transition_for":"all","ep_parallax_effects_transition_duration":"100","ep_parallax_effects_transition_easing":"linear","element_pack_widget_effect_transition_duration":"300","element_pack_widget_effect_transition_easing":"ease-out","text_color":"#EEEEEE","editor":"<p>This is an optional subtitle<\/p>","typography_typography":"custom","typography_font_family":"Roboto","typography_font_size_tablet":{"unit":"px","size":15,"sizes":[]},"typography_font_weight":"400","element_pack_cursor_effects_image_src":{"id":51129,"url":"https:\/\/postkit.pro\/wp-content\/uploads\/2023\/08\/placeholder-11.png"},"ep_sound_effects_hosted_url":{"id":"","url":"https:\/\/postkit.pro\/wp-content\/plugins\/elementor\/assets\/images\/placeholder.png"}},"elements":[],"isInner":false,"widgetType":"text-editor","elType":"widget"},{"id":"6554f131","settings":{"posts_include_by":["terms"],"meta_separator":"\/\/","title_color":"#000000","title_typography_typography":"custom","title_typography_font_family":"Roboto","title_typography_font_size":{"unit":"px","size":24,"sizes":[]},"category_color":"#FCE300","category_typography_typography":"custom","category_typography_font_family":"Roboto","category_typography_font_size":{"unit":"px","size":13,"sizes":[]},"category_typography_font_weight":"500","comments_typo_typography":"custom","comments_typo_font_family":"Roboto","comments_typo_font_size":{"unit":"px","size":13,"sizes":[]},"comments_color":"#282828","meta_hover_color":"#FCE300","meta_typography_typography":"custom","meta_typography_font_family":"Roboto","meta_typography_font_size":{"unit":"px","size":11,"sizes":[]},"meta_typography_font_weight":"400","play_button_size":{"unit":"px","size":70,"sizes":[]},"play_button_icon_size":{"unit":"px","size":18,"sizes":[]},"play_button_bg_background":"classic","item_limit":{"unit":"px","size":6,"sizes":[]},"meta_typography_font_size_mobile":{"unit":"px","size":12,"sizes":[]},"ep_widget_cf_colors":"#D30C5C, #0EBCDC, #EAED41, #ED5A78, #DF33DF","ep_notation_list":[{"_id":"6d24595","ep_notation_bracket_on":"left,right"}],"ep_sound_effects_element_selector":"my-header","element_pack_widget_tooltip_text":"This is Tooltip","ep_display_conditions":[],"ep_parallax_effects_transition_for":"all","ep_parallax_effects_transition_duration":"100","ep_parallax_effects_transition_easing":"linear","element_pack_widget_effect_transition_duration":"300","element_pack_widget_effect_transition_easing":"ease-out","posts_include_term_ids":["17"],"title_typography_font_size_tablet":{"unit":"px","size":20,"sizes":[]},"title_typography_font_size_mobile":{"unit":"px","size":18,"sizes":[]},"title_typography_font_weight":"600","play_button_color":"#000000","play_button_bg_color":"#FCE300","comments_typo_font_weight":"500","meta_color":"#838383","playlist_thumb_width":{"unit":"px","size":100,"sizes":[]},"playlist_play_icon_color":"#FFFFFF","playlist_title_color":"#000000","playlist_title_typo_typography":"custom","playlist_title_typo_font_family":"Roboto","playlist_title_typo_font_size":{"unit":"px","size":14,"sizes":[]},"playlist_title_typo_font_weight":"500","playlist_category_color":"#474747","playlist_category_typo_typography":"custom","playlist_category_typo_font_family":"Roboto","playlist_category_typo_font_size":{"unit":"px","size":11,"sizes":[]},"playlist_category_typo_font_weight":"500","scrollbar_color":"#FCE300","playlist_thumb_width_border_radius":{"unit":"px","top":"10","right":"10","bottom":"10","left":"10","isLinked":true},"slider_image_border_radius":{"unit":"px","top":"10","right":"10","bottom":"10","left":"10","isLinked":true},"_background_background":"classic","_background_color":"#FFFFFF","_border_radius":{"unit":"px","top":"10","right":"10","bottom":"10","left":"10","isLinked":true},"element_pack_cursor_effects_image_src":{"id":51130,"url":"https:\/\/postkit.pro\/wp-content\/uploads\/2023\/08\/placeholder-12.png"},"ep_sound_effects_hosted_url":{"id":"","url":"https:\/\/postkit.pro\/wp-content\/plugins\/elementor\/assets\/images\/placeholder.png"},"play_button_size_mobile":{"unit":"px","size":60,"sizes":[]},"playlist_thumb_width_mobile":{"unit":"px","size":100,"sizes":[]},"_padding":{"unit":"px","top":"30","right":"30","bottom":"30","left":"30","isLinked":true},"_padding_tablet":{"unit":"px","top":"20","right":"20","bottom":"20","left":"20","isLinked":true},"_padding_mobile":{"unit":"px","top":"15","right":"15","bottom":"15","left":"15","isLinked":true},"play_button_border_radius":{"unit":"px","top":"500","right":"500","bottom":"500","left":"500","isLinked":true}},"elements":[],"isInner":false,"widgetType":"upk-atlas-slider","elType":"widget"}],"isInner":false,"elType":"container"},{"id":"480df9f7","settings":{"flex_direction":"row","flex_gap":{"unit":"px","size":0,"column":"0","row":"0","isLinked":true},"element_pack_agbg_color_list":[{"_id":"57b72c9"},{"start_color":"#567445","end_color":"#1D1BE0","_id":"180c1a6"}],"upk_mc_item_list":[],"padding":{"unit":"px","top":"80","right":"0","bottom":"80","left":"0","isLinked":false},"ep_widget_cf_colors":"#D30C5C, #0EBCDC, #EAED41, #ED5A78, #DF33DF","section_parallax_elements":[],"element_pack_tile_scroll_elements":[],"ep_display_conditions":[],"padding_tablet":{"unit":"px","top":"80","right":"30","bottom":"80","left":"30","isLinked":false},"padding_mobile":{"unit":"px","top":"50","right":"15","bottom":"50","left":"15","isLinked":false},"_title":"Latest news"},"elements":[{"id":"7400e547","settings":{"flex_direction":"column","content_width":"full","width":{"unit":"%","size":66},"element_pack_agbg_color_list":[{"_id":"7700866"},{"start_color":"#567445","end_color":"#1D1BE0","_id":"026b185"}],"upk_mc_item_list":[],"ep_widget_cf_colors":"#D30C5C, #0EBCDC, #EAED41, #ED5A78, #DF33DF","section_parallax_elements":[],"element_pack_tile_scroll_elements":[],"ep_display_conditions":[]},"elements":[{"id":"38a4b660","settings":{"title":"LATEST NEWS","ep_widget_cf_colors":"#D30C5C, #0EBCDC, #EAED41, #ED5A78, #DF33DF","ep_notation_list":[{"_id":"9f502c5","ep_notation_bracket_on":"left,right"}],"ep_sound_effects_element_selector":"my-header","element_pack_widget_tooltip_text":"This is Tooltip","ep_display_conditions":[],"ep_parallax_effects_transition_for":"all","ep_parallax_effects_transition_duration":"100","ep_parallax_effects_transition_easing":"linear","element_pack_widget_effect_transition_duration":"300","element_pack_widget_effect_transition_easing":"ease-out","title_color":"#000000","typography_typography":"custom","typography_font_family":"Roboto","typography_font_size":{"unit":"px","size":24,"sizes":[]},"typography_font_size_tablet":{"unit":"px","size":20,"sizes":[]},"typography_font_weight":"600","element_pack_cursor_effects_image_src":{"id":51131,"url":"https:\/\/postkit.pro\/wp-content\/uploads\/2023\/08\/placeholder-13.png"},"ep_sound_effects_hosted_url":{"id":"","url":"https:\/\/postkit.pro\/wp-content\/plugins\/elementor\/assets\/images\/placeholder.png"}},"elements":[],"isInner":false,"widgetType":"heading","elType":"widget"},{"id":"6b43b067","settings":{"text":"Divider","ep_widget_cf_colors":"#D30C5C, #0EBCDC, #EAED41, #ED5A78, #DF33DF","ep_notation_list":[{"_id":"9213d27","ep_notation_bracket_on":"left,right"}],"ep_sound_effects_element_selector":"my-header","element_pack_widget_tooltip_text":"This is Tooltip","ep_display_conditions":[],"ep_parallax_effects_transition_for":"all","ep_parallax_effects_transition_duration":"100","ep_parallax_effects_transition_easing":"linear","element_pack_widget_effect_transition_duration":"300","element_pack_widget_effect_transition_easing":"ease-out","color":"#E7E7E7","gap":{"unit":"px","size":10,"sizes":[]},"gap_tablet":{"unit":"px","size":5,"sizes":[]},"gap_mobile":{"unit":"px","size":5,"sizes":[]},"element_pack_cursor_effects_image_src":{"id":51132,"url":"https:\/\/postkit.pro\/wp-content\/uploads\/2023\/08\/placeholder-14.png"},"ep_sound_effects_hosted_url":{"id":"","url":"https:\/\/postkit.pro\/wp-content\/plugins\/elementor\/assets\/images\/placeholder.png"}},"elements":[],"isInner":false,"widgetType":"divider","elType":"widget"},{"id":"3aacffa","settings":{"column_gap":{"unit":"px","size":30,"sizes":[]},"grid_style":"4","secondary_image_height_style_2":{"unit":"px","size":128,"sizes":[]},"content_padding":{"unit":"px","top":"20","right":"20","bottom":"0","left":"20","isLinked":false},"category_background_background":"classic","category_background_color":"#FCE300","post_format_background_background":"classic","post_format_background_color":"#000000","title_typography_typography":"custom","title_typography_font_size_mobile":{"unit":"px","size":16,"sizes":[]},"secondary_title_typography_typography":"custom","primary_thumbnail_size":"full","content_padding_tablet":{"unit":"px","top":"20","right":"20","bottom":"20","left":"20","isLinked":true},"title_typography_font_size_tablet":{"unit":"px","size":20,"sizes":[]},"meta_typography_typography":"custom","meta_typography_font_size_tablet":{"unit":"px","size":12,"sizes":[]},"category_border_radius":{"unit":"px","top":"3","right":"3","bottom":"3","left":"3","isLinked":true},"post_format_border_radius":{"unit":"px","top":"3","right":"3","bottom":"3","left":"3","isLinked":true},"text_typography_typography":"custom","text_typography_font_size_mobile":{"unit":"px","size":12,"sizes":[]},"is_replaced_deprecated_query":"yes","posts_include_by":["terms"],"posts_include_term_ids":["17"],"posts_order":"asc","row_gap":{"unit":"px","size":30,"sizes":[]},"upk_in_animation_transform_origin":"center top","ep_widget_cf_colors":"#D30C5C, #0EBCDC, #EAED41, #ED5A78, #DF33DF","ep_notation_list":[{"_id":"0d29c9e","ep_notation_bracket_on":"left,right"}],"ep_sound_effects_element_selector":"my-header","element_pack_widget_tooltip_text":"This is Tooltip","ep_display_conditions":[],"ep_parallax_effects_transition_for":"all","ep_parallax_effects_transition_duration":"100","ep_parallax_effects_transition_easing":"linear","element_pack_widget_effect_transition_duration":"300","element_pack_widget_effect_transition_easing":"ease-out","meta_separator":"-","category_color":"#000000","_transform_keep_proportions":"","_transform_keep_proportions_hover":"","itam_background_background":"classic","title_color":"#272727","title_typography_font_family":"Roboto","title_typography_font_size":{"unit":"px","size":20,"sizes":[]},"title_typography_font_weight":"700","excerpt_length":15,"item_image_border_radius":{"unit":"px","top":"10","right":"10","bottom":"10","left":"10","isLinked":true},"text_color":"#5F5F5F","text_typography_font_family":"Open Sans","text_typography_font_size":{"unit":"px","size":15,"sizes":[]},"text_typography_font_weight":"400","meta_color":"#5C5C5C","meta_typography_font_family":"Roboto","meta_typography_font_size":{"unit":"px","size":13,"sizes":[]},"meta_typography_font_weight":"400","category_padding":{"unit":"px","top":"3","right":"10","bottom":"3","left":"10","isLinked":false},"category_typography_typography":"custom","category_typography_font_family":"Roboto","category_typography_font_size":{"unit":"px","size":13,"sizes":[]},"category_typography_font_weight":"500","post_format_color":"#FFFFFF","post_format_border_width":{"unit":"px","top":"3","right":"3","bottom":"3","left":"3","isLinked":true},"element_pack_cursor_effects_image_src":{"id":51133,"url":"https:\/\/postkit.pro\/wp-content\/uploads\/2023\/08\/placeholder-15.png"},"ep_sound_effects_hosted_url":{"id":"","url":"https:\/\/postkit.pro\/wp-content\/plugins\/elementor\/assets\/images\/placeholder.png"}},"elements":[],"isInner":false,"widgetType":"upk-maple-grid","elType":"widget"}],"isInner":true,"elType":"container"},{"id":"693ce26d","settings":{"flex_direction":"column","content_width":"full","width":{"unit":"%","size":33},"element_pack_agbg_color_list":[{"_id":"51974e1"},{"start_color":"#567445","end_color":"#1D1BE0","_id":"6a5b06c"}],"upk_mc_item_list":[],"ep_widget_cf_colors":"#D30C5C, #0EBCDC, #EAED41, #ED5A78, #DF33DF","section_parallax_elements":[],"element_pack_tile_scroll_elements":[],"ep_display_conditions":[]},"elements":[{"id":"7ca55c61","settings":{"share_buttons":[{"social_link":"http:\/\/www.facebook.com\/bdthemes\/","_id":"869a8c7"},{"button":"custom","social_link":"http:\/\/www.youtube.com\/bdthemes\/","_id":"0fb25f9","social_icon":{"value":"fab fa-youtube","library":"fa-brands"},"custom_style_popover":"yes","custom_primary_color":"#FF0202","custom_secondary_color":"#FFFFFF","text":"YouTube"},{"button":"twitter","social_link":"http:\/\/www.twitter.com\/bdthemes\/","_id":"56cff5b"},{"_id":"c7a8ecc","button":"custom","social_icon":{"value":"fab fa-instagram","library":"fa-brands"},"custom_style_popover":"yes","custom_primary_color":"#D14A6A","text":"Instagram","social_link":"https:\/\/www.instagram.com\/bdthemes\/"}],"layout_style":"grid","columns":"2","style":"gradient","button_height":{"unit":"em","size":3.4,"sizes":[]},"border_radius":{"unit":"px","top":"3","right":"3","bottom":"3","left":"3","isLinked":true},"_padding":{"unit":"px","top":"38","right":"0","bottom":"0","left":"0","isLinked":false},"ep_widget_cf_colors":"#D30C5C, #0EBCDC, #EAED41, #ED5A78, #DF33DF","ep_notation_list":[{"_id":"599129e","ep_notation_bracket_on":"left,right"}],"ep_sound_effects_element_selector":"my-header","element_pack_widget_tooltip_text":"This is Tooltip","ep_display_conditions":[],"ep_parallax_effects_transition_for":"all","ep_parallax_effects_transition_duration":"100","ep_parallax_effects_transition_easing":"linear","element_pack_widget_effect_transition_duration":"300","element_pack_widget_effect_transition_easing":"ease-out","typography_typography":"custom","typography_font_family":"Roboto","typography_font_size":{"unit":"px","size":12,"sizes":[]},"typography_font_weight":"500","element_pack_cursor_effects_image_src":{"id":51134,"url":"https:\/\/postkit.pro\/wp-content\/uploads\/2023\/08\/placeholder-16.png"},"ep_sound_effects_hosted_url":{"id":"","url":"https:\/\/postkit.pro\/wp-content\/plugins\/elementor\/assets\/images\/placeholder.png"},"columns_tablet":"1"},"elements":[],"isInner":false,"widgetType":"upk-social-link","elType":"widget"},{"id":"150b484b","settings":{"title":"TRENDING NOW","ep_widget_cf_colors":"#D30C5C, #0EBCDC, #EAED41, #ED5A78, #DF33DF","ep_notation_list":[{"_id":"587150d","ep_notation_bracket_on":"left,right"}],"ep_sound_effects_element_selector":"my-header","element_pack_widget_tooltip_text":"This is Tooltip","ep_display_conditions":[],"ep_parallax_effects_transition_for":"all","ep_parallax_effects_transition_duration":"100","ep_parallax_effects_transition_easing":"linear","element_pack_widget_effect_transition_duration":"300","element_pack_widget_effect_transition_easing":"ease-out","title_color":"#000000","typography_typography":"custom","typography_font_family":"Roboto","typography_font_size":{"unit":"px","size":24,"sizes":[]},"typography_font_size_tablet":{"unit":"px","size":20,"sizes":[]},"typography_font_weight":"600","_padding":{"unit":"px","top":"10","right":"0","bottom":"0","left":"0","isLinked":false},"element_pack_cursor_effects_image_src":{"id":51135,"url":"https:\/\/postkit.pro\/wp-content\/uploads\/2023\/08\/placeholder-17.png"},"ep_sound_effects_hosted_url":{"id":"","url":"https:\/\/postkit.pro\/wp-content\/plugins\/elementor\/assets\/images\/placeholder.png"}},"elements":[],"isInner":false,"widgetType":"heading","elType":"widget"},{"id":"78cc1aec","settings":{"text":"Divider","ep_widget_cf_colors":"#D30C5C, #0EBCDC, #EAED41, #ED5A78, #DF33DF","ep_notation_list":[{"_id":"9213d27","ep_notation_bracket_on":"left,right"}],"ep_sound_effects_element_selector":"my-header","element_pack_widget_tooltip_text":"This is Tooltip","ep_display_conditions":[],"ep_parallax_effects_transition_for":"all","ep_parallax_effects_transition_duration":"100","ep_parallax_effects_transition_easing":"linear","element_pack_widget_effect_transition_duration":"300","element_pack_widget_effect_transition_easing":"ease-out","color":"#E7E7E7","gap":{"unit":"px","size":5,"sizes":[]},"gap_tablet":{"unit":"px","size":5,"sizes":[]},"gap_mobile":{"unit":"px","size":5,"sizes":[]},"element_pack_cursor_effects_image_src":{"id":51136,"url":"https:\/\/postkit.pro\/wp-content\/uploads\/2023\/08\/placeholder-18.png"},"ep_sound_effects_hosted_url":{"id":"","url":"https:\/\/postkit.pro\/wp-content\/plugins\/elementor\/assets\/images\/placeholder.png"}},"elements":[],"isInner":false,"widgetType":"divider","elType":"widget"},{"id":"24d2b2c","settings":{"primary_thumbnail_size":"full","meta_separator":"\/\/","item_limit":{"unit":"px","size":6,"sizes":[]},"item_padding_tablet":{"unit":"px","size":50,"sizes":[]},"item_padding_mobile":{"unit":"px","size":15,"sizes":[]},"item_image_border_radius":{"unit":"px","top":"10","right":"10","bottom":"10","left":"10","isLinked":true},"item_overlay_color":"#000000","counter_number_border_radius":{"unit":"px","top":"8","right":"8","bottom":"8","left":"8","isLinked":true},"title_typography_typography":"custom","title_typography_font_size":{"unit":"px","size":15,"sizes":[]},"category_style_color":"#FCE300","counter_number_size":{"unit":"px","size":40,"sizes":[]},"counter_number_typography_typography":"custom","counter_number_typography_font_size":{"unit":"px","size":15,"sizes":[]},"title_featured_color":"#FFFFFF","counter_number_color":"#000000","counter_number_background_background":"classic","counter_number_background_color":"#FCE30030","is_replaced_deprecated_query":"yes","posts_include_by":["terms"],"posts_include_term_ids":["11"],"upk_in_animation_transform_origin":"center top","ep_widget_cf_colors":"#D30C5C, #0EBCDC, #EAED41, #ED5A78, #DF33DF","ep_notation_list":[{"_id":"d0eebb7","ep_notation_bracket_on":"left,right"}],"ep_sound_effects_element_selector":"my-header","element_pack_widget_tooltip_text":"This is Tooltip","ep_display_conditions":[],"ep_parallax_effects_transition_for":"all","ep_parallax_effects_transition_duration":"100","ep_parallax_effects_transition_easing":"linear","element_pack_widget_effect_transition_duration":"300","element_pack_widget_effect_transition_easing":"ease-out","_padding":{"unit":"px","top":"0","right":"0","bottom":"35","left":"0","isLinked":false},"title_color":"#000000","title_typography_font_family":"Roboto","title_typography_font_weight":"600","meta_color":"#000000","meta_featured_color":"#CCCCCC","meta_typography_typography":"custom","meta_typography_font_family":"Roboto","meta_typography_font_size":{"unit":"px","size":11,"sizes":[]},"meta_typography_font_weight":"500","category_color":"#616161","category_featured_color":"#FFFFFF","featured_counter_number_color":"#000000","featured_counter_number_background_background":"classic","featured_counter_number_background_color":"#FCE300","title_typography_font_size_tablet":{"unit":"px","size":13,"sizes":[]},"element_pack_cursor_effects_image_src":{"id":51137,"url":"https:\/\/postkit.pro\/wp-content\/uploads\/2023\/08\/placeholder-19.png"},"ep_sound_effects_hosted_url":{"id":"","url":"https:\/\/postkit.pro\/wp-content\/plugins\/elementor\/assets\/images\/placeholder.png"},"item_image_height_tablet":{"unit":"px","size":200,"sizes":[]}},"elements":[],"isInner":false,"widgetType":"upk-featured-list","elType":"widget"},{"id":"36aa3387","settings":{"title":"CATEGORIES","ep_widget_cf_colors":"#D30C5C, #0EBCDC, #EAED41, #ED5A78, #DF33DF","ep_notation_list":[{"_id":"5f7b9f0","ep_notation_bracket_on":"left,right"}],"ep_sound_effects_element_selector":"my-header","element_pack_widget_tooltip_text":"This is Tooltip","ep_display_conditions":[],"ep_parallax_effects_transition_for":"all","ep_parallax_effects_transition_duration":"100","ep_parallax_effects_transition_easing":"linear","element_pack_widget_effect_transition_duration":"300","element_pack_widget_effect_transition_easing":"ease-out","title_color":"#000000","typography_typography":"custom","typography_font_family":"Roboto","typography_font_size":{"unit":"px","size":24,"sizes":[]},"typography_font_size_tablet":{"unit":"px","size":20,"sizes":[]},"typography_font_weight":"600","element_pack_cursor_effects_image_src":{"id":51138,"url":"https:\/\/postkit.pro\/wp-content\/uploads\/2023\/08\/placeholder-20.png"},"ep_sound_effects_hosted_url":{"id":"","url":"https:\/\/postkit.pro\/wp-content\/plugins\/elementor\/assets\/images\/placeholder.png"}},"elements":[],"isInner":false,"widgetType":"heading","elType":"widget"},{"id":"43c63a68","settings":{"text":"Divider","ep_widget_cf_colors":"#D30C5C, #0EBCDC, #EAED41, #ED5A78, #DF33DF","ep_notation_list":[{"_id":"9213d27","ep_notation_bracket_on":"left,right"}],"ep_sound_effects_element_selector":"my-header","element_pack_widget_tooltip_text":"This is Tooltip","ep_display_conditions":[],"ep_parallax_effects_transition_for":"all","ep_parallax_effects_transition_duration":"100","ep_parallax_effects_transition_easing":"linear","element_pack_widget_effect_transition_duration":"300","element_pack_widget_effect_transition_easing":"ease-out","color":"#E7E7E7","gap":{"unit":"px","size":5,"sizes":[]},"gap_tablet":{"unit":"px","size":5,"sizes":[]},"gap_mobile":{"unit":"px","size":5,"sizes":[]},"element_pack_cursor_effects_image_src":{"id":51139,"url":"https:\/\/postkit.pro\/wp-content\/uploads\/2023\/08\/placeholder-21.png"},"ep_sound_effects_hosted_url":{"id":"","url":"https:\/\/postkit.pro\/wp-content\/plugins\/elementor\/assets\/images\/placeholder.png"}},"elements":[],"isInner":false,"widgetType":"divider","elType":"widget"},{"id":"2cb41052","settings":{"columns":"1","multiple_background":"#C7B300,#1982C4,#8AC926,#F18701,#F15BB5,#12E2C0","item_padding":{"unit":"px","top":"12","right":"15","bottom":"12","left":"15","isLinked":false},"ep_widget_cf_colors":"#D30C5C, #0EBCDC, #EAED41, #ED5A78, #DF33DF","ep_notation_list":[{"_id":"53d9e83","ep_notation_bracket_on":"left,right"}],"ep_sound_effects_element_selector":"my-header","element_pack_widget_tooltip_text":"This is Tooltip","ep_display_conditions":[],"ep_parallax_effects_transition_for":"all","ep_parallax_effects_transition_duration":"100","ep_parallax_effects_transition_easing":"linear","element_pack_widget_effect_transition_duration":"300","element_pack_widget_effect_transition_easing":"ease-out","count_border_radius":{"unit":"px","top":"5","right":"5","bottom":"5","left":"5","isLinked":true},"item_limit":{"unit":"px","size":4,"sizes":[]},"columns_tablet":"1","element_pack_cursor_effects_image_src":{"id":51140,"url":"https:\/\/postkit.pro\/wp-content\/uploads\/2023\/08\/placeholder-22.png"},"ep_sound_effects_hosted_url":{"id":"","url":"https:\/\/postkit.pro\/wp-content\/plugins\/elementor\/assets\/images\/placeholder.png"}},"elements":[],"isInner":false,"widgetType":"upk-post-category","elType":"widget"}],"isInner":true,"elType":"container"}],"isInner":false,"elType":"container"},{"id":"41a32bd9","settings":{"flex_direction":"row","flex_gap":{"unit":"px","size":0,"column":"0","row":"0","isLinked":true},"element_pack_agbg_color_list":[{"_id":"e8913b4"},{"start_color":"#567445","end_color":"#1D1BE0","_id":"5be2be6"}],"upk_mc_item_list":[],"padding":{"unit":"px","top":"0","right":"30","bottom":"100","left":"30","isLinked":false},"padding_tablet":{"unit":"px","top":"0","right":"30","bottom":"80","left":"30","isLinked":false},"padding_mobile":{"unit":"px","top":"0","right":"15","bottom":"50","left":"15","isLinked":false},"ep_widget_cf_colors":"#D30C5C, #0EBCDC, #EAED41, #ED5A78, #DF33DF","section_parallax_elements":[],"element_pack_tile_scroll_elements":[],"ep_display_conditions":[]},"elements":[{"id":"36ba16fd","settings":{"flex_direction":"column","content_width":"full","width":{"unit":"%","size":"25"},"element_pack_agbg_color_list":[{"_id":"5fa8dec"},{"start_color":"#567445","end_color":"#1D1BE0","_id":"2502f43"}],"upk_mc_item_list":[],"ep_widget_cf_colors":"#D30C5C, #0EBCDC, #EAED41, #ED5A78, #DF33DF","section_parallax_elements":[],"element_pack_tile_scroll_elements":[],"ep_display_conditions":[]},"elements":[{"id":"3fb7c9a5","settings":{"title":"SHOP OUR PRODUCTS","ep_widget_cf_colors":"#D30C5C, #0EBCDC, #EAED41, #ED5A78, #DF33DF","ep_notation_list":[{"_id":"00c0e68","ep_notation_bracket_on":"left,right"}],"ep_sound_effects_element_selector":"my-header","element_pack_widget_tooltip_text":"This is Tooltip","ep_display_conditions":[],"ep_parallax_effects_transition_for":"all","ep_parallax_effects_transition_duration":"100","ep_parallax_effects_transition_easing":"linear","element_pack_widget_effect_transition_duration":"300","element_pack_widget_effect_transition_easing":"ease-out","title_color":"#000000","typography_typography":"custom","typography_font_family":"Roboto","typography_font_size":{"unit":"px","size":24,"sizes":[]},"typography_font_size_tablet":{"unit":"px","size":20,"sizes":[]},"typography_font_weight":"600","element_pack_cursor_effects_image_src":{"id":51141,"url":"https:\/\/postkit.pro\/wp-content\/uploads\/2023\/08\/placeholder-23.png"},"ep_sound_effects_hosted_url":{"id":"","url":"https:\/\/postkit.pro\/wp-content\/plugins\/elementor\/assets\/images\/placeholder.png"},"typography_line_height_tablet":{"unit":"em","size":1.2,"sizes":[]},"typography_letter_spacing_tablet":{"unit":"em","size":"","sizes":[]},"typography_letter_spacing_mobile":{"unit":"em","size":"","sizes":[]}},"elements":[],"isInner":false,"widgetType":"heading","elType":"widget"},{"id":"289f1e3b","settings":{"text":"Divider","ep_widget_cf_colors":"#D30C5C, #0EBCDC, #EAED41, #ED5A78, #DF33DF","ep_notation_list":[{"_id":"9213d27","ep_notation_bracket_on":"left,right"}],"ep_sound_effects_element_selector":"my-header","element_pack_widget_tooltip_text":"This is Tooltip","ep_display_conditions":[],"ep_parallax_effects_transition_for":"all","ep_parallax_effects_transition_duration":"100","ep_parallax_effects_transition_easing":"linear","element_pack_widget_effect_transition_duration":"300","element_pack_widget_effect_transition_easing":"ease-out","color":"#E7E7E7","gap":{"unit":"px","size":10,"sizes":[]},"gap_tablet":{"unit":"px","size":5,"sizes":[]},"gap_mobile":{"unit":"px","size":5,"sizes":[]},"element_pack_cursor_effects_image_src":{"id":51142,"url":"https:\/\/postkit.pro\/wp-content\/uploads\/2023\/08\/placeholder-24.png"},"ep_sound_effects_hosted_url":{"id":"","url":"https:\/\/postkit.pro\/wp-content\/plugins\/elementor\/assets\/images\/placeholder.png"}},"elements":[],"isInner":false,"widgetType":"divider","elType":"widget"},{"id":"d2f96fa","settings":{"image":{"id":42655,"url":"http:\/\/sohan-test-website-vxfgpk.flywp.xyz\/wp-content\/uploads\/2025\/09\/Output-28-1.webp"},"image_size":"full","link_to":"custom","link":{"url":"#","is_external":"","nofollow":"","custom_attributes":""},"ep_widget_cf_colors":"#D30C5C, #0EBCDC, #EAED41, #ED5A78, #DF33DF","ep_notation_list":[{"_id":"92e5cf3","ep_notation_bracket_on":"left,right"}],"ep_sound_effects_element_selector":"my-header","element_pack_widget_tooltip_text":"This is Tooltip","ep_display_conditions":[],"ep_parallax_effects_transition_for":"all","ep_parallax_effects_transition_duration":"100","ep_parallax_effects_transition_easing":"linear","element_pack_widget_effect_transition_duration":"300","element_pack_widget_effect_transition_easing":"ease-out","element_pack_cursor_effects_image_src":{"id":51143,"url":"https:\/\/postkit.pro\/wp-content\/uploads\/2023\/08\/placeholder-25.png"},"ep_sound_effects_hosted_url":{"id":"","url":"https:\/\/postkit.pro\/wp-content\/plugins\/elementor\/assets\/images\/placeholder.png"}},"elements":[],"isInner":false,"widgetType":"image","elType":"widget"},{"id":"9cbc08d","settings":{"title":"Suitcase Luggage","align":"center","title_color":"#1C192C","typography_typography":"custom","typography_font_family":"Roboto","typography_font_size":{"unit":"px","size":20,"sizes":[]},"typography_font_size_tablet":{"unit":"px","size":16,"sizes":[]},"typography_font_weight":"600","ep_widget_cf_colors":"#D30C5C, #0EBCDC, #EAED41, #ED5A78, #DF33DF","ep_notation_list":[{"_id":"04b6e96","ep_notation_bracket_on":"left,right"}],"ep_sound_effects_element_selector":"my-header","element_pack_widget_tooltip_text":"This is Tooltip","ep_display_conditions":[],"ep_parallax_effects_transition_for":"all","ep_parallax_effects_transition_duration":"100","ep_parallax_effects_transition_easing":"linear","element_pack_widget_effect_transition_duration":"300","element_pack_widget_effect_transition_easing":"ease-out","typography_font_size_mobile":{"unit":"px","size":20,"sizes":[]},"element_pack_cursor_effects_image_src":{"id":51144,"url":"https:\/\/postkit.pro\/wp-content\/uploads\/2023\/08\/placeholder-26.png"},"ep_sound_effects_hosted_url":{"id":"","url":"https:\/\/postkit.pro\/wp-content\/plugins\/elementor\/assets\/images\/placeholder.png"}},"elements":[],"isInner":false,"widgetType":"heading","elType":"widget"},{"id":"46784966","settings":{"title":"Price : $25.00 \u2013 $35.00","align":"center","title_color":"#6D6D6D","typography_typography":"custom","typography_font_family":"Roboto","typography_font_size":{"unit":"px","size":14,"sizes":[]},"typography_font_size_tablet":{"unit":"px","size":14,"sizes":[]},"typography_font_weight":"500","ep_widget_cf_colors":"#D30C5C, #0EBCDC, #EAED41, #ED5A78, #DF33DF","ep_notation_list":[{"_id":"04b6e96","ep_notation_bracket_on":"left,right"}],"ep_sound_effects_element_selector":"my-header","element_pack_widget_tooltip_text":"This is Tooltip","ep_display_conditions":[],"ep_parallax_effects_transition_for":"all","ep_parallax_effects_transition_duration":"100","ep_parallax_effects_transition_easing":"linear","element_pack_widget_effect_transition_duration":"300","element_pack_widget_effect_transition_easing":"ease-out","typography_font_size_mobile":{"unit":"px","size":13,"sizes":[]},"element_pack_cursor_effects_image_src":{"id":51145,"url":"https:\/\/postkit.pro\/wp-content\/uploads\/2023\/08\/placeholder-27.png"},"ep_sound_effects_hosted_url":{"id":"","url":"https:\/\/postkit.pro\/wp-content\/plugins\/elementor\/assets\/images\/placeholder.png"}},"elements":[],"isInner":false,"widgetType":"heading","elType":"widget"}],"isInner":true,"elType":"container"},{"id":"54716d5a","settings":{"flex_direction":"column","content_width":"full","width":{"unit":"%","size":"25"},"element_pack_agbg_color_list":[{"_id":"f724d66"},{"start_color":"#567445","end_color":"#1D1BE0","_id":"0fa0063"}],"upk_mc_item_list":[],"ep_widget_cf_colors":"#D30C5C, #0EBCDC, #EAED41, #ED5A78, #DF33DF","section_parallax_elements":[],"element_pack_tile_scroll_elements":[],"ep_display_conditions":[]},"elements":[{"id":"7b16c62a","settings":{"image":{"id":42656,"url":"http:\/\/sohan-test-website-vxfgpk.flywp.xyz\/wp-content\/uploads\/2025\/09\/Output-32-1.webp"},"image_size":"full","link_to":"custom","link":{"url":"#","is_external":"","nofollow":"","custom_attributes":""},"_margin":{"unit":"px","top":"85","right":"0","bottom":"0","left":"0","isLinked":false},"ep_widget_cf_colors":"#D30C5C, #0EBCDC, #EAED41, #ED5A78, #DF33DF","ep_notation_list":[{"_id":"92e5cf3","ep_notation_bracket_on":"left,right"}],"ep_sound_effects_element_selector":"my-header","element_pack_widget_tooltip_text":"This is Tooltip","ep_display_conditions":[],"ep_parallax_effects_transition_for":"all","ep_parallax_effects_transition_duration":"100","ep_parallax_effects_transition_easing":"linear","element_pack_widget_effect_transition_duration":"300","element_pack_widget_effect_transition_easing":"ease-out","element_pack_cursor_effects_image_src":{"id":51146,"url":"https:\/\/postkit.pro\/wp-content\/uploads\/2023\/08\/placeholder-28.png"},"ep_sound_effects_hosted_url":{"id":"","url":"https:\/\/postkit.pro\/wp-content\/plugins\/elementor\/assets\/images\/placeholder.png"}},"elements":[],"isInner":false,"widgetType":"image","elType":"widget"},{"id":"1e3c5924","settings":{"title":"Multi Color Suitcases","align":"center","title_color":"#1C192C","typography_typography":"custom","typography_font_family":"Roboto","typography_font_size":{"unit":"px","size":20,"sizes":[]},"typography_font_size_tablet":{"unit":"px","size":16,"sizes":[]},"typography_font_weight":"600","ep_widget_cf_colors":"#D30C5C, #0EBCDC, #EAED41, #ED5A78, #DF33DF","ep_notation_list":[{"_id":"04b6e96","ep_notation_bracket_on":"left,right"}],"ep_sound_effects_element_selector":"my-header","element_pack_widget_tooltip_text":"This is Tooltip","ep_display_conditions":[],"ep_parallax_effects_transition_for":"all","ep_parallax_effects_transition_duration":"100","ep_parallax_effects_transition_easing":"linear","element_pack_widget_effect_transition_duration":"300","element_pack_widget_effect_transition_easing":"ease-out","typography_font_size_mobile":{"unit":"px","size":20,"sizes":[]},"element_pack_cursor_effects_image_src":{"id":51147,"url":"https:\/\/postkit.pro\/wp-content\/uploads\/2023\/08\/placeholder-29.png"},"ep_sound_effects_hosted_url":{"id":"","url":"https:\/\/postkit.pro\/wp-content\/plugins\/elementor\/assets\/images\/placeholder.png"}},"elements":[],"isInner":false,"widgetType":"heading","elType":"widget"},{"id":"5c1cae05","settings":{"title":"Price : $35.00 \u2013 $40.00","align":"center","title_color":"#6D6D6D","typography_typography":"custom","typography_font_family":"Roboto","typography_font_size":{"unit":"px","size":14,"sizes":[]},"typography_font_size_tablet":{"unit":"px","size":14,"sizes":[]},"typography_font_weight":"500","ep_widget_cf_colors":"#D30C5C, #0EBCDC, #EAED41, #ED5A78, #DF33DF","ep_notation_list":[{"_id":"04b6e96","ep_notation_bracket_on":"left,right"}],"ep_sound_effects_element_selector":"my-header","element_pack_widget_tooltip_text":"This is Tooltip","ep_display_conditions":[],"ep_parallax_effects_transition_for":"all","ep_parallax_effects_transition_duration":"100","ep_parallax_effects_transition_easing":"linear","element_pack_widget_effect_transition_duration":"300","element_pack_widget_effect_transition_easing":"ease-out","typography_font_size_mobile":{"unit":"px","size":13,"sizes":[]},"element_pack_cursor_effects_image_src":{"id":51148,"url":"https:\/\/postkit.pro\/wp-content\/uploads\/2023\/08\/placeholder-30.png"},"ep_sound_effects_hosted_url":{"id":"","url":"https:\/\/postkit.pro\/wp-content\/plugins\/elementor\/assets\/images\/placeholder.png"}},"elements":[],"isInner":false,"widgetType":"heading","elType":"widget"}],"isInner":true,"elType":"container"},{"id":"338d51d","settings":{"flex_direction":"column","content_width":"full","width":{"unit":"%","size":"25"},"element_pack_agbg_color_list":[{"_id":"f69ee2f"},{"start_color":"#567445","end_color":"#1D1BE0","_id":"a64a9ba"}],"upk_mc_item_list":[],"ep_widget_cf_colors":"#D30C5C, #0EBCDC, #EAED41, #ED5A78, #DF33DF","section_parallax_elements":[],"element_pack_tile_scroll_elements":[],"ep_display_conditions":[]},"elements":[{"id":"6e802c39","settings":{"image":{"id":42657,"url":"http:\/\/sohan-test-website-vxfgpk.flywp.xyz\/wp-content\/uploads\/2025\/09\/Output-33-1.webp"},"image_size":"full","link_to":"custom","link":{"url":"#","is_external":"","nofollow":"","custom_attributes":""},"_margin":{"unit":"px","top":"85","right":"0","bottom":"0","left":"0","isLinked":false},"ep_widget_cf_colors":"#D30C5C, #0EBCDC, #EAED41, #ED5A78, #DF33DF","ep_notation_list":[{"_id":"92e5cf3","ep_notation_bracket_on":"left,right"}],"ep_sound_effects_element_selector":"my-header","element_pack_widget_tooltip_text":"This is Tooltip","ep_display_conditions":[],"ep_parallax_effects_transition_for":"all","ep_parallax_effects_transition_duration":"100","ep_parallax_effects_transition_easing":"linear","element_pack_widget_effect_transition_duration":"300","element_pack_widget_effect_transition_easing":"ease-out","element_pack_cursor_effects_image_src":{"id":51149,"url":"https:\/\/postkit.pro\/wp-content\/uploads\/2023\/08\/placeholder-31.png"},"ep_sound_effects_hosted_url":{"id":"","url":"https:\/\/postkit.pro\/wp-content\/plugins\/elementor\/assets\/images\/placeholder.png"}},"elements":[],"isInner":false,"widgetType":"image","elType":"widget"},{"id":"29b3f505","settings":{"title":"VR Model","align":"center","title_color":"#1C192C","typography_typography":"custom","typography_font_family":"Roboto","typography_font_size":{"unit":"px","size":20,"sizes":[]},"typography_font_size_tablet":{"unit":"px","size":16,"sizes":[]},"typography_font_weight":"600","ep_widget_cf_colors":"#D30C5C, #0EBCDC, #EAED41, #ED5A78, #DF33DF","ep_notation_list":[{"_id":"04b6e96","ep_notation_bracket_on":"left,right"}],"ep_sound_effects_element_selector":"my-header","element_pack_widget_tooltip_text":"This is Tooltip","ep_display_conditions":[],"ep_parallax_effects_transition_for":"all","ep_parallax_effects_transition_duration":"100","ep_parallax_effects_transition_easing":"linear","element_pack_widget_effect_transition_duration":"300","element_pack_widget_effect_transition_easing":"ease-out","typography_font_size_mobile":{"unit":"px","size":20,"sizes":[]},"element_pack_cursor_effects_image_src":{"id":51150,"url":"https:\/\/postkit.pro\/wp-content\/uploads\/2023\/08\/placeholder-32.png"},"ep_sound_effects_hosted_url":{"id":"","url":"https:\/\/postkit.pro\/wp-content\/plugins\/elementor\/assets\/images\/placeholder.png"}},"elements":[],"isInner":false,"widgetType":"heading","elType":"widget"},{"id":"1763cbf","settings":{"title":"Price : $45.00 \u2013 $50.00","align":"center","title_color":"#6D6D6D","typography_typography":"custom","typography_font_family":"Roboto","typography_font_size":{"unit":"px","size":14,"sizes":[]},"typography_font_size_tablet":{"unit":"px","size":14,"sizes":[]},"typography_font_weight":"500","ep_widget_cf_colors":"#D30C5C, #0EBCDC, #EAED41, #ED5A78, #DF33DF","ep_notation_list":[{"_id":"04b6e96","ep_notation_bracket_on":"left,right"}],"ep_sound_effects_element_selector":"my-header","element_pack_widget_tooltip_text":"This is Tooltip","ep_display_conditions":[],"ep_parallax_effects_transition_for":"all","ep_parallax_effects_transition_duration":"100","ep_parallax_effects_transition_easing":"linear","element_pack_widget_effect_transition_duration":"300","element_pack_widget_effect_transition_easing":"ease-out","typography_font_size_mobile":{"unit":"px","size":13,"sizes":[]},"element_pack_cursor_effects_image_src":{"id":51151,"url":"https:\/\/postkit.pro\/wp-content\/uploads\/2023\/08\/placeholder-33.png"},"ep_sound_effects_hosted_url":{"id":"","url":"https:\/\/postkit.pro\/wp-content\/plugins\/elementor\/assets\/images\/placeholder.png"}},"elements":[],"isInner":false,"widgetType":"heading","elType":"widget"}],"isInner":true,"elType":"container"},{"id":"2b942ff7","settings":{"flex_direction":"column","content_width":"full","width":{"unit":"%","size":"25"},"element_pack_agbg_color_list":[{"_id":"80de898"},{"start_color":"#567445","end_color":"#1D1BE0","_id":"4df63c5"}],"upk_mc_item_list":[],"ep_widget_cf_colors":"#D30C5C, #0EBCDC, #EAED41, #ED5A78, #DF33DF","section_parallax_elements":[],"element_pack_tile_scroll_elements":[],"ep_display_conditions":[]},"elements":[{"id":"7f89f7f7","settings":{"image":{"id":42658,"url":"http:\/\/sohan-test-website-vxfgpk.flywp.xyz\/wp-content\/uploads\/2025\/09\/Output-29-1.webp"},"image_size":"full","link_to":"custom","link":{"url":"#","is_external":"","nofollow":"","custom_attributes":""},"_margin":{"unit":"px","top":"85","right":"0","bottom":"0","left":"0","isLinked":false},"ep_widget_cf_colors":"#D30C5C, #0EBCDC, #EAED41, #ED5A78, #DF33DF","ep_notation_list":[{"_id":"92e5cf3","ep_notation_bracket_on":"left,right"}],"ep_sound_effects_element_selector":"my-header","element_pack_widget_tooltip_text":"This is Tooltip","ep_display_conditions":[],"ep_parallax_effects_transition_for":"all","ep_parallax_effects_transition_duration":"100","ep_parallax_effects_transition_easing":"linear","element_pack_widget_effect_transition_duration":"300","element_pack_widget_effect_transition_easing":"ease-out","element_pack_cursor_effects_image_src":{"id":51152,"url":"https:\/\/postkit.pro\/wp-content\/uploads\/2023\/08\/placeholder-34.png"},"ep_sound_effects_hosted_url":{"id":"","url":"https:\/\/postkit.pro\/wp-content\/plugins\/elementor\/assets\/images\/placeholder.png"}},"elements":[],"isInner":false,"widgetType":"image","elType":"widget"},{"id":"130f7d0d","settings":{"title":"Luggage Summer Travel","align":"center","title_color":"#1C192C","typography_typography":"custom","typography_font_family":"Roboto","typography_font_size":{"unit":"px","size":20,"sizes":[]},"typography_font_size_tablet":{"unit":"px","size":16,"sizes":[]},"typography_font_weight":"600","ep_widget_cf_colors":"#D30C5C, #0EBCDC, #EAED41, #ED5A78, #DF33DF","ep_notation_list":[{"_id":"04b6e96","ep_notation_bracket_on":"left,right"}],"ep_sound_effects_element_selector":"my-header","element_pack_widget_tooltip_text":"This is Tooltip","ep_display_conditions":[],"ep_parallax_effects_transition_for":"all","ep_parallax_effects_transition_duration":"100","ep_parallax_effects_transition_easing":"linear","element_pack_widget_effect_transition_duration":"300","element_pack_widget_effect_transition_easing":"ease-out","typography_font_size_mobile":{"unit":"px","size":20,"sizes":[]},"element_pack_cursor_effects_image_src":{"id":51153,"url":"https:\/\/postkit.pro\/wp-content\/uploads\/2023\/08\/placeholder-35.png"},"ep_sound_effects_hosted_url":{"id":"","url":"https:\/\/postkit.pro\/wp-content\/plugins\/elementor\/assets\/images\/placeholder.png"}},"elements":[],"isInner":false,"widgetType":"heading","elType":"widget"},{"id":"32a9703c","settings":{"title":"Price : $38.00 \u2013 $48.00","align":"center","title_color":"#6D6D6D","typography_typography":"custom","typography_font_family":"Roboto","typography_font_size":{"unit":"px","size":14,"sizes":[]},"typography_font_size_tablet":{"unit":"px","size":14,"sizes":[]},"typography_font_weight":"500","ep_widget_cf_colors":"#D30C5C, #0EBCDC, #EAED41, #ED5A78, #DF33DF","ep_notation_list":[{"_id":"04b6e96","ep_notation_bracket_on":"left,right"}],"ep_sound_effects_element_selector":"my-header","element_pack_widget_tooltip_text":"This is Tooltip","ep_display_conditions":[],"ep_parallax_effects_transition_for":"all","ep_parallax_effects_transition_duration":"100","ep_parallax_effects_transition_easing":"linear","element_pack_widget_effect_transition_duration":"300","element_pack_widget_effect_transition_easing":"ease-out","typography_font_size_mobile":{"unit":"px","size":13,"sizes":[]},"element_pack_cursor_effects_image_src":{"id":51154,"url":"https:\/\/postkit.pro\/wp-content\/uploads\/2023\/08\/placeholder-36.png"},"ep_sound_effects_hosted_url":{"id":"","url":"https:\/\/postkit.pro\/wp-content\/plugins\/elementor\/assets\/images\/placeholder.png"}},"elements":[],"isInner":false,"widgetType":"heading","elType":"widget"}],"isInner":true,"elType":"container"}],"isInner":false,"elType":"container"},{"id":"1116bae8","settings":{"flex_direction":"row","flex_gap":{"unit":"px","size":0,"column":"0","row":"0","isLinked":true},"element_pack_agbg_color_list":[{"_id":"49ab3c2"},{"start_color":"#567445","end_color":"#1D1BE0","_id":"e879498"}],"upk_mc_item_list":[],"padding":{"unit":"px","top":"100","right":"30","bottom":"50","left":"30","isLinked":false},"padding_tablet":{"unit":"px","top":"80","right":"0","bottom":"80","left":"0","isLinked":false},"ep_widget_cf_colors":"#D30C5C, #0EBCDC, #EAED41, #ED5A78, #DF33DF","section_parallax_elements":[],"element_pack_tile_scroll_elements":[],"ep_display_conditions":[],"background_background":"classic","padding_mobile":{"unit":"px","top":"50","right":"15","bottom":"50","left":"15","isLinked":false},"background_image":{"id":"42396","url":"http:\/\/sohan-test-website-vxfgpk.flywp.xyz\/wp-content\/uploads\/2025\/09\/background-2-1.jpg"},"background_position":"center center","background_repeat":"no-repeat","background_size":"cover","width_mobile":{"unit":"%","size":"","sizes":[]},"flex_direction_tablet":"row","flex_wrap_tablet":"wrap"},"elements":[{"id":"58493c88","settings":{"flex_direction":"column","content_width":"full","width":{"unit":"%","size":"25"},"element_pack_agbg_color_list":[{"_id":"51ae8da"},{"start_color":"#567445","end_color":"#1D1BE0","_id":"c0fac9f"}],"upk_mc_item_list":[],"ep_widget_cf_colors":"#D30C5C, #0EBCDC, #EAED41, #ED5A78, #DF33DF","section_parallax_elements":[],"element_pack_tile_scroll_elements":[],"ep_display_conditions":[],"padding":{"unit":"px","top":"0","right":"30","bottom":"0","left":"0","isLinked":false},"padding_tablet":{"unit":"px","top":"0","right":"20","bottom":"0","left":"20","isLinked":false},"padding_mobile":{"unit":"px","top":"0","right":"0","bottom":"0","left":"12","isLinked":false},"width_mobile":{"unit":"%","size":"","sizes":[]},"width_tablet":{"unit":"%","size":50,"sizes":[]}},"elements":[{"id":"56cfbc07","settings":{"image":{"id":42659,"url":"http:\/\/sohan-test-website-vxfgpk.flywp.xyz\/wp-content\/uploads\/2025\/09\/travel_logo4.svg"},"image_size":"full","align":"left","width":{"unit":"%","size":60,"sizes":[]},"ep_widget_cf_colors":"#D30C5C, #0EBCDC, #EAED41, #ED5A78, #DF33DF","ep_notation_list":[{"_id":"8c0ebd3","ep_notation_bracket_on":"left,right"}],"ep_sound_effects_element_selector":"my-header","element_pack_widget_tooltip_text":"This is Tooltip","ep_display_conditions":[],"ep_parallax_effects_transition_for":"all","ep_parallax_effects_transition_duration":"100","ep_parallax_effects_transition_easing":"linear","element_pack_widget_effect_transition_duration":"300","element_pack_widget_effect_transition_easing":"ease-out","width_tablet":{"unit":"%","size":70,"sizes":[]},"width_mobile":{"unit":"%","size":50,"sizes":[]},"link_to":"custom","link":{"url":"http:\/\/localhost\/post-kit\/gamegeek\/","is_external":"","nofollow":"","custom_attributes":""},"element_pack_cursor_effects_image_src":{"id":51155,"url":"https:\/\/postkit.pro\/wp-content\/uploads\/2023\/08\/placeholder-37.png"},"ep_sound_effects_hosted_url":{"id":"","url":"https:\/\/postkit.pro\/wp-content\/plugins\/elementor\/assets\/images\/placeholder.png"}},"elements":[],"isInner":false,"widgetType":"image","elType":"widget"},{"id":"2fc6e729","settings":{"text_color":"#B9B9B9","typography_typography":"custom","typography_font_family":"Open Sans","typography_font_size":{"unit":"px","size":15,"sizes":[]},"typography_font_size_tablet":{"unit":"px","size":13,"sizes":[]},"typography_font_weight":"400","typography_line_height":{"unit":"rem","size":1.8,"sizes":[]},"typography_line_height_tablet":{"unit":"rem","size":"","sizes":[]},"typography_line_height_mobile":{"unit":"rem","size":"","sizes":[]},"ep_widget_cf_colors":"#D30C5C, #0EBCDC, #EAED41, #ED5A78, #DF33DF","ep_notation_list":[{"_id":"c0cc122","ep_notation_bracket_on":"left,right"}],"ep_sound_effects_element_selector":"my-header","element_pack_widget_tooltip_text":"This is Tooltip","ep_display_conditions":[],"ep_parallax_effects_transition_for":"all","ep_parallax_effects_transition_duration":"100","ep_parallax_effects_transition_easing":"linear","element_pack_widget_effect_transition_duration":"300","element_pack_widget_effect_transition_easing":"ease-out","element_pack_cursor_effects_image_src":{"id":51156,"url":"https:\/\/postkit.pro\/wp-content\/uploads\/2023\/08\/placeholder-38.png"},"ep_sound_effects_hosted_url":{"id":"","url":"https:\/\/postkit.pro\/wp-content\/plugins\/elementor\/assets\/images\/placeholder.png"},"editor":"<p>Discover the beauty of Bangladesh from serene rivers and lush green hills to heritage sites and vibrant culture, Travel BD is your guide to unforgettable journeys<\/p>"},"elements":[],"isInner":false,"widgetType":"text-editor","elType":"widget"},{"id":"41be3c65","settings":{"editor":"<p>Copyright \u00a9 2023\u00a0<span style=\"color: #fce300;\"><a style=\"color: #fce300;\" href=\"https:\/\/bdthemes.com\/\" target=\"_blank\" rel=\"noopener\"><strong>BdThemes<\/strong><\/a>.<\/span> All Rights Reserved.<\/p>","text_color":"#DADADA","typography_typography":"custom","typography_font_family":"Roboto","typography_font_size":{"unit":"px","size":15,"sizes":[]},"typography_font_weight":"400","ep_widget_cf_colors":"#D30C5C, #0EBCDC, #EAED41, #ED5A78, #DF33DF","ep_notation_list":[{"_id":"7ff52c1","ep_notation_bracket_on":"left,right"}],"ep_sound_effects_element_selector":"my-header","element_pack_widget_tooltip_text":"This is Tooltip","ep_display_conditions":[],"ep_parallax_effects_transition_for":"all","ep_parallax_effects_transition_duration":"100","ep_parallax_effects_transition_easing":"linear","element_pack_widget_effect_transition_duration":"300","element_pack_widget_effect_transition_easing":"ease-out","typography_font_size_tablet":{"unit":"px","size":11,"sizes":[]},"typography_font_size_mobile":{"unit":"px","size":12,"sizes":[]},"typography_line_height_tablet":{"unit":"em","size":2,"sizes":[]},"element_pack_cursor_effects_image_src":{"id":51157,"url":"https:\/\/postkit.pro\/wp-content\/uploads\/2023\/08\/placeholder-39.png"},"ep_sound_effects_hosted_url":{"id":"","url":"https:\/\/postkit.pro\/wp-content\/plugins\/elementor\/assets\/images\/placeholder.png"},"hide_mobile":"hidden-mobile"},"elements":[],"isInner":false,"widgetType":"text-editor","elType":"widget"}],"isInner":true,"elType":"container"},{"id":"394368b6","settings":{"flex_direction":"column","content_width":"full","width":{"unit":"%","size":"25"},"element_pack_agbg_color_list":[{"_id":"faf62ef"},{"start_color":"#567445","end_color":"#1D1BE0","_id":"a7b2003"}],"upk_mc_item_list":[],"ep_widget_cf_colors":"#D30C5C, #0EBCDC, #EAED41, #ED5A78, #DF33DF","section_parallax_elements":[],"element_pack_tile_scroll_elements":[],"ep_display_conditions":[],"margin_tablet":{"unit":"px","top":"0","right":"0","bottom":"0","left":"10","isLinked":false},"margin_mobile":{"unit":"px","top":"0","right":"0","bottom":"0","left":"0","isLinked":false},"width_mobile":{"unit":"%","size":"","sizes":[]},"flex_align_items_tablet":"flex-start","width_tablet":{"unit":"%","size":48,"sizes":[]}},"elements":[{"id":"6d99a0e4","settings":{"title":"USEFUL LINKS","title_color":"#FFFFFF","typography_typography":"custom","typography_font_family":"Roboto","typography_font_size":{"unit":"px","size":20,"sizes":[]},"typography_font_size_tablet":{"unit":"px","size":18,"sizes":[]},"typography_font_weight":"500","ep_widget_cf_colors":"#D30C5C, #0EBCDC, #EAED41, #ED5A78, #DF33DF","ep_notation_list":[{"_id":"16f1069","ep_notation_bracket_on":"left,right"}],"ep_sound_effects_element_selector":"my-header","element_pack_widget_tooltip_text":"This is Tooltip","ep_display_conditions":[],"ep_parallax_effects_transition_for":"all","ep_parallax_effects_transition_duration":"100","ep_parallax_effects_transition_easing":"linear","element_pack_widget_effect_transition_duration":"300","element_pack_widget_effect_transition_easing":"ease-out","element_pack_cursor_effects_image_src":{"id":51158,"url":"https:\/\/postkit.pro\/wp-content\/uploads\/2023\/08\/placeholder-40.png"},"ep_sound_effects_hosted_url":{"id":"","url":"https:\/\/postkit.pro\/wp-content\/plugins\/elementor\/assets\/images\/placeholder.png"}},"elements":[],"isInner":false,"widgetType":"heading","elType":"widget"},{"id":"2103cd6b","settings":{"icon_list":[{"text":"Home","selected_icon":{"value":"","library":""},"_id":"b4597ad","link":{"url":"#","is_external":"","nofollow":"","custom_attributes":""}},{"text":"About","selected_icon":{"value":"","library":""},"link":{"url":"#","is_external":"","nofollow":"","custom_attributes":""},"_id":"07d9b02"},{"text":"Resources","selected_icon":{"value":"","library":""},"link":{"url":"#","is_external":"","nofollow":"","custom_attributes":""},"_id":"adddc77"},{"text":"Features","selected_icon":{"value":"","library":""},"link":{"url":"#","is_external":"","nofollow":"","custom_attributes":""},"_id":"263e0f1"},{"text":"Services","selected_icon":{"value":"","library":""},"link":{"url":"#","is_external":"","nofollow":"","custom_attributes":""},"_id":"a3c5dc5"}],"space_between":{"unit":"px","size":15,"sizes":[]},"icon_typography_typography":"custom","icon_typography_font_family":"Roboto","icon_typography_font_size":{"unit":"px","size":16,"sizes":[]},"icon_typography_font_weight":"300","text_color":"#FFFFFF","text_color_hover":"#FCE300","ep_display_conditions":[],"ep_parallax_effects_transition_for":"all","ep_parallax_effects_transition_duration":"100","ep_parallax_effects_transition_easing":"linear"},"elements":[],"isInner":false,"widgetType":"icon-list","elType":"widget"}],"isInner":true,"elType":"container"},{"id":"68766f4d","settings":{"flex_direction":"column","content_width":"full","width":{"unit":"%","size":"25"},"element_pack_agbg_color_list":[{"_id":"7063b0e"},{"start_color":"#567445","end_color":"#1D1BE0","_id":"14c8998"}],"upk_mc_item_list":[],"ep_widget_cf_colors":"#D30C5C, #0EBCDC, #EAED41, #ED5A78, #DF33DF","section_parallax_elements":[],"element_pack_tile_scroll_elements":[],"ep_display_conditions":[],"margin_mobile":{"unit":"px","top":"25","right":"0","bottom":"0","left":"0","isLinked":false},"width_mobile":{"unit":"%","size":"","sizes":[]},"width_tablet":{"unit":"%","size":48,"sizes":[]}},"elements":[{"id":"e570ae5","settings":{"title":"Additional Links","title_color":"#FFFFFF","typography_typography":"custom","typography_font_family":"Roboto","typography_font_size":{"unit":"px","size":20,"sizes":[]},"typography_font_size_tablet":{"unit":"px","size":18,"sizes":[]},"typography_font_weight":"500","ep_widget_cf_colors":"#D30C5C, #0EBCDC, #EAED41, #ED5A78, #DF33DF","ep_notation_list":[{"_id":"16f1069","ep_notation_bracket_on":"left,right"}],"ep_sound_effects_element_selector":"my-header","element_pack_widget_tooltip_text":"This is Tooltip","ep_display_conditions":[],"ep_parallax_effects_transition_for":"all","ep_parallax_effects_transition_duration":"100","ep_parallax_effects_transition_easing":"linear","element_pack_widget_effect_transition_duration":"300","element_pack_widget_effect_transition_easing":"ease-out","element_pack_cursor_effects_image_src":{"id":51160,"url":"https:\/\/postkit.pro\/wp-content\/uploads\/2023\/08\/placeholder-42.png"},"ep_sound_effects_hosted_url":{"id":"","url":"https:\/\/postkit.pro\/wp-content\/plugins\/elementor\/assets\/images\/placeholder.png"}},"elements":[],"isInner":false,"widgetType":"heading","elType":"widget"},{"id":"5a0538d2","settings":{"icon_list":[{"text":"About us","selected_icon":{"value":"","library":""},"link":{"url":"#","is_external":"","nofollow":"","custom_attributes":""},"_id":"7fc3b9c"},{"text":"Submit a News Tip","selected_icon":{"value":"","library":""},"link":{"url":"#","is_external":"","nofollow":"","custom_attributes":""},"_id":"17239db"},{"text":"Gallery","selected_icon":{"value":"","library":""},"link":{"url":"#","is_external":"","nofollow":"","custom_attributes":""},"_id":"35d6028"},{"text":"Portfolio","selected_icon":{"value":"","library":""},"link":{"url":"#","is_external":"","nofollow":"","custom_attributes":""},"_id":"fe8023b"},{"text":"Contacts","selected_icon":{"value":"","library":""},"link":{"url":"#","is_external":"","nofollow":"","custom_attributes":""},"_id":"128767b"}],"space_between":{"unit":"px","size":15,"sizes":[]},"icon_typography_typography":"custom","icon_typography_font_family":"Roboto","icon_typography_font_size":{"unit":"px","size":16,"sizes":[]},"icon_typography_font_weight":"300","text_color":"#FFFFFF","text_color_hover":"#FCE300","ep_display_conditions":[],"ep_parallax_effects_transition_for":"all","ep_parallax_effects_transition_duration":"100","ep_parallax_effects_transition_easing":"linear"},"elements":[],"isInner":false,"widgetType":"icon-list","elType":"widget"}],"isInner":true,"elType":"container"},{"id":"4233c5f3","settings":{"flex_direction":"column","content_width":"full","width":{"unit":"%","size":"25"},"element_pack_agbg_color_list":[{"_id":"524bcfb"},{"start_color":"#567445","end_color":"#1D1BE0","_id":"66fb675"}],"upk_mc_item_list":[],"ep_widget_cf_colors":"#D30C5C, #0EBCDC, #EAED41, #ED5A78, #DF33DF","section_parallax_elements":[],"element_pack_tile_scroll_elements":[],"ep_display_conditions":[],"margin_mobile":{"unit":"px","top":"25","right":"0","bottom":"0","left":"0","isLinked":false},"width_mobile":{"unit":"%","size":"","sizes":[]},"width_tablet":{"unit":"%","size":48,"sizes":[]}},"elements":[{"id":"bb0f908","settings":{"title":"SUBSCRIBE NOW","title_color":"#FFFFFF","typography_typography":"custom","typography_font_family":"Roboto","typography_font_size":{"unit":"px","size":20,"sizes":[]},"typography_font_size_tablet":{"unit":"px","size":18,"sizes":[]},"typography_font_weight":"500","ep_widget_cf_colors":"#D30C5C, #0EBCDC, #EAED41, #ED5A78, #DF33DF","ep_notation_list":[{"_id":"16f1069","ep_notation_bracket_on":"left,right"}],"ep_sound_effects_element_selector":"my-header","element_pack_widget_tooltip_text":"This is Tooltip","ep_display_conditions":[],"ep_parallax_effects_transition_for":"all","ep_parallax_effects_transition_duration":"100","ep_parallax_effects_transition_easing":"linear","element_pack_widget_effect_transition_duration":"300","element_pack_widget_effect_transition_easing":"ease-out","element_pack_cursor_effects_image_src":{"id":51162,"url":"https:\/\/postkit.pro\/wp-content\/uploads\/2023\/08\/placeholder-44.png"},"ep_sound_effects_hosted_url":{"id":"","url":"https:\/\/postkit.pro\/wp-content\/plugins\/elementor\/assets\/images\/placeholder.png"}},"elements":[],"isInner":false,"widgetType":"heading","elType":"widget"},{"id":"60e37169","settings":{"editor":"<p>Subscribe to our mailing list to receives daily updates direct to your inbox!<\/p>","text_color":"#B9B9B9","typography_typography":"custom","typography_font_family":"Open Sans","typography_font_size":{"unit":"px","size":15,"sizes":[]},"typography_font_size_tablet":{"unit":"px","size":13,"sizes":[]},"typography_font_weight":"400","typography_line_height":{"unit":"rem","size":1.8,"sizes":[]},"typography_line_height_tablet":{"unit":"rem","size":"","sizes":[]},"typography_line_height_mobile":{"unit":"rem","size":"","sizes":[]},"ep_widget_cf_colors":"#D30C5C, #0EBCDC, #EAED41, #ED5A78, #DF33DF","ep_notation_list":[{"_id":"c0cc122","ep_notation_bracket_on":"left,right"}],"ep_sound_effects_element_selector":"my-header","element_pack_widget_tooltip_text":"This is Tooltip","ep_display_conditions":[],"ep_parallax_effects_transition_for":"all","ep_parallax_effects_transition_duration":"100","ep_parallax_effects_transition_easing":"linear","element_pack_widget_effect_transition_duration":"300","element_pack_widget_effect_transition_easing":"ease-out","element_pack_cursor_effects_image_src":{"id":51163,"url":"https:\/\/postkit.pro\/wp-content\/uploads\/2023\/08\/placeholder-45.png"},"ep_sound_effects_hosted_url":{"id":"","url":"https:\/\/postkit.pro\/wp-content\/plugins\/elementor\/assets\/images\/placeholder.png"}},"elements":[],"isInner":false,"widgetType":"text-editor","elType":"widget"},{"id":"6c8ed13a","settings":{"social_icon_list":[{"social_icon":{"value":"fab fa-facebook","library":"fa-brands"},"_id":"ceda782"},{"social_icon":{"value":"fab fa-twitter","library":"fa-brands"},"_id":"b031f32"},{"social_icon":{"value":"fab fa-youtube","library":"fa-brands"},"_id":"140c16d"},{"_id":"0df58c5","social_icon":{"value":"fab fa-instagram","library":"fa-brands"},"item_icon_color":"custom","item_icon_primary_color":"#D14A6A"}],"shape":"circle","align":"left","icon_size":{"unit":"px","size":12,"sizes":[]},"icon_padding":{"unit":"em","size":1,"sizes":[]},"icon_spacing":{"unit":"px","size":10,"sizes":[]},"_padding":{"unit":"px","top":"10","right":"0","bottom":"0","left":"0","isLinked":false},"ep_widget_cf_colors":"#D30C5C, #0EBCDC, #EAED41, #ED5A78, #DF33DF","ep_notation_list":[{"_id":"add85e1","ep_notation_bracket_on":"left,right"}],"ep_sound_effects_element_selector":"my-header","element_pack_widget_tooltip_text":"This is Tooltip","ep_display_conditions":[],"ep_parallax_effects_transition_for":"all","ep_parallax_effects_transition_duration":"100","ep_parallax_effects_transition_easing":"linear","element_pack_widget_effect_transition_duration":"300","element_pack_widget_effect_transition_easing":"ease-out","columns":"4","icon_size_mobile":{"unit":"px","size":10,"sizes":[]},"element_pack_cursor_effects_image_src":{"id":51165,"url":"https:\/\/postkit.pro\/wp-content\/uploads\/2023\/08\/placeholder-47.png"},"ep_sound_effects_hosted_url":{"id":"","url":"https:\/\/postkit.pro\/wp-content\/plugins\/elementor\/assets\/images\/placeholder.png"}},"elements":[],"isInner":false,"widgetType":"social-icons","elType":"widget"}],"isInner":true,"elType":"container"}],"isInner":false,"elType":"container"}],"settings":{"template":"elementor_canvas","ep_grid_line_columns":""},"metadata":[]}