{"content":[{"id":"5cdd104d","settings":{"padding":{"unit":"px","top":"0","right":"0","bottom":"0","left":"0","isLinked":false},"padding_tablet":{"unit":"px","top":"15","right":"30","bottom":"0","left":"30","isLinked":false},"padding_mobile":{"unit":"px","top":"15","right":"15","bottom":"15","left":"15","isLinked":false},"boxed_width":{"unit":"px","size":1600,"sizes":[]},"upk_mc_item_list":[],"section_parallax_elements":[],"ep_display_conditions":[],"ep_parallax_effects_transition_for":"all","ep_parallax_effects_transition_duration":"100","ep_parallax_effects_transition_easing":"linear","flex_direction":"column","flex_align_items":"stretch","flex_gap":{"size":10,"column":"10","row":"10","unit":"px","isLinked":true},"_title":"Menu","margin":{"unit":"px","top":"0","right":"0","bottom":"30","left":"0","isLinked":false},"background_background":"classic","background_color":"#3B2526"},"elements":[{"id":"3d02eac6","settings":{"content_width":"full","flex_direction":"row","flex_justify_content":"space-between","flex_align_items":"center","background_background":"classic","background_color":"#3B2526","upk_mc_item_list":[],"border_radius":{"unit":"px","top":"3","right":"3","bottom":"3","left":"3","isLinked":true},"padding":{"unit":"px","top":"15","right":"15","bottom":"15","left":"15","isLinked":true},"section_parallax_elements":[],"ep_display_conditions":[]},"elements":[{"id":"3b7f586a","settings":{"image":{"id":42707,"url":"http:\/\/sohan-test-website-vxfgpk.flywp.xyz\/wp-content\/uploads\/2025\/09\/Newsly-\u2013-Quick-bites.-Big-stories.png"},"align":"left","width":{"unit":"%","size":75,"sizes":[]},"width_mobile":{"unit":"%","size":60,"sizes":[]},"ep_display_conditions":[],"ep_parallax_effects_transition_for":"all","ep_parallax_effects_transition_duration":"100","ep_parallax_effects_transition_easing":"linear"},"elements":[],"isInner":false,"widgetType":"image","elType":"widget"},{"id":"4675ba3b","settings":{"view":"inline","icon_list":[{"text":"Home","selected_icon":{"value":"","library":""},"_id":"219cb13"},{"text":"Features","selected_icon":{"value":"","library":""},"_id":"395199c"},{"text":"Categories","selected_icon":{"value":"","library":""},"_id":"53260c2"},{"text":"Menu","selected_icon":{"value":"","library":""},"_id":"98c787e"},{"text":"Contact","selected_icon":{"value":"","library":""},"_id":"3ea0e7e"}],"space_between":{"unit":"px","size":40,"sizes":[]},"space_between_tablet":{"unit":"px","size":20,"sizes":[]},"icon_typography_typography":"custom","icon_typography_font_family":"Red Hat Display","icon_typography_font_size":{"unit":"px","size":16,"sizes":[]},"icon_typography_font_weight":"600","icon_typography_line_height":{"unit":"em","size":1,"sizes":[]},"text_color":"#FFFFFF","ep_display_conditions":[],"ep_parallax_effects_transition_for":"all","ep_parallax_effects_transition_duration":"100","ep_parallax_effects_transition_easing":"linear","hide_mobile":"hidden-mobile"},"elements":[],"isInner":false,"widgetType":"icon-list","elType":"widget"},{"id":"7ac192f4","settings":{"view":"inline","icon_list":[{"text":"","selected_icon":{"value":"fas fa-search","library":"fa-solid"},"_id":"3ea0e7e"},{"text":"","selected_icon":{"value":"fas fa-user-tie","library":"fa-solid"},"_id":"e3d6675"},{"text":"","selected_icon":{"value":"fas fa-shopping-basket","library":"fa-solid"},"_id":"e62f300"}],"space_between":{"unit":"px","size":15,"sizes":[]},"icon_color":"#FFFFFF","icon_size":{"unit":"px","size":20,"sizes":[]},"ep_display_conditions":[],"ep_parallax_effects_transition_for":"all","ep_parallax_effects_transition_duration":"100","ep_parallax_effects_transition_easing":"linear","hide_tablet":"hidden-tablet","hide_mobile":"hidden-mobile"},"elements":[],"isInner":false,"widgetType":"icon-list","elType":"widget"},{"id":"7937f184","settings":{"selected_icon":{"value":"fas fa-bars","library":"fa-solid"},"primary_color":"#FFFFFF","size":{"unit":"px","size":24,"sizes":[]},"ep_display_conditions":[],"ep_parallax_effects_transition_for":"all","ep_parallax_effects_transition_duration":"100","ep_parallax_effects_transition_easing":"linear","hide_desktop":"hidden-desktop","hide_tablet":"hidden-tablet"},"elements":[],"isInner":false,"widgetType":"icon","elType":"widget"}],"isInner":true,"elType":"container"}],"isInner":false,"elType":"container"},{"id":"1453b7de","settings":{"boxed_width":{"unit":"px","size":1200,"sizes":[]},"structure":"20","padding_tablet":{"unit":"px","top":"30","right":"30","bottom":"0","left":"30","isLinked":false},"padding_mobile":{"unit":"px","top":"0","right":"15","bottom":"0","left":"15","isLinked":false},"padding":{"unit":"px","top":"0","right":"0","bottom":"120","left":"0","isLinked":false},"upk_mc_item_list":[],"section_parallax_elements":[],"ep_display_conditions":[],"ep_parallax_effects_transition_for":"all","ep_parallax_effects_transition_duration":"100","ep_parallax_effects_transition_easing":"linear","flex_direction":"row","flex_align_items":"stretch","flex_gap":{"size":10,"column":"10","row":"10","unit":"px","isLinked":true},"flex_gap_tablet":{"column":"30","row":"30","isLinked":true,"unit":"px","size":30},"_title":"Hero"},"elements":[{"id":"5d42ad1","settings":{"columns":"1","column_gap":{"unit":"px","size":0,"sizes":[]},"default_image_height":{"unit":"px","size":550,"sizes":[]},"primary_thumbnail_size":"full","item_limit":{"unit":"px","size":1,"sizes":[]},"posts_include_by":["terms"],"posts_include_term_ids":["92"],"content_padding":{"unit":"px","top":"40","right":"60","bottom":"0","left":"60","isLinked":false},"itam_background_background":"classic","title_color":"#000000","title_hover_color":"#8134AF","title_typography_typography":"custom","title_typography_font_family":"Red Hat Display","title_typography_font_size":{"unit":"px","size":28,"sizes":[]},"title_background_background":"classic","text_typography_typography":"custom","text_typography_font_family":"Red Hat Display","text_typography_font_size":{"unit":"px","size":16,"sizes":[]},"text_typography_font_weight":"500","author_border_radius":{"unit":"px","top":"0","right":"0","bottom":"0","left":"0","isLinked":true},"author_name_hover_color":"#8134AF","author_name_typography_typography":"custom","author_name_typography_font_family":"Red Hat Display","author_name_typography_font_size":{"unit":"px","size":16,"sizes":[]},"author_name_typography_font_weight":"500","author_name_typography_text_transform":"uppercase","author_role_typography_typography":"custom","author_role_typography_font_family":"Red Hat Display","author_role_typography_font_size":{"unit":"px","size":14,"sizes":[]},"author_role_typography_font_weight":"400","category_date_color":"#FFFFFF","category_date_typography_typography":"custom","category_date_typography_font_family":"Red Hat Display","category_date_typography_font_size":{"unit":"px","size":15,"sizes":[]},"category_background_background":"classic","category_border_radius":{"unit":"px","top":"0","right":"0","bottom":"0","left":"0","isLinked":false},"category_typography_typography":"custom","category_typography_font_family":"Red Hat Display","category_typography_font_size":{"unit":"px","size":12,"sizes":[]},"category_typography_font_weight":"500","category_hover_color":"#000000","category_hover_background_background":"classic","category_hover_background_color":"#FFBE0C","category_hover_border_color":"#FFBE0C","posts_post_type":"post","columns_tablet":"1","default_image_height_tablet":{"unit":"px","size":450,"sizes":[]},"default_image_height_mobile":{"unit":"px","size":250,"sizes":[]},"content_padding_mobile":{"unit":"px","top":"20","right":"10","bottom":"2","left":"0","isLinked":false},"title_typography_font_size_mobile":{"unit":"px","size":20,"sizes":[]},"text_typography_font_size_mobile":{"unit":"px","size":13,"sizes":[]},"author_name_typography_font_size_mobile":{"unit":"px","size":13,"sizes":[]},"author_role_typography_font_size_mobile":{"unit":"px","size":11,"sizes":[]},"upk_in_animation_transform_origin":"center top","meta_separator":"|","ep_display_conditions":[],"ep_parallax_effects_transition_for":"all","ep_parallax_effects_transition_duration":"100","ep_parallax_effects_transition_easing":"linear"},"elements":[],"isInner":false,"widgetType":"upk-elite-grid","elType":"widget"},{"id":"4ee705f7","settings":{"_column_size":50,"width":{"size":35,"unit":"%"},"width_tablet":{"size":81,"unit":"%"},"margin":{"unit":"px","top":"0","right":"0","bottom":"0","left":"30","isLinked":false},"margin_tablet":{"unit":"px","top":"0","right":"0","bottom":"0","left":"0","isLinked":true},"padding":{"unit":"px","top":"0","right":"0","bottom":"0","left":"0","isLinked":false},"padding_tablet":{"unit":"px","top":"0","right":"0","bottom":"0","left":"0","isLinked":false},"ep_parallax_effects_transition_for":"all","ep_parallax_effects_transition_duration":"100","ep_parallax_effects_transition_easing":"linear","content_width":"full","flex_justify_content_tablet":"flex-start","flex_gap_tablet":{"column":"20","row":"20","isLinked":true,"unit":"px","size":20},"upk_mc_item_list":[],"section_parallax_elements":[],"ep_display_conditions":[]},"elements":[{"id":"2dc82746","settings":{"title":"Most Popular Sports","title_color":"#000000","typography_typography":"custom","typography_font_family":"Red Hat Display","typography_font_size":{"unit":"px","size":28,"sizes":[]},"typography_font_weight":"600","_padding":{"unit":"px","top":"0","right":"0","bottom":"20","left":"0","isLinked":false},"_border_width":{"unit":"px","top":"0","right":"0","bottom":"1","left":"0","isLinked":false},"_border_color":"#DEDEDE","typography_font_size_mobile":{"unit":"px","size":24,"sizes":[]},"typography_letter_spacing":{"unit":"px","size":1.6,"sizes":[]},"ep_display_conditions":[],"ep_parallax_effects_transition_for":"all","ep_parallax_effects_transition_duration":"100","ep_parallax_effects_transition_easing":"linear","typography_font_size_tablet":{"unit":"px","size":24,"sizes":[]},"_padding_tablet":{"unit":"px","top":"0","right":"0","bottom":"0","left":"0","isLinked":false}},"elements":[],"isInner":false,"widgetType":"heading","elType":"widget"},{"id":"5b52b163","settings":{"style":"x_tribal","width":{"unit":"%","size":30,"sizes":[]},"text":"Divider","color":"#8134AF","pattern_height":{"unit":"px","size":15,"sizes":[]},"gap":{"unit":"px","size":0,"sizes":[]},"_margin":{"unit":"px","top":"-23","right":"0","bottom":"0","left":"0","isLinked":false},"ep_display_conditions":[],"ep_parallax_effects_transition_for":"all","ep_parallax_effects_transition_duration":"100","ep_parallax_effects_transition_easing":"linear","_margin_tablet":{"unit":"px","top":"0","right":"0","bottom":"0","left":"0","isLinked":false},"_margin_mobile":{"unit":"px","top":"0","right":"0","bottom":"0","left":"0","isLinked":false},"_padding_mobile":{"unit":"px","top":"0","right":"0","bottom":"0","left":"0","isLinked":false},"hide_tablet":"hidden-tablet"},"elements":[],"isInner":false,"widgetType":"divider","elType":"widget"},{"id":"4ec61d7f","settings":{"columns":"1","show_author":"","content_padding":{"unit":"px","top":"0","right":"0","bottom":"0","left":"15","isLinked":false},"item_border_radius":{"unit":"px","top":"0","right":"0","bottom":"0","left":"0","isLinked":false},"item_padding":{"unit":"px","top":"10","right":"0","bottom":"10","left":"0","isLinked":false},"item_image_border_radius":{"unit":"px","top":"0","right":"0","bottom":"0","left":"0","isLinked":false},"title_typography_typography":"custom","title_typography_font_family":"Red Hat Display","title_typography_font_size":{"unit":"px","size":16,"sizes":[]},"meta_typography_typography":"custom","meta_typography_font_family":"Red Hat Display","meta_typography_font_size":{"unit":"px","size":12,"sizes":[]},"meta_typography_font_size_tablet":{"unit":"px","size":13,"sizes":[]},"meta_spacing":{"unit":"px","size":0,"sizes":[]},"posts_include_by":["terms"],"posts_include_term_ids":["92"],"posts_exclude_by":["manual_selection"],"posts_exclude_ids":["12244"],"item_border_border":"solid","item_border_width":{"unit":"px","top":"0","right":"0","bottom":"1","left":"0","isLinked":false},"title_hover_color":"#8134AF","title_typography_font_weight":"600","meta_hover_color":"#8134AF","meta_typography_font_weight":"400","category_color":"#8134AF","category_border_width":{"unit":"px","top":"0","right":"0","bottom":"0","left":"0","isLinked":true},"category_padding":{"unit":"px","top":"0","right":"0","bottom":"0","left":"0","isLinked":false},"category_typography_typography":"custom","category_typography_font_family":"Red Hat Display","category_typography_font_size":{"unit":"px","size":13,"sizes":[]},"category_typography_font_weight":"500","category_hover_color":"#000000","_padding":{"unit":"px","top":"0","right":"0","bottom":"0","left":"0","isLinked":false},"primary_thumbnail_size":"full","content_padding_mobile":{"unit":"px","top":"0","right":"0","bottom":"0","left":"15","isLinked":false},"title_typography_font_size_mobile":{"unit":"px","size":15,"sizes":[]},"meta_color":"#959595","meta_typography_font_size_mobile":{"unit":"px","size":10,"sizes":[]},"category_typography_font_size_mobile":{"unit":"px","size":12,"sizes":[]},"_margin_mobile":{"unit":"px","top":"0","right":"0","bottom":"0","left":"0","isLinked":false},"_padding_mobile":{"unit":"px","top":"0","right":"0","bottom":"0","left":"0","isLinked":false},"item_border_color":"#8134AF21","item_limit":{"unit":"px","size":4,"sizes":[]},"posts_post_type":"post","upk_in_animation_transform_origin":"center top","meta_separator":".","ep_display_conditions":[],"ep_parallax_effects_transition_for":"all","ep_parallax_effects_transition_duration":"100","ep_parallax_effects_transition_easing":"linear"},"elements":[],"isInner":false,"widgetType":"upk-harold-list","elType":"widget"}],"isInner":true,"elType":"container"}],"isInner":false,"elType":"container"},{"id":"dfd3d5","settings":{"padding":{"unit":"px","top":"0","right":"30","bottom":"80","left":"30","isLinked":false},"padding_tablet":{"unit":"px","top":"80","right":"30","bottom":"80","left":"30","isLinked":false},"padding_mobile":{"unit":"px","top":"50","right":"15","bottom":"50","left":"15","isLinked":false},"boxed_width":{"unit":"px","size":1200,"sizes":[]},"background_color":"#F6F6F6","upk_mc_item_list":[],"section_parallax_elements":[],"ep_display_conditions":[],"ep_parallax_effects_transition_for":"all","ep_parallax_effects_transition_duration":"100","ep_parallax_effects_transition_easing":"linear","flex_direction":"row","flex_align_items":"stretch","flex_gap":{"size":10,"column":"10","row":"10","unit":"px","isLinked":true},"_title":"Carousel"},"elements":[{"id":"3433981c","settings":{"columns":"3","item_gap":{"unit":"px","size":35,"sizes":[]},"primary_thumbnail_size":"full","default_image_height":{"unit":"px","size":250,"sizes":[]},"posts_include_by":["terms"],"posts_include_term_ids":["92"],"arrows_position":"top-right","nav_arrows_icon":"6","hide_arrow_on_mobile":"","content_padding":{"unit":"px","top":"20","right":"0","bottom":"40","left":"0","isLinked":false},"content_padding_mobile":{"unit":"px","top":"20","right":"0","bottom":"2","left":"0","isLinked":false},"itam_background_background":"classic","itam_background_color":"#02010100","title_hover_color":"#8134AF","title_typography_typography":"custom","title_typography_font_family":"Red Hat Display","title_typography_font_size":{"unit":"px","size":24,"sizes":[]},"title_typography_font_size_mobile":{"unit":"px","size":20,"sizes":[]},"title_typography_font_weight":"600","title_typography_line_height":{"unit":"em","size":1.4,"sizes":[]},"text_color":"#8B8B8B","text_typography_typography":"custom","text_typography_font_family":"Open Sans","text_typography_font_size":{"unit":"px","size":15,"sizes":[]},"text_typography_font_weight":"400","text_margin":{"unit":"px","top":"0","right":"0","bottom":"0","left":"0","isLinked":false},"author_color":"#484848","date_divider_color":"#8134AF","author_typography_typography":"custom","author_typography_font_family":"Red Hat Display","author_typography_font_size":{"unit":"px","size":12,"sizes":[]},"author_typography_font_weight":"400","author_typography_text_transform":"uppercase","category_color":"#FFFFFF","category_border_radius":{"unit":"px","top":"3","right":"3","bottom":"3","left":"3","isLinked":true},"category_padding":{"unit":"px","top":"6","right":"12","bottom":"6","left":"12","isLinked":false},"category_margin":{"unit":"px","top":"0","right":"0","bottom":"30","left":"0","isLinked":false},"category_spacing_between":{"unit":"px","size":12,"sizes":[]},"category_typography_typography":"custom","category_typography_font_family":"Red Hat Display","category_typography_font_size":{"unit":"px","size":13,"sizes":[]},"category_typography_font_weight":"600","category_typography_text_transform":"uppercase","arrows_color":"#8134AF","arrows_background":"#FFFFFF","arrows_padding":{"unit":"px","top":"10","right":"15","bottom":"10","left":"15","isLinked":false},"arrows_padding_tablet":{"unit":"px","top":"12","right":"12","bottom":"12","left":"12","isLinked":true},"arrows_padding_mobile":{"unit":"px","top":"10","right":"10","bottom":"10","left":"10","isLinked":true},"arrows_size":{"unit":"px","size":20,"sizes":[]},"arrows_size_tablet":{"unit":"px","size":18,"sizes":[]},"arrows_size_mobile":{"unit":"px","size":18,"sizes":[]},"arrows_space":{"unit":"px","size":0,"sizes":[]},"arrows_hover_color":"#FFFFFF","arrows_hover_background":"#8134AF","arrows_ncx_position_tablet":{"unit":"px","size":-2,"sizes":[]},"arrows_ncy_position":{"unit":"px","size":10,"sizes":[]},"arrows_ncy_position_tablet":{"unit":"px","size":-140,"sizes":[]},"arrows_ncy_position_mobile":{"unit":"px","size":10,"sizes":[]},"show_excerpt":"","category_background_background":"classic","category_background_color":"#8134AF","category_hover_color":"#FFFFFF","category_hover_background_background":"classic","category_hover_background_color":"#000000","arrows_acx_position":{"unit":"px","size":0,"sizes":[]},"posts_post_type":"post","meta_separator":"|","readmore_text":"Read More","ep_display_conditions":[],"ep_parallax_effects_transition_for":"all","ep_parallax_effects_transition_duration":"100","ep_parallax_effects_transition_easing":"linear"},"elements":[],"isInner":false,"widgetType":"upk-alter-carousel","elType":"widget"}],"isInner":false,"elType":"container"},{"id":"6974e244","settings":{"boxed_width":{"unit":"px","size":1600,"sizes":[]},"structure":"20","background_background":"classic","background_color":"#000000","padding":{"unit":"px","top":"120","right":"30","bottom":"120","left":"30","isLinked":false},"padding_mobile":{"unit":"px","top":"50","right":"15","bottom":"50","left":"15","isLinked":false},"upk_mc_item_list":[],"section_parallax_elements":[],"ep_display_conditions":[],"ep_parallax_effects_transition_for":"all","ep_parallax_effects_transition_duration":"100","ep_parallax_effects_transition_easing":"linear","flex_direction":"row","flex_align_items":"stretch","flex_gap":{"size":30,"column":"30","row":"30","unit":"px","isLinked":true},"flex_direction_tablet":"column","flex_gap_mobile":{"column":"15","row":"15","isLinked":true,"unit":"px","size":15},"_title":"Author"},"elements":[{"id":"65ea26c8","settings":{"columns":"1","default_item_height":{"unit":"px","size":680,"sizes":[]},"content_style":"3","primary_thumbnail_size":"full","item_limit":{"unit":"px","size":3,"sizes":[]},"posts_include_by":["terms"],"posts_include_term_ids":["92"],"navigation":"dots","dots_position":"center-right","content_padding":{"unit":"px","top":"60","right":"60","bottom":"60","left":"60","isLinked":true},"title_color":"#FFFFFF","title_hover_color":"#FFFFFF","title_typography_typography":"custom","title_typography_font_family":"Red Hat Display","title_typography_font_size":{"unit":"px","size":48,"sizes":[]},"title_typography_font_weight":"800","title_advanced_style":"yes","title_background_background":"classic","title_background_color":"#000000","author_date_background_background":"classic","author_date_background_color":"#020101","author_color":"#FFFFFF","author_hover_color":"#8134AF","date_divider_color":"#FFFFFF","author_typography_typography":"custom","author_typography_font_family":"Red Hat Display","author_typography_font_size":{"unit":"px","size":13,"sizes":[]},"author_typography_font_weight":"500","author_typography_text_transform":"uppercase","category_color":"#FFFFFF","category_background_background":"classic","category_background_color":"#8134AF","category_padding":{"unit":"px","top":"6","right":"12","bottom":"6","left":"12","isLinked":false},"category_spacing":{"unit":"px","size":15,"sizes":[]},"category_typography_typography":"custom","category_typography_font_family":"Red Hat Display","category_typography_font_size":{"unit":"px","size":12,"sizes":[]},"category_typography_font_weight":"600","category_typography_text_transform":"uppercase","dots_color":"#FFFFFF","active_dot_color":"#FFFFFF","dots_border_radius":{"unit":"px","top":"0","right":"0","bottom":"0","left":"0","isLinked":false},"dots_width_size":{"unit":"px","size":40,"sizes":[]},"dots_height_size":{"unit":"px","size":5,"sizes":[]},"dots_nnx_position":{"unit":"px","size":40,"sizes":[]},"dots_nny_position":{"unit":"px","size":0,"sizes":[]},"posts_post_type":"post","columns_tablet":"1","default_item_height_tablet":{"unit":"px","size":600,"sizes":[]},"default_item_height_mobile":{"unit":"px","size":400,"sizes":[]},"content_padding_mobile":{"unit":"px","top":"20","right":"20","bottom":"20","left":"20","isLinked":true},"title_typography_font_size_mobile":{"unit":"px","size":24,"sizes":[]},"title_border_radius":{"unit":"px","top":"5","right":"5","bottom":"5","left":"5","isLinked":true},"title_border_radius_mobile":{"unit":"px","top":"4","right":"4","bottom":"4","left":"4","isLinked":true},"author_typography_font_size_mobile":{"unit":"px","size":8,"sizes":[]},"meta_separator":"-","ep_display_conditions":[],"ep_parallax_effects_transition_for":"all","ep_parallax_effects_transition_duration":"100","ep_parallax_effects_transition_easing":"linear"},"elements":[],"isInner":false,"widgetType":"upk-hazel-carousel","elType":"widget"},{"id":"7b111d47","settings":{"layout_style":"list","list_columns":"1","show_author_description":"","show_author_link":"","item_limit":{"unit":"px","size":5,"sizes":[]},"content_padding":{"unit":"px","top":"0","right":"0","bottom":"0","left":"0","isLinked":true},"item_border_width":{"unit":"px","top":"0","right":"0","bottom":"1","left":"0","isLinked":false},"item_border_color":"#8134AF24","item_border_radius":{"unit":"px","top":"0","right":"0","bottom":"0","left":"0","isLinked":false},"item_padding":{"unit":"px","top":"20","right":"20","bottom":"20","left":"20","isLinked":true},"name_hover_color":"#8134AF","name_typography_typography":"custom","name_typography_font_family":"Red Hat Display","name_typography_font_size":{"unit":"px","size":18,"sizes":[]},"name_typography_font_weight":"600","role_typography_typography":"custom","role_typography_font_family":"Red Hat Display","role_typography_font_size":{"unit":"px","size":15,"sizes":[]},"role_typography_font_weight":"400","post_count_color":"#8134AF","post_count_border_color":"#8134AF4F","post_count_padding":{"unit":"px","top":"6","right":"6","bottom":"6","left":"6","isLinked":true},"post_count_typography_typography":"custom","post_count_typography_font_family":"Red Hat Display","post_count_typography_font_size":{"unit":"px","size":14,"sizes":[]},"post_count_typography_font_weight":"300","_padding":{"unit":"px","top":"10","right":"30","bottom":"0","left":"30","isLinked":false},"_background_background":"classic","_background_color":"#FFFFFF","posts_post_type":"post","ep_display_conditions":[],"ep_parallax_effects_transition_for":"all","ep_parallax_effects_transition_duration":"100","ep_parallax_effects_transition_easing":"linear","list_columns_tablet":"1","_element_width":"initial","_element_custom_width":{"unit":"%","size":38,"sizes":[]},"_element_custom_width_tablet":{"unit":"%","size":100,"sizes":[]},"_element_custom_width_mobile":{"unit":"%","size":"","sizes":[]}},"elements":[],"isInner":false,"widgetType":"upk-author","elType":"widget"}],"isInner":false,"elType":"container"},{"id":"69e80446","settings":{"boxed_width":{"unit":"px","size":1200,"sizes":[]},"padding_tablet":{"unit":"px","top":"50","right":"30","bottom":"0","left":"30","isLinked":false},"padding_mobile":{"unit":"px","top":"50","right":"15","bottom":"50","left":"15","isLinked":false},"padding":{"unit":"px","top":"120","right":"30","bottom":"120","left":"30","isLinked":false},"upk_mc_item_list":[],"section_parallax_elements":[],"ep_display_conditions":[],"ep_parallax_effects_transition_for":"all","ep_parallax_effects_transition_duration":"100","ep_parallax_effects_transition_easing":"linear","flex_align_items":"stretch","flex_gap":{"size":10,"column":"10","row":"10","unit":"px","isLinked":true},"_title":"Most Popular Sports"},"elements":[{"id":"5f687290","settings":{"title":"Most Popular Sports","title_color":"#000000","typography_typography":"custom","typography_font_family":"Red Hat Display","typography_font_size":{"unit":"px","size":28,"sizes":[]},"typography_font_weight":"600","_padding":{"unit":"px","top":"0","right":"0","bottom":"20","left":"0","isLinked":false},"_border_width":{"unit":"px","top":"0","right":"0","bottom":"1","left":"0","isLinked":false},"_border_color":"#DEDEDE","typography_font_size_mobile":{"unit":"px","size":24,"sizes":[]},"typography_letter_spacing":{"unit":"px","size":1.6,"sizes":[]},"ep_display_conditions":[],"ep_parallax_effects_transition_for":"all","ep_parallax_effects_transition_duration":"100","ep_parallax_effects_transition_easing":"linear"},"elements":[],"isInner":false,"widgetType":"heading","elType":"widget"},{"id":"26080db5","settings":{"style":"x_tribal","width":{"unit":"%","size":10,"sizes":[]},"text":"Divider","color":"#8134AF","pattern_height":{"unit":"px","size":15,"sizes":[]},"gap":{"unit":"px","size":0,"sizes":[]},"_margin":{"unit":"px","top":"-20","right":"0","bottom":"0","left":"0","isLinked":false},"ep_display_conditions":[],"ep_parallax_effects_transition_for":"all","ep_parallax_effects_transition_duration":"100","ep_parallax_effects_transition_easing":"linear"},"elements":[],"isInner":false,"widgetType":"divider","elType":"widget"},{"id":"225d2fe3","settings":{"column_gap":{"unit":"px","size":30,"sizes":[]},"default_image_height":{"unit":"px","size":400,"sizes":[]},"primary_thumbnail_size":"full","item_limit":{"unit":"px","size":3,"sizes":[]},"posts_include_by":["terms"],"posts_include_term_ids":["92"],"content_padding":{"unit":"px","top":"40","right":"0","bottom":"40","left":"0","isLinked":false},"itam_background_background":"classic","title_color":"#000000","title_hover_color":"#8134AF","title_typography_typography":"custom","title_typography_font_family":"Red Hat Display","title_typography_font_size":{"unit":"px","size":24,"sizes":[]},"title_background_background":"classic","text_typography_typography":"custom","text_typography_font_family":"Red Hat Display","text_typography_font_size":{"unit":"px","size":16,"sizes":[]},"text_typography_font_weight":"500","author_border_radius":{"unit":"px","top":"0","right":"0","bottom":"0","left":"0","isLinked":true},"author_name_hover_color":"#8134AF","author_name_typography_typography":"custom","author_name_typography_font_family":"Red Hat Display","author_name_typography_font_size":{"unit":"px","size":16,"sizes":[]},"author_name_typography_font_weight":"500","author_name_typography_text_transform":"uppercase","author_role_typography_typography":"custom","author_role_typography_font_family":"Red Hat Display","author_role_typography_font_size":{"unit":"px","size":14,"sizes":[]},"author_role_typography_font_weight":"400","category_date_color":"#FFFFFF","category_date_typography_typography":"custom","category_date_typography_font_family":"Red Hat Display","category_date_typography_font_size":{"unit":"px","size":15,"sizes":[]},"category_background_background":"classic","category_border_radius":{"unit":"px","top":"0","right":"0","bottom":"0","left":"0","isLinked":false},"category_typography_typography":"custom","category_typography_font_family":"Red Hat Display","category_typography_font_size":{"unit":"px","size":12,"sizes":[]},"category_typography_font_weight":"500","category_hover_color":"#000000","category_hover_background_background":"classic","category_hover_background_color":"#FFBE0C","category_hover_border_color":"#FFBE0C","posts_post_type":"post","title_advanced_style":"yes","title_divider_color":"#8134AF","upk_in_animation_transform_origin":"center top","meta_separator":"|","ep_display_conditions":[],"ep_parallax_effects_transition_for":"all","ep_parallax_effects_transition_duration":"100","ep_parallax_effects_transition_easing":"linear"},"elements":[],"isInner":false,"widgetType":"upk-elite-grid","elType":"widget"},{"id":"7658c875","settings":{"column_gap":{"unit":"px","size":30,"sizes":[]},"primary_thumbnail_size":"full","item_limit":{"unit":"px","size":3,"sizes":[]},"posts_include_by":["terms"],"posts_include_term_ids":["92"],"readmore_text":"Read More","overlay_background":"#440D65D9","item_border_radius":{"unit":"px","top":"0","right":"0","bottom":"0","left":"0","isLinked":false},"title_color":"#FFFFFF","title_typography_typography":"custom","title_typography_font_family":"Red Hat Display","title_typography_font_size":{"unit":"px","size":24,"sizes":[]},"title_typography_font_weight":"600","text_color":"#E7E7E7","text_typography_typography":"custom","text_typography_font_family":"Red Hat Display","text_typography_font_size":{"unit":"px","size":16,"sizes":[]},"text_typography_font_weight":"500","author_hover_color":"#8134AF","author_typography_typography":"custom","author_typography_font_family":"Red Hat Display","author_typography_font_size":{"unit":"px","size":18,"sizes":[]},"author_typography_font_weight":"500","author_typography_text_transform":"uppercase","date_typography_typography":"custom","date_typography_font_family":"Red Hat Display","date_typography_font_size":{"unit":"px","size":13,"sizes":[]},"date_typography_font_weight":"400","category_date_color":"#CCCCCC","category_date_divider_color":"#8134AF","category_date_spacing":{"unit":"px","size":9,"sizes":[]},"category_date_typography_typography":"custom","category_date_typography_font_family":"Red Hat Display","category_date_typography_font_size":{"unit":"px","size":16,"sizes":[]},"category_date_typography_font_weight":"500","category_date_typography_text_transform":"uppercase","readmore_text_color":"#E1E1E1","readmore_typography_typography":"custom","readmore_typography_font_family":"Red Hat Display","readmore_typography_font_size":{"unit":"px","size":15,"sizes":[]},"readmore_typography_font_weight":"600","readmore_typography_text_transform":"uppercase","readmore_hover_text_color":"#FFFFFF","comments_color":"#D7D7D7","comments_hover_color":"#FFFFFF","comments_typography_typography":"custom","comments_typography_font_family":"Red Hat Display","comments_typography_font_size":{"unit":"px","size":16,"sizes":[]},"comments_typography_font_weight":"500","comments_typography_text_transform":"uppercase","posts_post_type":"post","overlay_background_hover":"#02010191","title_typography_font_size_mobile":{"unit":"px","size":20,"sizes":[]},"author_typography_font_size_mobile":{"unit":"px","size":12,"sizes":[]},"date_typography_font_size_mobile":{"unit":"px","size":10,"sizes":[]},"category_date_typography_font_size_mobile":{"unit":"px","size":12,"sizes":[]},"readmore_typography_font_size_mobile":{"unit":"px","size":12,"sizes":[]},"comments_typography_font_size_mobile":{"unit":"px","size":12,"sizes":[]},"upk_in_animation_transform_origin":"center top","meta_separator":"\/","ep_display_conditions":[],"ep_parallax_effects_transition_for":"all","ep_parallax_effects_transition_duration":"100","ep_parallax_effects_transition_easing":"linear"},"elements":[],"isInner":false,"widgetType":"upk-ramble-grid","elType":"widget"}],"isInner":false,"elType":"container"},{"id":"10367785","settings":{"boxed_width":{"unit":"px","size":1200,"sizes":[]},"structure":"20","padding":{"unit":"px","top":"0","right":"0","bottom":"80","left":"0","isLinked":false},"padding_tablet":{"unit":"px","top":"80","right":"30","bottom":"80","left":"30","isLinked":false},"padding_mobile":{"unit":"px","top":"0","right":"15","bottom":"50","left":"15","isLinked":false},"upk_mc_item_list":[],"section_parallax_elements":[],"ep_display_conditions":[],"ep_parallax_effects_transition_for":"all","ep_parallax_effects_transition_duration":"100","ep_parallax_effects_transition_easing":"linear","flex_direction":"row","flex_align_items":"stretch","flex_gap":{"size":30,"column":"30","row":"30","unit":"px","isLinked":true},"flex_direction_tablet":"column","_title":"Container"},"elements":[{"id":"60ba83aa","settings":{"column_gap":{"unit":"px","size":30,"sizes":[]},"primary_thumbnail_size":"full","posts_include_by":["terms"],"posts_include_term_ids":["92"],"content_padding":{"unit":"px","top":"40","right":"0","bottom":"40","left":"0","isLinked":false},"title_hover_color":"#8134AF","title_typography_typography":"custom","title_typography_font_family":"Red Hat Display","title_typography_font_size":{"unit":"px","size":20,"sizes":[]},"title_typography_font_weight":"600","title_typography_line_height":{"unit":"em","size":1.4,"sizes":[]},"text_typography_typography":"custom","text_typography_font_family":"Open Sans","text_typography_font_size":{"unit":"px","size":15,"sizes":[]},"text_typography_font_weight":"400","text_margin":{"unit":"px","top":"0","right":"0","bottom":"0","left":"0","isLinked":false},"meta_color":"#848484","meta_hover_color":"#FF3524","date_divider_color":"#FF3524","meta_typography_typography":"custom","meta_typography_font_family":"Red Hat Display","meta_typography_font_size":{"unit":"px","size":11,"sizes":[]},"meta_typography_font_weight":"400","meta_typography_text_transform":"uppercase","category_color":"#8134AF","category_border_radius":{"unit":"px","top":"0","right":"0","bottom":"0","left":"0","isLinked":false},"category_padding":{"unit":"px","top":"0","right":"0","bottom":"0","left":"0","isLinked":false},"category_margin":{"unit":"px","top":"0","right":"0","bottom":"15","left":"0","isLinked":false},"category_spacing_between":{"unit":"px","size":12,"sizes":[]},"category_typography_typography":"custom","category_typography_font_family":"Red Hat Display","category_typography_font_size":{"unit":"px","size":13,"sizes":[]},"category_typography_font_weight":"600","category_typography_text_transform":"uppercase","columns":"2","posts_post_type":"post","category_hover_color":"#000000","title_typography_font_size_mobile":{"unit":"px","size":22,"sizes":[]},"meta_separator":"|","readmore_text":"Read More","upk_in_animation_transform_origin":"center top","ep_display_conditions":[],"ep_parallax_effects_transition_for":"all","ep_parallax_effects_transition_duration":"100","ep_parallax_effects_transition_easing":"linear","_element_width":"initial","_element_custom_width":{"unit":"%","size":70,"sizes":[]},"_element_custom_width_tablet":{"unit":"%","size":100,"sizes":[]},"_element_custom_width_mobile":{"unit":"%","size":"","sizes":[]}},"elements":[],"isInner":false,"widgetType":"upk-alter-grid","elType":"widget"},{"id":"5fa5dc4e","settings":{"_column_size":50,"width":{"size":40,"unit":"%"},"width_tablet":{"size":100,"unit":"%"},"background_color":"#F6F6F6","margin":{"unit":"px","top":"0","right":"0","bottom":"0","left":"0","isLinked":true},"margin_tablet":{"unit":"px","top":"0","right":"0","bottom":"0","left":"0","isLinked":false},"margin_mobile":{"unit":"px","top":"0","right":"0","bottom":"0","left":"0","isLinked":false},"padding":{"unit":"px","top":"0","right":"0","bottom":"0","left":"0","isLinked":false},"padding_tablet":{"unit":"px","top":"0","right":"0","bottom":"0","left":"0","isLinked":false},"padding_mobile":{"unit":"px","top":"0","right":"0","bottom":"0","left":"0","isLinked":false},"ep_parallax_effects_transition_for":"all","ep_parallax_effects_transition_duration":"100","ep_parallax_effects_transition_easing":"linear","content_width":"full","upk_mc_item_list":[],"section_parallax_elements":[],"ep_display_conditions":[]},"elements":[{"id":"12444e93","settings":{"title":"Top Categories","title_color":"#000000","typography_typography":"custom","typography_font_family":"Red Hat Display","typography_font_size":{"unit":"px","size":28,"sizes":[]},"typography_font_weight":"600","_padding":{"unit":"px","top":"0","right":"0","bottom":"0","left":"0","isLinked":false},"_border_width":{"unit":"px","top":"0","right":"0","bottom":"1","left":"0","isLinked":false},"_border_color":"#DEDEDE","typography_font_size_mobile":{"unit":"px","size":24,"sizes":[]},"typography_letter_spacing":{"unit":"px","size":1.6,"sizes":[]},"ep_display_conditions":[],"ep_parallax_effects_transition_for":"all","ep_parallax_effects_transition_duration":"100","ep_parallax_effects_transition_easing":"linear"},"elements":[],"isInner":false,"widgetType":"heading","elType":"widget"},{"id":"56f5471","settings":{"style":"x_tribal","width":{"unit":"%","size":30,"sizes":[]},"text":"Divider","color":"#8134AF","pattern_height":{"unit":"px","size":15,"sizes":[]},"gap":{"unit":"px","size":0,"sizes":[]},"_margin":{"unit":"px","top":"0","right":"0","bottom":"0","left":"6","isLinked":false},"ep_display_conditions":[],"ep_parallax_effects_transition_for":"all","ep_parallax_effects_transition_duration":"100","ep_parallax_effects_transition_easing":"linear"},"elements":[],"isInner":false,"widgetType":"divider","elType":"widget"},{"id":"2119282d","settings":{"columns":"1","item_height":{"unit":"px","size":0,"sizes":[]},"single_background":"yes","item_background_background":"classic","item_background_color":"#02010100","item_padding":{"unit":"px","top":"10","right":"10","bottom":"10","left":"10","isLinked":true},"category_name_color":"#3C3C3C","category_name_color_hover":"#8134AF","category_name_typography_typography":"custom","category_name_typography_font_family":"Red Hat Display","category_name_typography_font_size":{"unit":"px","size":16,"sizes":[]},"category_name_typography_font_weight":"600","columns_tablet":"1","count_color":"#000000","count_color_hover":"#8134AF","count_border_width":{"unit":"px","top":"1","right":"1","bottom":"1","left":"1","isLinked":true},"count_border_color":"#8134AF40","count_typography_typography":"custom","count_typography_font_family":"Red Hat Display","count_typography_font_size":{"unit":"px","size":16,"sizes":[]},"count_typography_font_weight":"600","count_offset_toggle":"yes","count_vertical_offset":{"unit":"px","size":0,"sizes":[]},"_padding":{"unit":"px","top":"0","right":"0","bottom":"25","left":"0","isLinked":false},"posts_post_type":"post","column_gap":{"unit":"px","size":10,"sizes":[]},"item_border_border":"dashed","item_border_width":{"unit":"px","top":"0","right":"0","bottom":"1","left":"0","isLinked":false},"item_border_color":"#C2C2C2","ep_display_conditions":[],"ep_parallax_effects_transition_for":"all","ep_parallax_effects_transition_duration":"100","ep_parallax_effects_transition_easing":"linear"},"elements":[],"isInner":false,"widgetType":"upk-post-category","elType":"widget"},{"id":"2b38d619","settings":{"primary_thumbnail_size":"full","meta_separator":"\/\/","item_padding_tablet":{"unit":"px","size":15,"sizes":[]},"item_padding_mobile":{"unit":"px","size":25,"sizes":[]},"item_image_border_width":{"unit":"px","top":"4","right":"4","bottom":"4","left":"4","isLinked":true},"item_image_border_color":"#FF845E","title_typography_typography":"custom","title_typography_font_size":{"unit":"px","size":20,"sizes":[]},"title_typography_font_size_tablet":{"unit":"px","size":16,"sizes":[]},"title_typography_font_size_mobile":{"unit":"px","size":15,"sizes":[]},"meta_typography_typography":"custom","meta_typography_font_size":{"unit":"px","size":13,"sizes":[]},"meta_typography_font_size_tablet":{"unit":"px","size":11,"sizes":[]},"category_typography_typography":"custom","category_typography_font_size_tablet":{"unit":"px","size":11,"sizes":[]},"counter_number_color":"#000000","counter_number_background_background":"classic","counter_number_background_color":"#FFFFFF00","counter_number_size":{"unit":"px","size":27,"sizes":[]},"counter_number_size_tablet":{"unit":"px","size":25,"sizes":[]},"counter_number_typography_typography":"custom","counter_number_typography_font_size":{"unit":"px","size":32,"sizes":[]},"counter_number_typography_font_size_tablet":{"unit":"px","size":24,"sizes":[]},"_box_shadow_box_shadow":{"horizontal":0,"vertical":10,"blur":50,"spread":0,"color":"rgba(0, 0, 0, 0.05)"},"title_hover_color":"#8134AF","title_featured_hover_color":"#8134AF","category_style_color":"#8134AF","counter_number_border_width":{"unit":"px","top":"2","right":"2","bottom":"2","left":"2","isLinked":true},"counter_number_border_color":"#E00A0A","counter_number_border_radius":{"unit":"px","top":"4","right":"4","bottom":"4","left":"4","isLinked":true},"is_replaced_deprecated_query":"yes","posts_include_by":["terms"],"posts_include_term_ids":["92"],"item_padding":{"unit":"px","top":"20","right":"50","bottom":"20","left":"20","isLinked":false},"title_style":"middle-overline","title_typography_font_family":"Red Hat Display","title_typography_font_weight":"600","meta_color":"#0A0A0ABD","meta_featured_color":"#BCBCBC","meta_typography_font_family":"Red Hat Display","meta_typography_font_weight":"400","meta_typography_text_transform":"uppercase","category_featured_color":"#FFFFFFD4","category_hover_color":"#8134AF","category_featured_color_hover":"#FFFFFF","counter_number_typography_font_family":"Red Hat Display","_padding":{"unit":"px","top":"0","right":"0","bottom":"0","left":"0","isLinked":false},"item_image_border_radius":{"unit":"px","top":"0","right":"0","bottom":"0","left":"0","isLinked":false},"title_typography_line_height":{"unit":"em","size":1.4,"sizes":[]},"category_padding":{"unit":"px","top":"0","right":"0","bottom":"0","left":"0","isLinked":false},"category_spacing":{"unit":"px","size":20,"sizes":[]},"category_typography_font_family":"Red Hat Display","category_typography_font_size":{"unit":"px","size":13,"sizes":[]},"category_typography_font_weight":"500","category_typography_text_transform":"uppercase","counter_number_typography_font_weight":"500","_margin_tablet":{"unit":"px","top":"0","right":"0","bottom":"0","left":"0","isLinked":false},"_padding_tablet":{"unit":"px","top":"0","right":"0","bottom":"0","left":"0","isLinked":false},"posts_post_type":"post","featured_counter_number_color":"#FFFFFF","upk_in_animation_transform_origin":"center top","ep_display_conditions":[],"ep_parallax_effects_transition_for":"all","ep_parallax_effects_transition_duration":"100","ep_parallax_effects_transition_easing":"linear"},"elements":[],"isInner":false,"widgetType":"upk-featured-list","elType":"widget"},{"id":"4fe0f327","settings":{"_column_size":100,"width":{"size":null,"unit":"%"},"width_tablet":{"size":100,"unit":"%"},"background_background":"classic","background_color":"#000000","margin":{"unit":"px","top":"0","right":"0","bottom":"0","left":"0","isLinked":true},"margin_tablet":{"unit":"px","top":"0","right":"0","bottom":"0","left":"0","isLinked":false},"margin_mobile":{"unit":"px","top":"0","right":"0","bottom":"0","left":"0","isLinked":false},"padding":{"unit":"px","top":"60","right":"60","bottom":"60","left":"60","isLinked":true},"padding_tablet":{"unit":"px","top":"30","right":"30","bottom":"30","left":"30","isLinked":true},"padding_mobile":{"unit":"px","top":"40","right":"15","bottom":"40","left":"15","isLinked":false},"ep_parallax_effects_transition_for":"all","ep_parallax_effects_transition_duration":"100","ep_parallax_effects_transition_easing":"linear","content_width":"full","upk_mc_item_list":[],"section_parallax_elements":[],"ep_display_conditions":[]},"elements":[{"id":"3332af8d","settings":{"title":"Most Popular Sports","title_color":"#FFFFFF","typography_typography":"custom","typography_font_family":"Red Hat Display","typography_font_size":{"unit":"px","size":28,"sizes":[]},"typography_font_weight":"600","_padding":{"unit":"px","top":"0","right":"0","bottom":"0","left":"0","isLinked":false},"_border_width":{"unit":"px","top":"0","right":"0","bottom":"1","left":"0","isLinked":false},"_border_color":"#DEDEDE","typography_font_size_mobile":{"unit":"px","size":24,"sizes":[]},"typography_letter_spacing":{"unit":"px","size":1.6,"sizes":[]},"align":"center","ep_display_conditions":[],"ep_parallax_effects_transition_for":"all","ep_parallax_effects_transition_duration":"100","ep_parallax_effects_transition_easing":"linear"},"elements":[],"isInner":false,"widgetType":"heading","elType":"widget"},{"id":"62bcad8e","settings":{"email_field_placeholder":"Enter Your Email","button_text":"Subscribe","placeholder_typography_typography":"custom","placeholder_typography_font_family":"Red Hat Display","placeholder_typography_font_size":{"unit":"px","size":15,"sizes":[]},"placeholder_typography_font_weight":"500","align":"center","fullwidth_input":"yes","fullwidth_button":"yes","before_icon_color":"#FFFFFF","before_icon_background_background":"classic","before_icon_background_color":"#FF7043","before_icon_border_width":{"unit":"px","top":"1","right":"0","bottom":"1","left":"1","isLinked":false},"before_icon_border_color":"#8DD438","before_icon_radius":{"unit":"px","top":"0","right":"0","bottom":"0","left":"0","isLinked":false},"before_icon_padding":{"unit":"px","top":"18","right":"15","bottom":"18","left":"15","isLinked":false},"before_icon_margin":{"unit":"px","top":"0","right":"0","bottom":"0","left":"0","isLinked":false},"before_icon_hover_color":"#FFFFFF","before_icon_hover_background_background":"classic","before_icon_hover_background_color":"#8DD438","before_icon_hover_border_color":"#8DD438","input_placeholder_color":"#8134AF","input_color":"#000000","input_background_background":"classic","input_background_color":"#FFFFFF","input_border_width":{"unit":"px","top":"1","right":"1","bottom":"1","left":"1","isLinked":true},"input_border_color":"#F62F2F","input_radius":{"unit":"px","top":"0","right":"0","bottom":"0","left":"0","isLinked":false},"input_padding":{"unit":"px","top":"26","right":"30","bottom":"26","left":"30","isLinked":false},"input_padding_mobile":{"unit":"px","top":"23","right":"15","bottom":"23","left":"15","isLinked":false},"input_margin":{"unit":"px","top":"20","right":"0","bottom":"20","left":"0","isLinked":false},"input_margin_mobile":{"unit":"px","top":"0","right":"0","bottom":"20","left":"0","isLinked":false},"input_shadow_box_shadow":{"horizontal":0,"vertical":5,"blur":20,"spread":0,"color":"rgba(0, 0, 0, 0.07)"},"placeholder_typography_font_size_mobile":{"unit":"px","size":13,"sizes":[]},"button_text_color":"#FFFFFF","button_background_color_background":"classic","button_background_color_color":"#8134AF","button_border_width":{"unit":"px","top":"1","right":"1","bottom":"1","left":"1","isLinked":true},"button_border_color":"#8DD438","button_radius":{"unit":"px","top":"0","right":"0","bottom":"0","left":"0","isLinked":false},"button_text_padding":{"unit":"px","top":"6","right":"30","bottom":"6","left":"30","isLinked":false},"button_text_padding_mobile":{"unit":"px","top":"2","right":"20","bottom":"2","left":"20","isLinked":false},"button_typography_typography":"custom","button_typography_font_family":"Red Hat Display","button_typography_font_size":{"unit":"px","size":18,"sizes":[]},"button_typography_font_size_mobile":{"unit":"px","size":12,"sizes":[]},"button_typography_font_weight":"500","hover_color":"#FFFFFF","button_background_hover_color_background":"classic","button_background_hover_color_color":"#5A1981","button_hover_border_color":"#8DD438","before_text_color":"#FF3524","before_text_spacing":{"unit":"px","size":10,"sizes":[]},"before_text_typography_typography":"custom","before_text_typography_font_family":"Poppins","before_text_typography_font_size":{"unit":"px","size":20,"sizes":[]},"before_text_typography_font_size_mobile":{"unit":"px","size":16,"sizes":[]},"before_text_typography_font_weight":"500","fname_field_placeholder":"Name ","input_focus_border_color":"#E00A0A","button_typography_text_transform":"uppercase","button_typography_letter_spacing":{"unit":"px","size":1.6,"sizes":[]},"show_fname":"yes","ep_display_conditions":[],"ep_parallax_effects_transition_for":"all","ep_parallax_effects_transition_duration":"100","ep_parallax_effects_transition_easing":"linear"},"elements":[],"isInner":false,"widgetType":"upk-newsletter","elType":"widget"}],"isInner":true,"elType":"container"}],"isInner":true,"elType":"container"}],"isInner":false,"elType":"container"},{"id":"69bd624c","settings":{"structure":"40","background_background":"classic","background_color":"#F6F6F6","padding":{"unit":"px","top":"100","right":"30","bottom":"50","left":"30","isLinked":false},"padding_tablet":{"unit":"px","top":"50","right":"30","bottom":"50","left":"30","isLinked":false},"padding_mobile":{"unit":"px","top":"50","right":"15","bottom":"50","left":"15","isLinked":false},"boxed_width":{"unit":"px","size":1200,"sizes":[]},"upk_mc_item_list":[],"section_parallax_elements":[],"ep_display_conditions":[],"ep_parallax_effects_transition_for":"all","ep_parallax_effects_transition_duration":"100","ep_parallax_effects_transition_easing":"linear","flex_direction":"row","flex_align_items":"stretch","flex_gap":{"size":10,"column":"10","row":"10","unit":"px","isLinked":true},"_title":"Footer","background_image":{"id":"42684","url":"http:\/\/sohan-test-website-vxfgpk.flywp.xyz\/wp-content\/uploads\/2025\/09\/travel_06.jpg"},"background_position":"top center","background_repeat":"no-repeat","background_size":"cover","background_overlay_background":"classic","background_overlay_color":"#201313","background_overlay_opacity":{"unit":"px","size":0.85,"sizes":[]},"flex_gap_mobile":{"column":"30","row":"30","isLinked":true,"unit":"px","size":30}},"elements":[{"id":"62e12c7","settings":{"_column_size":25,"width":{"size":null,"unit":"%"},"width_tablet":{"size":50,"unit":"%"},"ep_parallax_effects_transition_for":"all","ep_parallax_effects_transition_duration":"100","ep_parallax_effects_transition_easing":"linear","content_width":"full","upk_mc_item_list":[],"section_parallax_elements":[],"ep_display_conditions":[],"margin_mobile":{"unit":"px","top":"0","right":"0","bottom":"0","left":"0","isLinked":false},"padding_mobile":{"unit":"px","top":"0","right":"0","bottom":"0","left":"0","isLinked":false}},"elements":[{"id":"6298ae13","settings":{"image":{"id":42707,"url":"http:\/\/sohan-test-website-vxfgpk.flywp.xyz\/wp-content\/uploads\/2025\/09\/Newsly-\u2013-Quick-bites.-Big-stories.png"},"align":"left","ep_display_conditions":[],"ep_parallax_effects_transition_for":"all","ep_parallax_effects_transition_duration":"100","ep_parallax_effects_transition_easing":"linear"},"elements":[],"isInner":false,"widgetType":"image","elType":"widget"},{"id":"c747847","settings":{"text_color":"#FFFFFFB3","typography_typography":"custom","typography_font_family":"Nunito","typography_font_size":{"unit":"px","size":16,"sizes":[]},"typography_font_weight":"400","ep_display_conditions":[],"ep_parallax_effects_transition_for":"all","ep_parallax_effects_transition_duration":"100","ep_parallax_effects_transition_easing":"linear","editor":"<p>Newsly is a vibrant culinary blog that celebrates the art of cooking and the stories behind every dish. From unique recipes to heartfelt food journeys, it brings together flavor, passion, and inspiration for food lovers everywhere.<\/p>","typography_line_height":{"unit":"em","size":1.6,"sizes":[]}},"elements":[],"isInner":false,"widgetType":"text-editor","elType":"widget"}],"isInner":true,"elType":"container"},{"id":"287d2b32","settings":{"_column_size":25,"width":{"size":null,"unit":"%"},"width_tablet":{"size":50,"unit":"%"},"ep_parallax_effects_transition_for":"all","ep_parallax_effects_transition_duration":"100","ep_parallax_effects_transition_easing":"linear","content_width":"full","upk_mc_item_list":[],"section_parallax_elements":[],"ep_display_conditions":[],"margin_mobile":{"unit":"px","top":"0","right":"0","bottom":"0","left":"0","isLinked":false},"padding_mobile":{"unit":"px","top":"0","right":"0","bottom":"0","left":"0","isLinked":false}},"elements":[{"id":"f5d5aee","settings":{"title":"Categories","title_color":"#FFFFFF","typography_typography":"custom","typography_font_family":"Nunito","typography_font_size":{"unit":"px","size":20,"sizes":[]},"typography_font_weight":"700","_padding":{"unit":"px","top":"0","right":"0","bottom":"10","left":"50","isLinked":false},"_border_width":{"unit":"px","top":"0","right":"0","bottom":"1","left":"0","isLinked":false},"_border_color":"#DDDDDD9C","ep_display_conditions":[],"ep_parallax_effects_transition_for":"all","ep_parallax_effects_transition_duration":"100","ep_parallax_effects_transition_easing":"linear","typography_font_size_tablet":{"unit":"px","size":19,"sizes":[]},"_padding_mobile":{"unit":"px","top":"0","right":"0","bottom":"0","left":"0","isLinked":true}},"elements":[],"isInner":false,"widgetType":"heading","elType":"widget"},{"id":"183a681c","settings":{"columns":"1","item_height":{"unit":"px","size":0,"sizes":[]},"show_count":"","item_limit":{"unit":"px","size":5,"sizes":[]},"single_background":"yes","item_background_background":"classic","item_background_color":"#EBA4A400","item_padding":{"unit":"px","top":"10","right":"0","bottom":"0","left":"0","isLinked":false},"category_name_color":"#FFFFFFB3","category_name_color_hover":"#FFFFFF","category_name_typography_typography":"custom","category_name_typography_font_family":"Red Hat Display","category_name_typography_font_size":{"unit":"px","size":16,"sizes":[]},"category_name_typography_font_weight":"400","columns_tablet":"1","posts_post_type":"post","ep_display_conditions":[],"ep_parallax_effects_transition_for":"all","ep_parallax_effects_transition_duration":"100","ep_parallax_effects_transition_easing":"linear","column_gap":{"unit":"px","size":5,"sizes":[]},"_padding":{"unit":"px","top":"0","right":"0","bottom":"0","left":"50","isLinked":false},"_padding_mobile":{"unit":"px","top":"0","right":"0","bottom":"0","left":"0","isLinked":true}},"elements":[],"isInner":false,"widgetType":"upk-post-category","elType":"widget"}],"isInner":true,"elType":"container"},{"id":"5a3a96a5","settings":{"_column_size":25,"width":{"size":null,"unit":"%"},"width_tablet":{"size":50,"unit":"%"},"ep_parallax_effects_transition_for":"all","ep_parallax_effects_transition_duration":"100","ep_parallax_effects_transition_easing":"linear","content_width":"full","upk_mc_item_list":[],"section_parallax_elements":[],"ep_display_conditions":[],"hide_tablet":"hidden-tablet","margin_mobile":{"unit":"px","top":"0","right":"0","bottom":"0","left":"0","isLinked":false},"padding_mobile":{"unit":"px","top":"0","right":"0","bottom":"0","left":"0","isLinked":false}},"elements":[{"id":"75cfe09f","settings":{"title":"Browse By Tag","title_color":"#FFFFFF","typography_typography":"custom","typography_font_family":"Nunito","typography_font_size":{"unit":"px","size":20,"sizes":[]},"typography_font_weight":"700","_padding":{"unit":"px","top":"0","right":"0","bottom":"10","left":"0","isLinked":false},"_border_width":{"unit":"px","top":"0","right":"0","bottom":"1","left":"0","isLinked":false},"_border_color":"#DDDDDD9C","ep_display_conditions":[],"ep_parallax_effects_transition_for":"all","ep_parallax_effects_transition_duration":"100","ep_parallax_effects_transition_easing":"linear","typography_font_size_tablet":{"unit":"px","size":19,"sizes":[]}},"elements":[],"isInner":false,"widgetType":"heading","elType":"widget"},{"id":"6b907477","settings":{"columns":"1","item_height":{"unit":"px","size":0,"sizes":[]},"show_count":"","item_limit":{"unit":"px","size":5,"sizes":[]},"single_background":"yes","item_background_background":"classic","item_background_color":"#EBA4A400","item_padding":{"unit":"px","top":"10","right":"0","bottom":"0","left":"0","isLinked":false},"category_name_color":"#FFFFFFB3","category_name_color_hover":"#FFFFFF","category_name_typography_typography":"custom","category_name_typography_font_family":"Red Hat Display","category_name_typography_font_size":{"unit":"px","size":16,"sizes":[]},"category_name_typography_font_weight":"400","columns_tablet":"1","posts_post_type":"post","ep_display_conditions":[],"ep_parallax_effects_transition_for":"all","ep_parallax_effects_transition_duration":"100","ep_parallax_effects_transition_easing":"linear","column_gap":{"unit":"px","size":5,"sizes":[]},"_padding":{"unit":"px","top":"0","right":"0","bottom":"0","left":"0","isLinked":false},"_padding_mobile":{"unit":"px","top":"0","right":"0","bottom":"0","left":"0","isLinked":true}},"elements":[],"isInner":false,"widgetType":"upk-post-category","elType":"widget"}],"isInner":true,"elType":"container"},{"id":"740bbcfe","settings":{"_column_size":25,"width":{"size":null,"unit":"%"},"width_tablet":{"size":50,"unit":"%"},"ep_parallax_effects_transition_for":"all","ep_parallax_effects_transition_duration":"100","ep_parallax_effects_transition_easing":"linear","content_width":"full","upk_mc_item_list":[],"section_parallax_elements":[],"ep_display_conditions":[],"margin_mobile":{"unit":"px","top":"0","right":"0","bottom":"0","left":"0","isLinked":false},"padding_mobile":{"unit":"px","top":"0","right":"0","bottom":"0","left":"0","isLinked":false}},"elements":[{"id":"6368e314","settings":{"title":"About","title_color":"#FFFFFF","typography_typography":"custom","typography_font_family":"Nunito","typography_font_size":{"unit":"px","size":20,"sizes":[]},"typography_font_weight":"700","_padding":{"unit":"px","top":"0","right":"0","bottom":"10","left":"0","isLinked":false},"_border_width":{"unit":"px","top":"0","right":"0","bottom":"1","left":"0","isLinked":false},"_border_color":"#DDDDDD9C","ep_display_conditions":[],"ep_parallax_effects_transition_for":"all","ep_parallax_effects_transition_duration":"100","ep_parallax_effects_transition_easing":"linear","typography_font_size_tablet":{"unit":"px","size":19,"sizes":[]}},"elements":[],"isInner":false,"widgetType":"heading","elType":"widget"},{"id":"544a8dc3","settings":{"editor":"<p>Newsly is a culinary journey where flavor meets passion.<\/p><p>From traditional family recipes to modern kitchen experiments, it brings you not just dishes but the heartfelt stories behind them.<\/p>","text_color":"#FFFFFFB3","typography_typography":"custom","typography_font_family":"Nunito","typography_font_size":{"unit":"px","size":16,"sizes":[]},"typography_font_weight":"400","ep_display_conditions":[],"ep_parallax_effects_transition_for":"all","ep_parallax_effects_transition_duration":"100","ep_parallax_effects_transition_easing":"linear","typography_line_height":{"unit":"em","size":1.6,"sizes":[]}},"elements":[],"isInner":false,"widgetType":"text-editor","elType":"widget"}],"isInner":true,"elType":"container"}],"isInner":false,"elType":"container"},{"id":"35199bf3","settings":{"flex_direction":"column","background_background":"classic","background_color":"#201313","upk_mc_item_list":[],"section_parallax_elements":[],"ep_display_conditions":[]},"elements":[{"id":"b9b7078","settings":{"editor":"<p>Copyright \u00a9 2025<a href=\"http:\/\/www.bdthemes.com\"><span style=\"color: #24b74d;\"> BdThemes.<\/span><\/a> All Rights Reserved.<\/p>","align":"center","typography_typography":"custom","typography_font_family":"Nunito","typography_font_size":{"unit":"px","size":14,"sizes":[]},"typography_font_weight":"300","paragraph_spacing":{"unit":"px","size":0,"sizes":[]},"text_color":"#FFFFFF","_padding":{"unit":"px","top":"5","right":"5","bottom":"5","left":"5","isLinked":true},"ep_display_conditions":[],"ep_parallax_effects_transition_for":"all","ep_parallax_effects_transition_duration":"100","ep_parallax_effects_transition_easing":"linear"},"elements":[],"isInner":false,"widgetType":"text-editor","elType":"widget"}],"isInner":false,"elType":"container"}],"settings":{"template":"elementor_canvas"},"metadata":[]}